slug,template,surfaces,terms,subject,text
"mccready-drive-milton","standard","sec:about","I13 infill/builder-history","street/area","The street takes its name from the family that farmed this part of Halton County long before subdivision plans arrived, and McCready Park carries it still."
"mccready-drive-milton","standard","sec:about","I3 newer","street/area","For anyone learning the town's geography, McCready Drive belongs to the newer northern half of Milton, where the street pattern is deliberate and the lots were laid out with intention."
"hill-street-milton","standard","sec:about","I5 built-out","street/area","The street is quiet and largely built out, with the kind of low traffic that comes from a layout serving local addresses rather than through movement."
"hadley-woods-terrace-milton","standard","sec:market","I1 established","street/area","Streets in established pockets of Milton often go a full year without a listing changing hands, and a terrace with a small number of homes will do so more readily than a longer street with a broader mix."
"hadley-woods-terrace-milton","standard","faq","I1 established","street/area","Hadley Woods Terrace is an established terrace street within the Dempsey area of Milton."
"calla-point-milton","standard","sec:about","I1 established; I2 mature; I11 growth-history","street/area","Walker itself is a mature, established part of Milton, with tree-lined streets and a mix of housing that has grown over the years."
"calla-point-milton","standard","sec:homes","I1 established","street/area","For those considering this pocket, the townhome format offers a straightforward entry into a well-established part of Milton."
"calla-point-milton","standard","sec:market","I1 established","street/area","The typical trade pattern here is one of low turnover and occasional activity, a profile consistent with an established street where units change hands infrequently."
"calla-point-milton","standard","sec:differentPriorities","I1 established; I2 mature; I3 newer; I6 construction-state; I7 older","street/area","For those who want a more established setting with mature trees, older pockets of Milton may appeal, while newer subdivisions still maturing offer a different character."
"calla-point-milton","standard","faq","I1 established; I3 newer; I7 older","elsewhere","Buyers weighing alternatives might also consider older or newer subdivisions elsewhere in Milton, depending on whether they prioritize established landscaping or newer construction."
"mendelson-heights-milton","standard","faq","I1 established; I4 new-build; I6 construction-state; I14 build-activity","street/area","The street is established, with detached homes and no active new-build activity in the recent record."
"nairn-circle-milton","standard","hero ld-place sec:about","I1 established","street/area","Nairn Circle is a quiet, short loop in the Scott neighbourhood of Milton, a residential pocket that sits comfortably within the city's established grid."
"nairn-circle-milton","standard","sec:market","I1 established","street/area","The street itself holds a small inventory of detached and semi-detached homes, each representing an established residential choice rather than a phase turnover or active market segment."
"old-tremaine-road-milton","standard","sec:about","I5 built-out","street/area","It sits beyond the built-up subdivisions, in a stretch where lots are larger and the rhythm is slower than in the town's core."
"heaven-crescent-milton","standard","sec:about","I1 established","street/area","The Ford neighbourhood is one of Milton's established residential areas, with a mix of housing types and a network of local amenities that serve daily needs."
"heaven-crescent-milton","standard","sec:market","I1 established","street/area","The crescent sits within the Ford area of Milton, a residential pocket with a mix of housing forms, and its position near Bronson Park and local schools anchors it in a settled, established part of town."
"argall-court-milton","standard","faq","I1 established; I4 new-build","street/area","The street reads as established rather than new construction, with detached homes forming its recorded stock."
"argall-court-milton","standard","faq","I6 construction-state","street/area","There is no active building presence on the court."
"argall-court-milton","standard","faq","I4 new-build","street/area","Any new-build question would be better directed to the wider Ford area."
"manitou-way-milton","standard","faq","I1 established; I4 new-build","street/area","The street reads as established rather than new construction."
"holland-heights-milton","standard","sec:about","I2 mature","street/area","The street runs through a pocket of townhomes, with mature trees lining the sidewalks and a calm, orderly rhythm."
"holland-heights-milton","standard","sec:market","I1 established","elsewhere","Buyers and sellers on Holland Heights should therefore look to the neighbourhood's established sales pattern rather than expect frequent local comparables."
"violet-gate-milton","standard","sec:about","I10 settled-history","street/area","For a buyer learning Milton street by street, Violet Gate reads as a small, settled address inside a larger and still-evolving neighbourhood."
"violet-gate-milton","standard","faq","I1 established","street/area","The street reads as part of that established fabric."
"poplar-road-milton","standard","sec:about","I2 mature","street/area","The street itself is quiet and low-rise, framed by the kind of mature subdivision fabric that defines this part of Timberlea: curving residential roads, green space woven between blocks, and a trail network that runs close by."
"wintergreen-place-milton","standard","sec:differentPriorities","I1 established; I2 mature; I3 newer","elsewhere","Newer developments further from the highway may offer more modern finishes, while established sections of Cobban tend to have more mature landscaping."
"wintergreen-place-milton","standard","faq","I1 established","street/area","Those seeking a shorter drive to the highway or GO station could explore streets closer to those amenities, while others may prefer the quieter feel of more established sections."
"severn-drive-milton","standard","hero ld-place sec:about","I1 established; I3 newer","street/area","Severn Drive is a residential street in Milton's Bowes area, a pocket of west Milton that sits between the town's established grid and the newer edges pushing toward the escarpment."
"elderberry-crescent-milton","standard","hero ld-place sec:about","I11 growth-history","street/area","Elderberry Crescent is a short residential curve in Milton's Cobban neighbourhood, a pocket of west Milton that has filled in steadily over the past decade."
"elderberry-crescent-milton","standard","faq","I1 established; I4 new-build; I6 construction-state; I14 build-activity","street/area","The street is established, with detached housing on record and no active new-build activity."
"20-side-road-milton","standard","faq","I1 established; I4 new-build","street/area","The street reads as established rural housing rather than a new build corridor."
"20-side-road-milton","standard","faq","I6 construction-state","street/area","There is no active construction pipeline visible along this stretch."
"esquesing-line-milton","standard","sec:about","I3 newer","street/area","The road is framed by open fields and scattered farmsteads, with newer subdivisions beginning to appear closer to the town core."
"esquesing-line-milton","standard","sec:about","I3 newer","street/area","Esquesing Line is not a typical suburban street; it retains a rural character that distinguishes it from the grid of Milton's newer communities."
"esquesing-line-milton","standard","sec:differentPriorities","I1 established","street/area","Streets deeper inside established Milton North sit closer to grocery and everyday services, trading a few minutes of driving for tighter integration into neighbourhood rhythms."
"esquesing-line-milton","standard","sec:differentPriorities","I3 newer; I9 age words","elsewhere","Newer subdivisions farther south present a different housing vintage and layout mix, often on smaller lots with more contemporary interiors."
"esquesing-line-milton","standard","faq","I5 built-out","street/area","Esquesing Line sits on Milton's northern edge, which gives it a different character from streets embedded inside the built-up parts of town."
"esquesing-line-milton","standard","faq","I3 newer; I9 age words","elsewhere","Newer subdivisions farther south offer a different build era and layout mix, and the right fit usually turns on which tradeoff, driving distance, transit access, or vintage, matters most."
"coombs-court-milton","standard","sec:about","I3 newer; I7 older","street/area","Milton's grid is a mix of these smaller courts and the longer arterial streets that connect the town's older and newer halves, and Coombs Court belongs firmly to the former."
"bishop-court-milton","standard","sec:about","I1 established","street/area","It sits within Dorset Park, framed by the established residential fabric that runs through this part of Milton."
"bishop-court-milton","standard","sec:market","I1 established; I10 settled-history","street/area","The surrounding Dorset Park area is established, with a mix of housing types and a settled street pattern rather than an active development phase."
"bishop-court-milton","standard","faq","I1 established","street/area","Bishop Court sits within Dorset Park, an established Milton neighbourhood."
"bishop-court-milton","standard","faq","I4 new-build","street/area","There is no indication of active new construction on the street itself."
"bishop-court-milton","standard","faq","I5 built-out; I9 age words","street/area","The surrounding area has been built out for some time."
"britannia-road-milton","standard","sec:about","I3 newer","street/area","It is a road of transition, with farmland and newer residential pockets sitting side by side."
"britannia-road-milton","standard","sec:differentPriorities","I3 newer","elsewhere","Newer subdivisions farther south tend to offer more uniform streetscapes, while this stretch keeps a quieter, more open feel."
"menefy-place-milton","standard","sec:about","I3 newer; I8 historic/original","street/area","For anyone trying to place Menefy Place on the map, it belongs to the newer western half of Milton, closer to the James Snow Parkway interchange than to the historic downtown."
"menefy-place-milton","standard","faq","I1 established; I4 new-build","street/area","The street reads as established rather than new build, with the surrounding Beaty fabric already in place."
"menefy-place-milton","standard","faq","I6 construction-state","street/area","There is no active construction pipeline recorded for the address."
"menefy-place-milton","standard","faq","I9 age words","street/area","Readers wanting build-era detail should look at the individual home."
"stewart-crescent-milton","standard","faq","I9 age words","street/area","The available data does not carry build-year or construction-era information for Stewart Crescent, so a firm answer is not possible."
"stewart-crescent-milton","standard","faq","I2 mature; I4 new-build","street/area","Beaty as a whole is a mature Milton neighbourhood rather than a new-build area."
"stewart-crescent-milton","standard","faq","I9 age words","street/area","Readers should confirm the specific home's vintage directly."
"temperance-crescent-milton","standard","sec:about","I5 built-out","street/area","Bowes itself is a settled, largely built-out neighbourhood, and Temperance Crescent reads as one of its quieter interior streets rather than a collector road."
"temperance-crescent-milton","standard","faq","I1 established","street/area","The street reads as established, with detached housing forming its recorded stock."
"beacham-court-milton","standard","sec:about","I1 established","street/area","Clarke itself is an established part of Milton, with the parks, schools, and retail that a full neighbourhood carries."
"beacham-court-milton","standard","sec:market","I1 established; I4 new-build","street/area","Beacham Court is a court, a short residential spur rather than a through route, and its stock is established rather than newly built."
"beacham-court-milton","standard","faq","I1 established; I4 new-build","street/area","Beacham Court is an established residential court in Clarke, not a new-build site."
"boland-crescent-milton","standard","sec:homes","I1 established","elsewhere","What the street holds is a small collection of low-rise residential addresses in the Campbellville pocket, consistent with the village's established scale rather than the denser subdivision forms found further east in Milton."
"boland-crescent-milton","standard","sec:market","I1 established","street/area","Streets that go quiet for a full window are usually established addresses where turnover is low, not new phases waiting on a price list, and the input carries nothing that would let anyone say otherwise."
"boland-crescent-milton","standard","sec:market","I3 newer; I7 older","street/area","The street sits within Campbellville, a village-scale pocket of Milton where the housing stock runs from older village homes to newer, larger builds within the same area."
"boland-crescent-milton","standard","faq","I9 age words; I10 settled-history","street/area","What can be said is that it sits within Campbellville, a long-settled part of Milton."
"3-side-road-milton","standard","faq","I1 established","street/area","The street reads as established rather than new."
"3-side-road-milton","standard","faq","I7 older","street/area","Its recorded housing stock is detached, consistent with the older Campbellville settlement pattern."
"3-side-road-milton","standard","faq","I4 new-build; I6 construction-state","street/area","There is no indication of active new-build development on the street."
"vanier-drive-milton","standard","sec:about","I2 mature","street/area","The street is a quiet loop, framed by detached homes and mature landscaping."
"vanier-drive-milton","standard","sec:differentPriorities","I1 established","street/area","Both streets sit in established areas with their own character, and the choice often comes down to whether a detached home or a townhouse better matches your plans."
"middleton-crescent-milton","standard","hero ld-place sec:about","I7 older","street/area","Middleton Crescent is a short residential crescent in Milton's Timberlea neighbourhood, a pocket of the town that sits west of the main commercial spine and north of the older village core."
"middleton-crescent-milton","standard","sec:about","I1 established; I3 newer; I8 historic/original","street/area","Timberlea itself is an established part of Milton, positioned between the town's historic centre and the newer growth pushing north and west."
"boughton-crescent-milton","standard","sec:market","I1 established","street/area","A street with this little turnover is usually an established one, held rather than cycled, and the absence of transactions says more about how infrequently homes here change hands than about any weakness in the street itself."
"boughton-crescent-milton","standard","faq","I1 established; I4 new-build","street/area","Boughton Crescent sits within Coates, an established part of Milton rather than a new-build pocket."
"boughton-crescent-milton","standard","faq","I9 age words","street/area","The street itself is a crescent of the kind built into the town's residential fabric over the past few decades."
"boughton-crescent-milton","standard","faq","I4 new-build","street/area","There is no active new-construction presence on the street."
"cunningham-court-milton","standard","faq","I3 newer","street/area","The street sits in Moffat, a rural community north of Milton's main growth areas, which places it well outside the newer subdivision belts."
"hop-place-milton","standard","sec:about","I3 newer","street/area","It sits within the town's newer residential grid, where the street pattern is compact and the addresses run close together."
"fennamore-terrace-milton","standard","faq","I1 established; I4 new-build","street/area","The street is established rather than new construction."
"fennamore-terrace-milton","standard","faq","I5 built-out; I9 age words","street/area","Its homes are detached, and the surrounding Harrison area has been built out for some time."
"septimus-heights-milton","standard","hero ld-place sec:about","I1 established; I3 newer","street/area","Septimus Heights is a quiet, residential close in Milton's Harrison neighbourhood, a pocket of the town known for its mix of newer construction and established green space."
"wakefield-road-milton","standard","hero ld-place sec:about meta","I8 historic/original","street/area","Wakefield Road is a residential street in Old Milton, the historic core of the town, where the grid tightens and the streets run short."
"wakefield-road-milton","standard","sec:about","I1 established; I4 new-build; I7 older","street/area","For anyone learning Milton's older streets, Wakefield Road reads as part of the established fabric rather than the new-build edge."
"wakefield-road-milton","standard","sec:market","I1 established","street/area","That absence is not a signal of anything in particular; it usually reflects an established street where homes simply change hands infrequently, and the honest read is that there is nothing to price against at street level."
"wakefield-road-milton","standard","faq","I1 established","street/area","Old Milton's housing stock overall leans toward established detached homes on traditional lots."
"wakefield-road-milton","standard","faq","I1 established; I2 mature","street/area","Wakefield Road sits in Old Milton, an established part of town with mature streets and traditional lot patterns."
"wakefield-road-milton","standard","faq","I4 new-build","street/area","The surrounding area is predominantly detached housing rather than new-build subdivisions."
"wakefield-road-milton","standard","faq","I6 construction-state","street/area","There is no recent construction activity recorded on the street itself."
"mcfarland-court-milton","standard","sec:about","I3 newer; I9 age words; I11 growth-history","street/area","For anyone looking to understand Milton's newer neighbourhoods, McFarland Court offers a compact example of how the town has grown outward in recent decades."
"mcfarland-court-milton","standard","sec:market","I1 established; I4 new-build","street/area","This absence of transaction data is typical for established residential courts with low turnover; it does not indicate new construction or developmental phases."
"mcfarland-court-milton","standard","sec:market","I9 age words","street/area","The street remains grounded in its residential character through the housing stock itself: the lot sizes, construction vintage, and property types that define it as a neighbourhood address."
"mcfarland-court-milton","standard","faq","I1 established; I4 new-build","street/area","McFarland Court reads as an established rural court rather than new subdivision construction."
"mae-court-milton","standard","sec:about","I2 mature","street/area","The neighbourhood feels rural, with mature trees and open skies framing the view."
"mae-court-milton","standard","sec:differentPriorities","I1 established; I2 mature; I3 newer; I6 construction-state","street/area","Newer subdivisions still maturing offer a different character, with tighter frontages but more established services nearby."
"mae-court-milton","standard","faq","I1 established","street/area","The surrounding Campbellville area sees limited turnover, reflecting its character as a low-density, established pocket."
"roper-drive-milton","standard","sec:homes","I10 settled-history","street/area","For buyers seeking a detached home in a settled Milton pocket, the street offers a consistent product in a quiet setting."
"waters-boulevard-milton","standard","sec:about","I1 established; I5 built-out","street/area","Dempsey is largely built out, so the street's frame is settled rather than changing: established parks, schools, and a grid of residential blocks that connect toward the commercial corridors along Steeles and Derry."
"glenda-jane-drive-milton","standard","sec:differentPriorities","I3 newer","elsewhere","Buyers who want walkable access to daily amenities might look toward newer subdivisions closer to the core, where schools and shops sit within a shorter drive."
"caves-court-milton","standard","hero ld-place sec:about meta","I7 older; I9 age words","street/area","Caves Court is a short residential court in Old Milton, the part of town that predates the subdivisions and still keeps a tighter street pattern around the creek and the older commercial core."
"caves-court-milton","standard","sec:market","I1 established","street/area","The street's position is its defining characteristic: a quiet court address inside an established part of Milton, close to schools, parks, and the highway corridor, with the wider neighbourhood providing the only meaningful pricing reference."
"caves-court-milton","standard","faq","I1 established; I4 new-build","street/area","Caves Court sits within Old Milton, an established part of town rather than a new-build pocket."
"caves-court-milton","standard","faq","I10 settled-history","street/area","The street itself is a court, which typically signals a settled residential layout."
"caves-court-milton","standard","faq","I4 new-build; I6 construction-state","street/area","No active new-construction activity is recorded on the street."
"wheelihan-way-milton","standard","faq","I1 established; I4 new-build; I6 construction-state","street/area","Wheelihan Way sits within Campbellville, a long-established hamlet north of the Niagara Escarpment rather than an active new-build subdivision."
"wheelihan-way-milton","standard","faq","I6 construction-state","street/area","The character reads settled, not under construction."
"slingsby-landing-milton","standard","sec:about","I1 established","street/area","The street's identity is shaped less by volume than by its position: a small residential address inside a larger, established part of town."
"slingsby-landing-milton","standard","faq","I1 established","street/area","Slingsby Landing is an established street with a small, settled housing mix of detached homes and townhouses."
"slingsby-landing-milton","standard","faq","I4 new-build; I6 construction-state","street/area","There is no active new-build program on the street."
"slingsby-landing-milton","standard","faq","I5 built-out","street/area","The surrounding Harrison area is similarly built out."
"mcphedran-point-milton","standard","faq","I1 established","street/area","The reader should treat the street as established until records say otherwise."
"cartmer-way-milton","standard","sec:about","I11 growth-history","street/area","It sits within Dempsey, a neighbourhood that has grown steadily alongside the town's broader expansion."
"savoline-boulevard-milton","standard","sec:about","I3 newer","street/area","It is a residential street of detached and semi-detached houses, laid out in the pattern typical of Milton's newer west-end subdivisions."
"stark-circle-milton","standard","sec:about","I3 newer","street/area","Beaty is a newer community, planned around walkable blocks and nearby amenities."
"livingston-road-milton","standard","sec:about","I5 built-out","street/area","Dempsey is largely a built-out residential area, and Livingston Road reflects that character: a street of houses rather than storefronts, with the everyday infrastructure of a suburban town arranged around it."
"day-terrace-milton","standard","hero ld-place sec:about","I3 newer; I7 older","street/area","Day Terrace is a short residential street in Milton's Ford neighbourhood, a pocket of west Milton that sits between the town's older core and the newer subdivisions pushing toward the escarpment."
"ridge-drive-milton","standard","hero ld-place sec:about","I10 settled-history","street/area","Ridge Drive runs through Old Milton, one of the town's earliest settled areas."
"ridge-drive-milton","standard","sec:about","I1 established","street/area","The street feels established, with wide lots and deep front yards that give it an open, unhurried character."
"ridge-drive-milton","standard","sec:homes","I12 stock-age","street/area","Many homes have been updated over the years, with renovated kitchens and bathrooms, finished basements, and replacement windows."
"ridge-drive-milton","standard","sec:homes","I8 historic/original; I9 age words; I12 stock-age","street/area","Some retain original hardwood floors and mid-century details."
"ridge-drive-milton","standard","sec:homes","I11 growth-history; I13 infill/builder-history","street/area","There is no single builder pattern; the street was developed incrementally by multiple builders."
"rose-way-milton","standard","sec:about","I3 newer","street/area","For a household measuring a move against the rest of Milton, Rose Way reads as a street inside the town's newer western fabric rather than at its edge."
"cochrane-terrace-milton","standard","sec:about","I2 mature","street/area","Willmott itself sits in the northern reaches of Milton, where mature trees line many of the roads and the grid gives way to winding crescents and closes."
"cochrane-terrace-milton","standard","sec:market","I10 settled-history","street/area","The street sits within the Willmott neighbourhood, a settled residential pocket of Milton where detached homes dominate the local stock."
"cochrane-terrace-milton","standard","sec:differentPriorities","I1 established; I3 newer; I7 older","elsewhere","Buyers exploring comparable options might weigh newer construction with tighter frontages against the established feel of older sections, where lots run deeper."
"cochrane-terrace-milton","standard","faq","I3 newer","elsewhere","Buyers weighing alternatives might consider streets with newer construction or different lot shapes, depending on their priorities."
"williams-avenue-milton","standard","hero ld-place sec:about","I10 settled-history","street/area","Williams Avenue runs through the heart of Old Milton, one of the town's earliest settled areas."
"williams-avenue-milton","standard","sec:about","I2 mature; I3 newer; I7 older","street/area","The street carries a quiet, residential character, lined with mature trees and a mix of older and newer homes."
"williams-avenue-milton","standard","sec:about","I11 growth-history","street/area","Williams Avenue offers a sense of continuity, a street that has grown alongside the town itself."
"williams-avenue-milton","standard","sec:homes","I7 older","street/area","The street's character is shaped by these standalone residences, which sit on lots typical of Old Milton's older sections."
"williams-avenue-milton","standard","sec:homes","I1 established","street/area","Trade activity is sparse, reflecting the street's established nature; homes here change hands infrequently."
"lott-crescent-milton","standard","sec:about","I1 established","street/area","Coates itself is one of Milton's established suburban quarters, framed by the green corridors and school sites that give the area its shape."
"chapman-crescent-milton","standard","hero ld-place sec:about","I7 older; I11 growth-history","street/area","Chapman Crescent is a short residential curve in the Clarke area of Milton, a pocket of the town that has filled in around the older grid rather than replacing it."
"swann-crescent-milton","standard","sec:about","I1 established; I3 newer; I7 older","street/area","Clarke itself is an established part of Milton, positioned between the town's older core and the newer growth pushing outward."
"swann-crescent-milton","standard","sec:neighbourhoodComparable","I1 established","street/area","The practical takeaway is scope: Swann Crescent is a detached street inside a neighbourhood where detached homes have a well-established trading level, and that wider level is the reference point the street's own thin activity cannot supply."
"swindale-drive-milton","standard","hero ld-place","I3 newer; I7 older","street/area","Swindale Drive is a short residential street in Milton's Scott area, a pocket of west Milton that sits between the town's older core and the newer subdivisions pushing toward the escarpment."
"swindale-drive-milton","standard","sec:market","I1 established; I3 newer","street/area","That composition places Swindale Drive in the established residential fabric of the Scott area rather than in a newer or denser pocket."
"mcginnis-crescent-milton","standard","sec:market","I1 established","street/area","A street that surfaces this seldom is usually an established one with little turnover, not a new release, and the honest read is that anyone weighing McGinnis Crescent has to price it against the wider Harrison neighbourhood rather than against anything the street itself has produced."
"mcginnis-crescent-milton","standard","faq","I1 established","street/area","McGinnis Crescent reads as established residential within the Harrison area."
"mcginnis-crescent-milton","standard","faq","I4 new-build; I6 construction-state","street/area","There is no indication of active new-build development on the street itself."
"emmett-landing-milton","standard","sec:market","I1 established","street/area","The street's position between Ford and Harrison places it within Milton's established residential fabric, close to the parks, schools, and shopping that define the area."
"tyrone-crescent-milton","standard","sec:market","I1 established","street/area","What the street does show is a settled housing form: detached homes dominate the stock, and the crescent's position within Willmott places it among established residential fabric rather than a phase still being absorbed."
"eves-gate-milton","standard","hero ld-place sec:about","I7 older; I11 growth-history","street/area","Eves Gate is a short residential street in Milton's Ford area, a pocket of the town that has filled in around the older settlement grid rather than along it."
"eves-gate-milton","standard","sec:market","I1 established","street/area","The street's market character is therefore one of low turnover in an established townhouse pocket, where the neighbourhood comparable does the pricing work that the street's own record cannot."
"eves-gate-milton","standard","faq","I1 established; I5 built-out; I6 construction-state","street/area","Eves Gate is an established street within the Ford area, with townhouse stock rather than an active build-out."
"willet-terrace-milton","standard","hero ld-place","I7 older; I11 growth-history","street/area","Willet Terrace is a short residential street in Milton's Harrison area, a pocket of the town that has filled in steadily as Milton has grown west and north of its older core."
"willet-terrace-milton","standard","faq","I1 established","street/area","Willet Terrace is an established street within Harrison, with homes that have already traded on the resale market."
"willet-terrace-milton","standard","faq","I4 new-build; I6 construction-state","street/area","There is no active new-build program on the street itself."
"willet-terrace-milton","standard","faq","I5 built-out","street/area","The surrounding area is largely built out."
"labine-point-milton","standard","sec:about","I3 newer","street/area","For anyone looking to understand Milton's newer suburban growth, this part of Cobban offers a clear example of the town's recent expansion."
"labine-point-milton","standard","sec:market","I3 newer","street/area","The street sits inside Cobban, in Milton's newer southeast quadrant, with townhouse form dominating the recorded activity."
"labine-point-milton","standard","faq","I3 newer","street/area","The stock reads as newer construction consistent with the surrounding subdivision."
"labine-point-milton","standard","faq","I1 established; I3 newer; I6 construction-state","street/area","Labine Point sits within Cobban, one of Milton's newer eastern subdivisions, and reads as recently built stock rather than an established pocket."
"labine-point-milton","standard","faq","I2 mature; I6 construction-state","street/area","The neighbourhood around it is still maturing."
"sugden-terrace-milton","standard","sec:about","I5 built-out","street/area","The surrounding neighbourhood is largely built out, so the street's position within it is settled rather than transitional."
"sugden-terrace-milton","standard","sec:about","I3 newer; I8 historic/original","street/area","For anyone mapping Milton, Sugden Terrace sits west of the town's historic core, in the newer residential belt that runs toward the escarpment."
"sugden-terrace-milton","standard","faq","I1 established; I4 new-build","street/area","The street reads as established rather than new construction."
"wrigglesworth-crescent-milton","standard","sec:about","I1 established","street/area","The street sits within the Scott area, one of the town's established residential quarters, with the wider Milton grid close at hand."
"devine-point-milton","standard","sec:about","I5 built-out","street/area","Beyond that, the surrounding grid is quiet and largely built out, with the town's western residential expansion sitting to the north and west."
"bronte-street-milton","standard","hero ld-place meta","I8 historic/original; I9 age words","street/area","Bronte Street runs through Old Milton, the historic core of the town, where the grid tightens and the streets carry names that predate the subdivisions around them."
"burrows-gate-milton","standard","hero ld-place sec:about","I1 established","street/area","Burrows Gate is a short residential street in Coates, one of the established subdivisions on Milton's western side."
"burrows-gate-milton","standard","sec:about","I5 built-out","street/area","It sits within a pocket of the town where the street grid gives way to quieter internal roads, and the surrounding blocks are largely built out."
"kendall-drive-milton","standard","hero ld-place sec:about","I3 newer; I7 older","street/area","Kendall Drive is a short residential street in Milton's Scott neighbourhood, a pocket of west Milton that sits between the town's older core and the newer subdivisions pushing toward the escarpment."
"barton-street-milton","standard","hero ld-place","I9 age words","street/area","Barton Street is a residential thread through Old Milton, the part of town that predates the subdivisions and still carries the grid of an earlier settlement."
"gordon-heights-milton","standard","sec:about","I3 newer","street/area","It is close to the western edge of the town, with the surrounding landscape giving way to open fields and newer developments."
"gordon-heights-milton","standard","sec:differentPriorities","I1 established; I2 mature","elsewhere","For buyers who want a more established feel with mature trees, other parts of Beaty offer detached homes from earlier building eras."
"guelph-line-milton","standard","sec:differentPriorities","I3 newer; I9 age words","elsewhere","Newer subdivisions further east offer a different construction era and tighter lots, while the rural character here rewards those who value space and quiet over convenience."
"guelph-line-milton","standard","faq","I3 newer","street/area","Buyers could also explore newer subdivisions closer to town, where lots are tighter but amenities are nearer."
"pickersgill-crescent-milton","standard","hero ld-place sec:about","I2 mature; I9 age words","street/area","Pickersgill Crescent is a quiet residential loop in Milton's Harrison neighbourhood, a mature pocket of the town defined by tree-lined streets and a mix of housing from several decades."
"pickersgill-crescent-milton","standard","sec:homes","I1 established","street/area","Those considering this crescent will find a quiet, established setting with the typical Harrison housing form."
"pickersgill-crescent-milton","standard","sec:market","I1 established","street/area","In short, Pickersgill Crescent is a quiet, established address where market insight comes from looking outward to Harrison rather than inward to the street itself."
"secord-court-milton","standard","sec:about","I2 mature; I9 age words; I11 growth-history","street/area","Dorset Park is a mature part of Milton, with tree-lined streets and a mix of housing that has grown up over several decades."
"secord-court-milton","standard","sec:market","I2 mature","street/area","The court itself sits within a mature residential pocket, with detached housing dominating the immediate surroundings."
"mountainview-drive-milton","standard","hero ld-place sec:about","I8 historic/original","street/area","Mountainview Drive is a residential street in Old Milton, the historic core of the town where the grid still bends around the creek rather than the other way around."
"mountainview-drive-milton","standard","sec:about","I9 age words","street/area","It is a quiet address in a part of town that predates the subdivision boom."
"tupper-drive-milton","standard","sec:about","I1 established","street/area","Clarke is one of Milton's established residential quarters, and Tupper Drive sits within it as a street of modest scale and consistent form."
"tupper-drive-milton","standard","sec:about","I10 settled-history","street/area","For a household measuring a street by what it connects to rather than what it displays, Tupper Drive reads as a practical address within a settled part of town."
"nelson-court-milton","standard","sec:about","I2 mature","street/area","The street is framed by mature trees and well-kept lawns, with a mix of detached homes that give the area a settled, residential feel."
"mcferran-crescent-milton","standard","faq","I1 established; I4 new-build; I6 construction-state; I14 build-activity","street/area","The street is part of the established Willmott neighbourhood, with no active new-build activity recorded."
"mcferran-crescent-milton","standard","faq","I6 construction-state","street/area","The housing stock is settled rather than under construction."
"reece-court-milton","standard","sec:about","I10 settled-history","street/area","Harrison itself is a settled residential district, and Reece Court reads as one of its quieter internal addresses, a street whose identity is bound up with the surrounding neighbourhood rather than with any landmark of its own."
"reece-court-milton","standard","faq","I1 established","street/area","Reece Court is an established court with detached homes and a small number of recorded sales."
"reece-court-milton","standard","faq","I4 new-build; I6 construction-state; I14 build-activity","street/area","There is no active new-build activity on the street."
"reece-court-milton","standard","faq","I5 built-out","street/area","The surrounding Harrison area is similarly built out."
"earl-crescent-milton","standard","sec:about","I1 established","street/area","Beaty itself is one of Milton's established residential districts, positioned within reasonable reach of the town's schools, parks, and shopping."
"earl-crescent-milton","standard","faq","I1 established","street/area","Earl Crescent is an established street within the Beaty area."
"paupst-place-milton","standard","sec:differentPriorities","I1 established; I2 mature; I3 newer","elsewhere","Newer subdivisions elsewhere in Milton might appeal if a more contemporary build is the priority, while established pockets with mature trees could attract those seeking a different character."
"goutouski-crescent-milton","standard","hero ld-place sec:about","I3 newer","street/area","Goutouski Crescent sits within Harrison, one of Milton's newer residential districts on the town's western edge."
"goutouski-crescent-milton","standard","sec:differentPriorities","I4 new-build; I5 built-out","street/area","Conversely, buyers weighing brand-new construction against Harrison's built-out streetscape may find the trade-offs of finish level, warranty coverage, and streetscape maturity cut in unexpected directions."
"goutouski-crescent-milton","standard","faq","I3 newer","street/area","If proximity to the GO station or downtown grid matters most, streets closer to the town centre trade the newer-build feel for a shorter walk to those anchors."
"thomas-street-milton","standard","hero ld-place sec:about","I8 historic/original","street/area","Thomas Street is a residential street in Old Milton, the historic core of the town, where the grid tightens and the lots run shallow."
"ashbrook-court-milton","standard","hero ld-place sec:about","I9 age words","street/area","Ashbrook Court is a short residential court in Old Milton, the part of town that predates the subdivisions pushing outward from the escarpment."
"ashbrook-court-milton","standard","sec:about","I1 established; I9 age words","street/area","It sits within a grid of established streets where the lots were laid out long before the current wave of Milton growth, and the address carries the quiet of a road that ends rather than passes through."
"ashbrook-court-milton","standard","faq","I4 new-build; I7 older","street/area","Ashbrook Court sits within Old Milton, the older part of town, and the street itself is a court rather than a new subdivision road."
"sprague-place-milton","standard","sec:about","I3 newer","street/area","Coates is a newer community, with parks and pathways woven between the housing blocks."
"sprague-place-milton","standard","sec:market","I1 established","street/area","Sprague Place remains an established street where owner tenure appears to run long and buyer interest remains subdued relative to surrounding areas within Coates."
"highside-drive-milton","standard","hero ld-place sec:about","I3 newer; I8 historic/original","street/area","Highside Drive is a residential street in Old Milton, the historic core of the town, where the grid tightens and the streets run shorter than they do in the newer subdivisions to the south and west."
"highside-drive-milton","standard","sec:about","I7 older","street/area","Old Milton frames the address on every side, with the town's older institutional and commercial spine close by."
"highside-drive-milton","standard","sec:market","I1 established; I8 historic/original","street/area","Old Milton is the historic core of Milton, and Highside Drive sits within it, close to the parks and schools that define the area's established residential character."
"sprucedale-lane-milton","standard","sec:about","I5 built-out","street/area","Dempsey is largely built out, with a mix of detached homes and townhouses arranged on a grid of crescents and lanes."
"robarts-drive-milton","standard","sec:differentPriorities","I1 established; I3 newer","street/area","Buyers weighing a lower entry point against a larger lot, or a newer subdivision against an established one, will find the tradeoffs land differently on each."
"robarts-drive-milton","standard","faq","I1 established","street/area","Robarts Drive sits within Dempsey, an established part of Milton with the surrounding streets and parks already in place."
"robarts-drive-milton","standard","faq","I4 new-build; I6 construction-state","street/area","There is no active new-build phase on the street itself."
"toletzka-landing-milton","standard","faq","I1 established","street/area","Toletzka Landing is established."
"toletzka-landing-milton","standard","faq","I4 new-build; I6 construction-state; I14 build-activity","street/area","The street carries detached housing and no active new-build activity is recorded in the current data."
"campbell-avenue-milton","standard","sec:about","I2 mature","street/area","The street runs through a quiet residential stretch, framed by mature trees and open sky."
"campbell-avenue-milton","standard","sec:about","I3 newer","elsewhere","It offers a distinct alternative to the newer subdivisions that dominate much of Milton's recent growth."
"campbell-avenue-milton","standard","sec:differentPriorities","I3 newer","elsewhere","Buyers exploring comparable options might weigh newer subdivisions closer to the amenities along the main corridors, where lots are tighter but errands are shorter."
"campbell-avenue-milton","standard","sec:differentPriorities","I1 established; I2 mature","street/area","Established pockets with mature trees often command a premium for seclusion, while areas nearer the schools and shops trade at a different pace."
"campbell-avenue-milton","standard","faq","I1 established","street/area","The street's character leans toward established, larger properties rather than dense or mixed development."
"campbell-avenue-milton","standard","faq","I3 newer","elsewhere","For different priorities elsewhere in Milton, consider areas with newer construction or tighter lots that sit closer to the grocery stores and the GO station."
"campbell-avenue-milton","standard","faq","I1 established","street/area","Established pockets with larger grounds tend to trade at a higher price point, while those nearer daily services often move more quickly."
"leatherleaf-landing-milton","standard","sec:differentPriorities","I2 mature; I3 newer; I6 construction-state","street/area","Homes here are predominantly detached, built in a newer subdivision that is still maturing."
"leatherleaf-landing-milton","standard","sec:differentPriorities","I1 established; I2 mature","elsewhere","For those who want a more established setting with mature trees, other parts of Milton offer that contrast, though they may trade at a different price point."
"leatherleaf-landing-milton","standard","sec:differentPriorities","I7 older","elsewhere","Buyers exploring comparable options might weigh proximity to schools like Anne J. MacArthur PS or the convenience of the GO station against the feel of an older neighbourhood."
"tough-gate-milton","standard","sec:about","I10 settled-history","street/area","The area is residential, with a mix of housing types that give the neighbourhood a settled feel."
"buckthorn-garden-milton","standard","sec:differentPriorities","I1 established; I2 mature; I3 newer; I6 construction-state; I7 older","elsewhere","Buyers exploring comparable options might weigh older established sections with mature trees against newer subdivisions still maturing, where the lots and finishes differ noticeably."
"buckthorn-garden-milton","standard","sec:differentPriorities","I9 age words","street/area","Proximity to the same schools and parks carries across much of the area, so the choice often comes down to the specific street's character and the era of its homes."
"henry-crescent-milton","standard","sec:homes","I5 built-out","street/area","That single-type profile is common among the smaller crescents in this part of Willmott, where one form was built out across the whole street rather than mixed."
"locker-place-milton","standard","sec:about","I3 newer; I7 older","street/area","It belongs to the newer western growth of Milton rather than the older grid closer to the downtown core."
"locker-place-milton","standard","faq","I3 newer; I7 older","street/area","The stock reads as newer Milton rather than the older core."
"philbrook-drive-milton","standard","hero ld-place sec:about","I1 established","street/area","Philbrook Drive runs through the Coates neighbourhood in Milton's north end, a residential street that carries a quiet, established rhythm."
"philbrook-drive-milton","standard","sec:about","I11 growth-history","street/area","Philbrook Drive is the kind of address that feels settled, part of a neighbourhood that has grown into itself."
"strawberry-landing-milton","standard","sec:about","I1 established; I7 older","street/area","Walker itself is a broad, established district on Milton's eastern side, framed by the escarpment to the north and the town's older grid to the west."
"strawberry-landing-milton","standard","faq","I4 new-build; I6 construction-state","street/area","There is no new-construction activity on record here."
"fleming-drive-milton","standard","sec:about","I1 established; I5 built-out; I10 settled-history","street/area","Dempsey itself is a settled residential area, largely built out, with the street grid and the surrounding parks long since established."
"hearst-boulevard-milton","standard","sec:about","I9 age words; I10 settled-history","street/area","It is a settled part of town, where the housing stock speaks to a particular era of Milton's growth."
"hearst-boulevard-milton","standard","sec:about","I1 established","street/area","For those looking to understand the area, Hearst Boulevard offers a clear view of what Beaty is about: a calm, established pocket with everyday conveniences never far off."
"hearst-boulevard-milton","standard","sec:homes","I1 established","street/area","Buyers looking here should expect a quiet, established enclave of detached residences, with the neighbourhood's broader pricing patterns serving as the most useful reference."
"hollinrake-crescent-milton","standard","hero ld-place sec:about","I3 newer; I7 older","street/area","Hollinrake Crescent is a residential crescent in Milton's Beaty neighbourhood, a pocket of west Milton that sits between the older grid streets closer to downtown and the newer subdivisions pushing toward the escarpment."
"hollinrake-crescent-milton","standard","sec:about","I1 established","street/area","The street is established, not new, and its housing reflects the broader Beaty mix rather than any single dominant form."
"hollinrake-crescent-milton","standard","faq","I4 new-build; I5 built-out; I9 age words","street/area","Hollinrake Crescent sits within Beaty, a neighbourhood that built out over the past few decades rather than a new-build site."
"hollinrake-crescent-milton","standard","faq","I4 new-build","street/area","There is no active new construction on the street itself."
"hollinrake-crescent-milton","standard","faq","I10 settled-history","street/area","The surrounding area is settled residential."
"donovan-heights-milton","standard","faq","I1 established; I4 new-build","street/area","The street reads as established rather than new construction."
"gore-court-milton","standard","sec:market","I1 established","street/area","Beyond that, the honest position is that Gore Court is a low-turnover court whose pricing would need to be established street by street, home by home, when a listing eventually appears."
"gore-court-milton","standard","faq","I1 established; I6 construction-state","street/area","The street reads as established, with a small and settled townhouse stock rather than an active build."
"gore-court-milton","standard","faq","I4 new-build; I6 construction-state","street/area","There is no new-construction activity recorded on Gore Court."
"cousens-terrace-milton","standard","sec:about","I10 settled-history","street/area","Coates itself is a settled part of Milton, and Cousens Terrace reads as one of its quieter residential threads."
"lower-base-line-milton","standard","sec:differentPriorities","I5 built-out","street/area","If proximity to daily amenities is a priority, homes closer to the grocery options and parks found in more built-up pockets may serve better, though those areas tend to trade at different price points."
"pozbou-crescent-milton","standard","sec:homes","I1 established; I10 settled-history","street/area","The street's quiet, established feel is reinforced by its housing composition, which appeals to those seeking a traditional detached home in a settled neighbourhood."
"cathcart-crescent-milton","standard","faq","I1 established; I5 built-out","street/area","Cathcart Crescent sits within the established Willmott neighbourhood, which has been built out over a number of years."
"cathcart-crescent-milton","standard","faq","I4 new-build; I6 construction-state","street/area","There is no active new-build program on the street itself."
"cathcart-crescent-milton","standard","faq","I2 mature","street/area","The surrounding area is mature residential."
"elsley-court-milton","standard","sec:about","I1 established","street/area","Beaty is one of Milton's established subdivisions, and Elsley Court reads as a small, self-contained piece of it."
"elsley-court-milton","standard","faq","I1 established; I4 new-build","street/area","The street reads as established rather than new construction."
"serafini-crescent-milton","standard","hero ld-place sec:about","I11 growth-history","street/area","Serafini Crescent sits within the Willmott neighbourhood of Milton, a residential pocket that has grown steadily as the town has expanded."
"serafini-crescent-milton","standard","sec:market","I1 established","street/area","The street consists entirely of detached homes, positioning it within Willmott's established residential fabric."
"beam-court-milton","standard","sec:differentPriorities","I1 established; I2 mature; I3 newer; I6 construction-state; I7 older","elsewhere","Buyers exploring comparable options might weigh the tradeoff between older established sections with mature trees and newer subdivisions still maturing."
"alexander-crescent-milton","standard","hero ld-place sec:about","I1 established; I3 newer","street/area","Alexander Crescent is a residential crescent in Milton's Dempsey neighbourhood, a pocket of west Milton that sits between the town's established grid and the newer edges pushing toward the escarpment."
"alexander-crescent-milton","standard","sec:homes","I6 construction-state","street/area","What can be said is that Dempsey's housing stock is predominantly freehold, with detached and semi-detached homes forming the bulk of the neighbourhood and townhouse clusters filling in the denser pockets."
"alexander-crescent-milton","standard","faq","I9 age words","street/area","The available data does not carry build-year information for Alexander Crescent, so a definitive answer on its era is not possible here."
"alexander-crescent-milton","standard","faq","I11 growth-history","street/area","The street sits within Dempsey, an area of Milton that has developed over a number of years."
"sunnyvale-crescent-milton","standard","sec:about","I1 established; I11 growth-history","street/area","The crescent offers a settled, established feel, typical of a neighbourhood that has grown into its landscape."
"sunnyvale-crescent-milton","standard","sec:market","I1 established; I4 new-build","street/area","This reflects the street's established character; the absence of sales data does not indicate new construction or a pre-sale phase."
"sunnyvale-crescent-milton","standard","sec:differentPriorities","I1 established; I2 mature; I3 newer; I6 construction-state; I7 older","elsewhere","Buyers exploring comparable options might weigh the trade-off between older established sections with mature trees and newer subdivisions still maturing."
"cedar-trail-milton","standard","sec:about","I5 built-out","street/area","It sits well beyond the built-up subdivisions, in a stretch of Halton Hills-adjacent farmland where properties are spaced out and the road itself is the address."
"cedar-trail-milton","standard","sec:homes","I3 newer","street/area","The housing stock here is not the townhouse-and-detached mix of Milton's newer pockets; it is the scattered, low-density form that defines the Moffat area."
"cedar-trail-milton","standard","sec:market","I1 established","street/area","Low turnover of this kind is common on established pockets of the Moffat area, where the housing stock is settled and few properties come forward in any given year."
"cedar-trail-milton","standard","faq","I1 established","street/area","The street is a trail in the Moffat area, and the surrounding settlement pattern is long established rather than new."
"gervais-terrace-milton","standard","hero ld-place sec:about","I3 newer","street/area","Gervais Terrace is a short residential street in Coates, one of the newer residential quarters on Milton's eastern edge."
"schreyer-crescent-milton","standard","faq","I1 established; I4 new-build; I6 construction-state; I14 build-activity","street/area","Schreyer Crescent is an established crescent within Harrison, with detached homes and no active new-build activity recorded on the street."
"schreyer-crescent-milton","standard","faq","I5 built-out","street/area","The surrounding neighbourhood is built out."
"schreyer-crescent-milton","standard","faq","I10 settled-history","street/area","It reads as a settled residential street rather than a growing one."
"greenlees-circle-milton","standard","sec:differentPriorities","I1 established; I3 newer","street/area","Buyers weighing a newer subdivision against an established pocket will find the difference shows up in lot shape and street maturity more than in access."
"trafalgar-road-milton","standard","faq","I3 newer","street/area","Buyers might also consider newer subdivisions where homes sit on more conventional lots and closer to everyday services."
"armstrong-boulevard-milton","standard","sec:about","I1 established; I2 mature","street/area","It runs through a well-established part of the city, where mature trees line the sidewalks and homes sit back from the road."
"armstrong-boulevard-milton","standard","sec:homes","I1 established; I4 new-build","street/area","The street's character is defined by its quiet, established feel rather than by new construction."
"armstrong-boulevard-milton","standard","sec:differentPriorities","I1 established","elsewhere","Buyers weighing lot size or a quieter setting might look to streets with larger pie-shaped lots or more established tree cover, though such characteristics vary block by block."
"brock-court-milton","standard","hero ld-place sec:about","I7 older","street/area","Brock Court is a short residential court in Milton's Dorset Park area, a pocket of the town that sits south of the main east-west corridors and west of the older village core."
"jarrett-crossing-milton","standard","sec:about","I2 mature","street/area","The street sits within a grid of similar cul-de-sacs and crescents, framed by mature trees and well-kept lawns."
"jarrett-crossing-milton","standard","sec:about","I10 settled-history","street/area","For those seeking a settled pocket of Milton, Jarrett Crossing offers a straightforward, unpretentious setting."
"dalhousie-gate-milton","standard","sec:about","I1 established; I2 mature; I11 growth-history","street/area","Willmott is a mature, established part of Milton, with tree-lined streets and a mix of housing that has grown up around it over the years."
"dalhousie-gate-milton","standard","sec:market","I2 mature","street/area","The street itself sits within a mature residential pocket, close to Leiterman Park and within reach of Milton's commercial corridors along Main Street and Thompson Road."
"dalhousie-gate-milton","standard","sec:market","I1 established","street/area","Given the sparse sales data, the street's market behaviour is clearest when read against the neighbourhood comparable, which points to a stable, well-established residential setting rather than a rapidly changing one."
"powadiuk-place-milton","standard","sec:about","I1 established","street/area","Clarke itself is an established part of Milton, with a grid of residential streets, parks, and schools that give the area its daily shape."
"powadiuk-place-milton","standard","faq","I1 established","street/area","The street is established, with detached homes and a settled position within Clarke."
"powadiuk-place-milton","standard","faq","I4 new-build; I6 construction-state; I14 build-activity","street/area","There is no active new-build activity recorded on Powadiuk Place."
"powadiuk-place-milton","standard","faq","I5 built-out","street/area","The surrounding area carries the infrastructure of a built-out neighbourhood."
"victoria-street-milton","standard","hero ld-place sec:about","I10 settled-history","street/area","Victoria Street runs through the heart of Old Milton, one of the town's earliest settled areas."
"victoria-street-milton","standard","sec:about","I8 historic/original; I9 age words","street/area","The street sits within walking distance of Milton's historic downtown core, where century-old storefronts and civic buildings anchor the community."
"victoria-street-milton","standard","sec:about","I1 established; I2 mature; I9 age words","street/area","Victoria Street feels settled, established, and distinctly urban for Milton, with sidewalks, mature canopies, and a mix of housing that reflects the town's growth over decades."
"victoria-street-milton","standard","sec:homes","I12 stock-age","street/area","Many properties have been updated with modern kitchens and bathrooms, while others retain original details that appeal to buyers seeking renovation potential."
"victoria-street-milton","standard","sec:homes","I2 mature","street/area","The street's mature landscaping and deep backyards are consistent across the block."
"victoria-street-milton","standard","sec:homes","I9 age words","street/area","There is no dominant builder; the homes were constructed by a range of local developers active in Milton's mid-century expansion."
"victoria-street-milton","standard","sec:market","I9 age words","street/area","The street sits within Old Milton, a neighbourhood characterized by modest early twentieth-century housing stock and tree-lined streetscapes."
"victoria-street-milton","standard","sec:market","I1 established","street/area","The street appeals to buyers drawn to Old Milton's established character: proximity to Robert Baldwin Public School, walkable distance to Rotary Park, and convenient access to core shopping and hospital services."
"victoria-street-milton","standard","sec:market","I1 established","street/area","Properties here do not trade on market velocity; they move when circumstances align between a buyer seeking that specific neighbourhood and an owner willing to part with an established home."
"victoria-street-milton","standard","sec:neighbourhoodComparable","I1 established","street/area","The broader neighbourhood experience emphasizes stability over dynamism, with properties trading within bands consistent with established Milton valuations."
"deacon-drive-milton","standard","sec:about","I10 settled-history","street/area","The street runs through a settled part of Beaty, framed by the low-rise housing that defines this corner of Milton."
"deacon-drive-milton","standard","faq","I1 established; I4 new-build","street/area","The street is established within the Beaty neighbourhood rather than a new-build site."
"deacon-drive-milton","standard","faq","I5 built-out; I9 age words; I10 settled-history","street/area","The surrounding area has been built out for some time, and Deacon Drive reads as part of that settled fabric."
"gosford-crescent-milton","standard","sec:differentPriorities","I1 established; I3 newer","elsewhere","Buyers exploring comparable options might also weigh newer construction elsewhere in Milton, where lots and layouts differ from the established stock here."
"gosford-crescent-milton","standard","faq","I1 established","street/area","Recent sales activity is limited, so the mix beyond that is not well established."
"dockray-drive-milton","standard","faq","I1 established; I4 new-build; I6 construction-state; I14 build-activity","street/area","The street is established, with detached homes and no active new-build activity recorded."
"joyce-boulevard-milton","standard","hero ld-place sec:about","I1 established","street/area","Joyce Boulevard runs through the Dorset Park neighbourhood of Milton, a residential street that sits within a well-established part of the town."
"joyce-boulevard-milton","standard","sec:about","I2 mature","street/area","The street itself is quiet, lined with mature trees and sidewalks, and it offers a sense of calm within reach of the town's conveniences."
"connaught-terrace-milton","standard","sec:about","I1 established","street/area","The street's position places it comfortably inside Milton's established west side, with the town's amenities and the broader Halton region both within easy reach."
"bessy-trail-milton","standard","sec:about","I2 mature","street/area","The street sits within a grid of similar cul-de-sacs and crescents, framed by mature trees and open green space."
"cobban-road-milton","standard","sec:about","I10 settled-history","street/area","The street runs through a settled part of the grid, framed by the kind of low-rise housing that defines this corner of Milton."
"cobban-road-milton","standard","sec:about","I1 established","street/area","Dempsey itself is one of Milton's more established residential districts, and Cobban Road reads as a small part of that larger fabric."
"cobban-road-milton","standard","faq","I1 established","street/area","Cobban Road reads as established rather than new."
"cobban-road-milton","standard","faq","I6 construction-state","street/area","There is no active construction recorded on the street itself."
"gifford-crescent-milton","standard","sec:about","I10 settled-history","street/area","The crescent sits within a network of similar streets, framed by parks and green space that give the area an open, settled feel."
"gifford-crescent-milton","standard","sec:market","I1 established","street/area","The street comprises townhouse units positioned within the Coates neighbourhood, where comparable properties have established a market framework."
"parkway-drive-milton","standard","hero ld-place sec:about","I10 settled-history","street/area","Parkway Drive runs through the heart of Old Milton, one of the town's earliest settled neighbourhoods."
"parkway-drive-milton","standard","sec:about","I2 mature; I8 historic/original","street/area","The street sits close to the historic core, where mature trees line quiet residential blocks and the pace of life feels measured."
"parkway-drive-milton","standard","sec:about","I1 established","street/area","Parkway Drive itself is a modest, established thoroughfare, the kind of street where the rhythm of the day is set by school runs and evening strolls."
"parkway-drive-milton","standard","sec:neighbourhoodComparable","I2 mature","street/area","The neighbourhood's detached stock, set within a mature and well-served part of Milton, continues to attract steady interest without the urgency seen in faster-moving markets."
"parkway-drive-milton","standard","faq","I1 established","street/area","The stock reflects the older, established character of Old Milton."
"proud-drive-milton","standard","hero ld-place sec:about meta","I3 newer","street/area","Proud Drive is a residential street in Cobban, one of Milton's newer growth areas on the town's southern edge."
"proud-drive-milton","standard","faq","I5 built-out","street/area","Proud Drive sits within Cobban, a neighbourhood that has built out over the past decade and a half."
"proud-drive-milton","standard","faq","I1 established; I6 construction-state","street/area","The surrounding area reads as established rather than actively under construction."
"cranberry-crescent-milton","standard","sec:market","I1 established","elsewhere","The absence of recorded resale activity is a statement about turnover, not about the street's standing; established streets with few transactions often look exactly like this in the record."
"cranberry-crescent-milton","standard","faq","I1 established","street/area","The street reads as established, with detached homes forming its recorded stock."
"cranberry-crescent-milton","standard","faq","I4 new-build; I6 construction-state; I14 build-activity","street/area","There is no active new-build activity on the crescent itself."
"cranberry-crescent-milton","standard","faq","I3 newer","street/area","Cobban as a whole has seen newer phases, but Cranberry Crescent is not one of them."
"archer-way-milton","standard","faq","I1 established","street/area","The surrounding Clarke area is a long-established part of Milton."
"bews-landing-milton","standard","hero ld-place sec:about","I3 newer","street/area","Bews Landing is a quiet residential street in Milton's Clarke neighbourhood, a pocket of the town known for its orderly grid of newer streets and easy access to the surrounding park network."
"bews-landing-milton","standard","sec:about","I1 established","street/area","Clarke is one of Milton's established residential areas, and Bews Landing reflects that character: calm, green, and close to the everyday conveniences that shape a routine."
"bews-landing-milton","standard","sec:homes","I10 settled-history","street/area","The street's own sales activity is limited, but the character of the stock is consistent with the surrounding area: attached homes in a settled residential setting."
"quinlan-court-milton","standard","faq","I1 established","street/area","Quinlan Court is an established residential court in the Scott neighbourhood."
"quinlan-court-milton","standard","faq","I4 new-build; I6 construction-state","street/area","There is no active new-build pipeline recorded on the street."
"quinlan-court-milton","standard","faq","I5 built-out","street/area","The surrounding area is fully built out."
"graham-bell-court-milton","standard","faq","I1 established; I4 new-build; I6 construction-state","street/area","The street reads as established rather than new build, with detached homes and no active construction profile on record."
"dow-landing-milton","standard","sec:market","I1 established","street/area","Turnover this low means the street surfaces infrequently, and when it does, the comparison set is the surrounding Coates stock rather than anything Dow Landing itself has established."
"finney-terrace-milton","standard","sec:market","I1 established","street/area","What is clear is that turnover is low and the pace of activity is subdued, a pattern consistent with an established residential terrace where resale opportunities surface only intermittently."
"starflower-place-milton","standard","sec:about","I11 growth-history","street/area","The broader Walker area has grown rapidly in recent years, yet Starflower retains a settled, unhurried character."
"starflower-place-milton","standard","sec:homes","I9 age words","street/area","The builder is Mattamy, and the floor plans are consistent with the company's standard townhome designs of that era: open-concept main floors, second-floor laundry, and finished basements in many units."
"sellers-path-milton","standard","faq","I1 established; I4 new-build","street/area","Sellers Path reads as an established street within Harrison rather than a new-build enclave."
"sellers-path-milton","standard","faq","I4 new-build","street/area","There is no indication of active new construction on the street itself."
"guelph-junction-road-milton","standard","sec:about","I5 built-out","street/area","It is a road of distance and quiet, set well beyond the built-up subdivisions that define Milton's centre."
"guelph-junction-road-milton","standard","faq","I1 established; I4 new-build","street/area","The street reads as established rather than new construction."
"guelph-junction-road-milton","standard","faq","I4 new-build; I6 construction-state","street/area","There is no active new-build presence recorded on Guelph Junction Road."
"leger-way-milton","standard","sec:about","I3 newer","street/area","It sits within a pocket of newer subdivision fabric where the street grid bends and narrows, giving the address a quieter, more enclosed feel than the arterial roads that frame the area."
"blinco-terrace-milton","standard","sec:about","I2 mature","street/area","The street itself is lined with detached homes, set back from the road with mature trees."
"cooke-crescent-milton","standard","sec:about","I2 mature","street/area","It sits within a mature pocket of the community, where mature trees line the sidewalks and traffic is light."
"cooke-crescent-milton","standard","sec:market","I1 established","street/area","The homes here sit within a well-established residential area, close to Knight Trail Park and within easy reach of Milton's amenities."
"transom-crescent-milton","standard","sec:market","I1 established","street/area","That is a statement about the record, not about the street: Transom Crescent is an established crescent in Willmott, and the absence of a published figure reflects how seldom its homes change hands rather than anything withheld."
"transom-crescent-milton","standard","faq","I1 established; I5 built-out; I6 construction-state; I10 settled-history","street/area","The street is established, with a settled townhouse fabric rather than an active build-out."
"black-drive-milton","standard","sec:about","I2 mature","street/area","The street runs quietly between Wettlaufer Terrace and Martin Street, framed by mature trees and well-kept lawns."
"black-drive-milton","standard","sec:homes","I9 age words","street/area","The street's housing stock is consistent in era and condition, with most properties showing well-maintained facades and updated interiors."
"black-drive-milton","standard","faq","I3 newer","street/area","Newer subdivisions offer modern finishes at a higher price point."
"syndenham-lane-milton","standard","sec:about","I3 newer","street/area","For those exploring Milton, Syndenham Lane represents a typical example of the town's newer suburban fabric, where tree-lined streets and well-kept properties define the landscape."
"mckim-gate-milton","standard","hero ld-place sec:about","I11 growth-history","street/area","McKim Gate is a short residential street in Milton's Harrison area, a pocket of the town that has filled in steadily as Milton has grown westward and northward."
"mckim-gate-milton","standard","faq","I9 age words","street/area","The available data does not carry build-year or construction-era detail for McKim Gate."
"mckim-gate-milton","standard","faq","I1 established; I10 settled-history","street/area","What can be said is that the street sits within Harrison, an area with a settled street network and established surrounding infrastructure."
"celandine-terrace-milton","standard","sec:about","I7 older","street/area","The street runs a modest course through the subdivision grid, with the escarpment country and the older town centre both sitting a comfortable drive away."
"drysdale-crescent-milton","standard","sec:market","I1 established","street/area","Cresents of this kind in Milton's established subdivisions often turn over slowly, and a year without a recorded trade says more about how rarely homes here change hands than about anything happening to value."
"drysdale-crescent-milton","standard","sec:neighbourhoodComparable","I1 established","street/area","The neighbourhood's sold price range runs wider than the typical figure alone would suggest, from entry-level product up through larger detached homes, which is what a broad all-types filter across an established Milton community tends to produce."
"raftis-crescent-milton","standard","sec:about","I2 mature; I10 settled-history","street/area","The street sits within a mature pocket of the community, where tree-lined sidewalks and consistent setbacks give the area a settled feel."
"raftis-crescent-milton","standard","sec:homes","I1 established","street/area","For those considering a move to this crescent, the housing stock is straightforward and well-established, with a clear sense of what to expect in terms of form and price."
"tock-close-milton","standard","sec:about","I10 settled-history","street/area","Willmott itself is a settled area, its grid of streets and crescents laid out for family living."
"tock-close-milton","standard","sec:differentPriorities","I1 established; I2 mature; I3 newer; I6 construction-state","street/area","For buyers weighing a more established setting with mature trees versus a newer subdivision still filling in, the choice often comes down to lot size and proximity to specific amenities."
"riverplace-crescent-milton","standard","hero ld-place sec:about meta","I8 historic/original","street/area","Riverplace Crescent is a residential crescent in Old Milton, the historic core of the town, where the street grid gives way to quieter loops and curves."
"riverplace-crescent-milton","standard","sec:about","I7 older; I9 age words","street/area","It sits within a pocket of Milton that predates the large suburban expansions to the south and west, and its position keeps it close to the everyday infrastructure of the older town: schools, a hospital, and the commercial strip along the main corridors."
"riverplace-crescent-milton","standard","sec:about","I3 newer; I7 older; I13 infill/builder-history","street/area","Old Milton remains the reference point for the address, and the neighbourhood's housing stock is varied, ranging from older detached homes to newer infill."
"riverplace-crescent-milton","standard","sec:about","I1 established; I3 newer","street/area","Riverplace Crescent belongs to that established fabric rather than to the newer subdivisions on the town's edges."
"riverplace-crescent-milton","standard","faq","I1 established; I4 new-build","street/area","Riverplace Crescent sits within Old Milton, an established part of town rather than a new-build pocket."
"riverplace-crescent-milton","standard","faq","I2 mature","street/area","The surrounding area's housing stock is mature."
"farrington-crossing-milton","standard","faq","I1 established","street/area","The street sits within the established Scott area of Milton, surrounded by parks, schools and the town's core services."
"fulton-street-milton","standard","hero ld-place sec:about meta","I8 historic/original","street/area","Fulton Street is a residential street in Old Milton, the historic core of the town, where the grid tightens and the lots run shallow."
"fulton-street-milton","standard","sec:about","I1 established","street/area","The street is small and quiet, with no through-traffic role to speak of, and it holds its position as a pocket of established housing rather than a corridor."
"fulton-street-milton","standard","sec:homes","I7 older; I10 settled-history","street/area","What is here is a small, settled residential pocket in the town's older grid."
"fulton-street-milton","standard","sec:market","I1 established; I8 historic/original; I9 age words","street/area","It sits within Old Milton, the historic core of the town, where the housing stock is established rather than new and the street grid predates the subdivisions that ring it."
"fulton-street-milton","standard","faq","I1 established; I7 older","street/area","What is known is its position in Old Milton, where the surrounding stock runs to older detached homes on established lots."
"fulton-street-milton","standard","faq","I1 established; I4 new-build; I7 older","street/area","Fulton Street sits within Old Milton, the older core of the town, where the surrounding fabric is long established rather than newly built."
"fulton-street-milton","standard","faq","I4 new-build; I6 construction-state; I14 build-activity","street/area","There is no active new-build activity recorded on the street itself."
"fulton-street-milton","standard","faq","I10 settled-history","street/area","The character is that of a settled residential address rather than a construction site."
"caldwell-crescent-milton","standard","sec:about","I1 established","street/area","Beaty is one of Milton's established residential areas, and Caldwell Crescent shares in that character without claiming any particular identity of its own."
"cusick-circle-milton","standard","sec:about","I1 established","street/area","Nearby parks and schools anchor the area, giving the street a settled, established feel."
"cusick-circle-milton","standard","sec:differentPriorities","I2 mature; I3 newer; I6 construction-state","street/area","Others may prefer newer subdivisions still maturing, where finishes feel more current but trees are younger."
"cusick-circle-milton","standard","sec:differentPriorities","I1 established","street/area","The balance between proximity and established character is the real decision; the street itself offers a quiet, car-oriented base."
"cusick-circle-milton","standard","faq","I1 established","street/area","The key variables are walkability to schools and shops, lot size, and how established the tree canopy is."
"halton-avenue-milton","standard","hero ld-place sec:about meta","I8 historic/original","street/area","Halton Avenue is a residential street in Old Milton, the historic core of Milton where the town's grid still holds its original shape."
"halton-avenue-milton","standard","sec:about","I7 older; I9 age words","street/area","The street sits within walking distance of the Mill Pond and the older commercial blocks along Main Street, a part of town where the street pattern predates the subdivisions that spread east and south in later decades."
"halton-avenue-milton","standard","sec:about","I2 mature","street/area","Halton Avenue is short and quiet, framed by mature trees and the kind of modest frontages that characterize Old Milton's residential lanes."
"halton-avenue-milton","standard","sec:homes","I3 newer","street/area","What is known is that the street sits in Old Milton, where the residential fabric is older and more varied than in the town's newer subdivisions."
"halton-avenue-milton","standard","sec:market","I1 established; I9 age words","street/area","Halton Avenue sits in Old Milton, the town's established core, where the housing stock predates the subdivisions that ring it and lots, frontages, and building eras vary from block to block."
"halton-avenue-milton","standard","faq","I7 older; I13 infill/builder-history","street/area","What is clear is that Halton Avenue sits in Old Milton, where the surrounding streets carry a mix of older detached homes and some infill."
"halton-avenue-milton","standard","faq","I1 established; I4 new-build","street/area","Halton Avenue sits in Old Milton, an established part of town rather than a new build area."
"bundy-drive-milton","standard","sec:about","I11 growth-history","street/area","The Clarke neighbourhood around it has filled in steadily, and Bundy Drive reads as one of its quieter residential threads."
"hatton-crossing-milton","standard","hero ld-place sec:about","I1 established","street/area","Hatton Crossing sits within Dempsey, one of Milton's established residential pockets on the town's eastern side."
"elmwood-crescent-milton","standard","hero ld-place sec:about","I10 settled-history","street/area","Elmwood Crescent is a quiet residential loop in Old Milton, one of the town's earliest settled pockets."
"elmwood-crescent-milton","standard","sec:about","I1 established; I2 mature; I7 older","street/area","The street sits close to the heart of Milton, where the grid of older neighbourhoods gives way to mature trees and established homes."
"elmwood-crescent-milton","standard","sec:about","I11 growth-history","street/area","Old Milton's character is visible here: a settled, unhurried streetscape that has grown into its surroundings."
"gleeson-road-milton","standard","sec:about","I1 established; I2 mature","street/area","The area feels established, with mature trees and a network of nearby parks that invite daily walks."
"baverstock-crescent-milton","standard","sec:about","I2 mature","street/area","Mature trees line the boulevards, and the homes sit on generous lots with deep front lawns."
"baverstock-crescent-milton","standard","sec:market","I1 established","street/area","The street's character, with its crescent layout and proximity to parks and schools, attracts families seeking a quiet, established pocket within Clarke."
"kearns-drive-milton","standard","hero ld-place sec:about","I10 settled-history","street/area","Kearns Drive sits in the Clarke neighbourhood of Milton, a residential street that runs through a settled part of the town's north end."
"kearns-drive-milton","standard","sec:about","I1 established","street/area","Kearns Drive is a quiet, established corridor that reflects the broader character of Clarke: residential, convenient, and close to the amenities that define Milton living."
"harrison-road-milton","standard","sec:about","I1 established","street/area","Timberlea itself is one of Milton's larger established residential districts, and Harrison Road sits within it as a street of modest length and low turnover."
"harrison-road-milton","standard","sec:homes","I3 newer","elsewhere","That single-type profile is unusual for Timberlea, where townhouse clusters are common in the newer pockets."
"harrison-road-milton","standard","sec:market","I1 established","street/area","What the street does offer is a stable, established position within Timberlea, and the market behaviour around it is better described in qualitative terms than in numbers the data cannot support."
"gibson-crescent-milton","standard","sec:about","I5 built-out","street/area","The area is largely built up with detached homes, set back from the road on generous lots."
"gibson-crescent-milton","standard","sec:about","I1 established; I2 mature","street/area","This is a street that reads as settled and established, with mature trees and a sense of permanence."
"gibson-crescent-milton","standard","sec:homes","I1 established","street/area","For those seeking a detached home in a quiet, established setting, Gibson Crescent offers a clear, if limited, picture."
"campbellville-road-milton","standard","faq","I1 established; I4 new-build","street/area","Campbellville Road is an established rural road rather than a new-build subdivision."
"harris-boulevard-milton","standard","sec:about","I11 growth-history","street/area","The street itself is compact and settled, one thread in a district that has grown steadily around it."
"huddlestone-crescent-milton","standard","faq","I1 established; I4 new-build","street/area","The street reads as established rather than new construction, with detached housing as its recorded form."
"huddlestone-crescent-milton","standard","faq","I4 new-build; I6 construction-state; I14 build-activity","street/area","There is no active new-build activity on the street itself."
"huddlestone-crescent-milton","standard","faq","I10 settled-history","street/area","The surrounding Scott area has a settled feel, with schools, parks, and services already in place."
"hemlock-drive-milton","standard","hero ld-place","I1 established","street/area","Hemlock Drive is a residential street in Milton's Dorset Park area, sitting within the town's established southern grid."
"hemlock-drive-milton","standard","faq","I1 established","street/area","What is clear is that it sits within Dorset Park, a neighbourhood with an established residential fabric."
"maplewood-crescent-milton","standard","hero ld-place sec:about","I8 historic/original; I9 age words","street/area","Maplewood Crescent is a quiet residential crescent in Old Milton, the historic core of the town where the street grid predates the subdivisions that now ring it."
"maplewood-crescent-milton","standard","sec:about","I6 construction-state","street/area","For anyone mapping the town, Maplewood sits in the part of Milton that grew first, not the part still being built."
"maplewood-crescent-milton","standard","sec:differentPriorities","I9 age words","street/area","A reader weighing lot size, build era, or walkability against the Old Milton position will find the tradeoffs land differently on each."
"lyons-court-milton","standard","hero ld-place sec:about","I1 established","street/area","Lyons Court is a residential court in Milton's Timberlea neighbourhood, a short, quiet street set within one of the town's established residential quarters."
"lyons-court-milton","standard","sec:about","I2 mature","street/area","Timberlea surrounds it on all sides, and the wider neighbourhood provides the context for what the street is: a pocket of low-rise housing within a maturing part of town."
"lyons-court-milton","standard","faq","I1 established","street/area","The available data does not carry build-year information for Lyons Court, so a new-versus-established call cannot be made from it."
"huntingford-gate-milton","standard","faq","I1 established","street/area","The surrounding Scott area is a long-established part of Milton with a wide range of housing ages."
"huntingford-gate-milton","standard","faq","I1 established; I4 new-build","street/area","The street reads as part of that established fabric rather than a new build."
"laking-terrace-milton","standard","hero ld-place sec:about","I11 growth-history","street/area","Laking Terrace is a short residential street in Milton's Clarke neighbourhood, a pocket of the town that has filled in steadily around the intersection of Derry Road and James Snow Parkway."
"gooding-crescent-milton","standard","sec:differentPriorities","I1 established; I2 mature; I3 newer; I7 older","street/area","For those who prefer a quieter, more established setting with mature trees, older sections of the neighbourhood may appeal, while newer builds tend to sit closer to the retail corridors."
"beaver-court-milton","standard","sec:about","I1 established","street/area","Timberlea itself is one of the town's established residential quarters, with a street pattern that mixes courts, crescents, and longer collector roads."
"beaver-court-milton","standard","sec:homes","I13 infill/builder-history","street/area","The street is small enough that its composition is stable: what exists is what was built, and there is little room for infill or subdivision."
"cookman-drive-milton","standard","hero ld-place sec:about","I3 newer","street/area","Cookman Drive sits in the Bowes neighbourhood of Milton, a residential street that runs quietly through a part of town defined by its newer subdivisions and open green spaces."
"cookman-drive-milton","standard","sec:about","I2 mature","street/area","Homes here are set back from the road, with sidewalks lining both sides and mature landscaping beginning to take hold."
"cookman-drive-milton","standard","sec:differentPriorities","I3 newer","street/area","Others might prioritize newer construction or different lot configurations, which can shift the price point noticeably."
"belmore-court-milton","standard","hero ld-place sec:about","I7 older","street/area","Belmore Court is a short residential court in Milton's Ford area, a pocket of the town that sits west of the commercial spine and north of the older settlement grid."
"belmore-court-milton","standard","sec:about","I3 newer; I9 age words","street/area","Ford is a newer part of Milton, and Belmore Court belongs to that layer of the town rather than to the nineteenth-century core."
"nakerville-crescent-milton","standard","hero ld-place sec:about","I2 mature","street/area","Nakerville Crescent is a quiet residential loop in Milton's Harrison neighbourhood, a pocket of the town known for its mature trees and orderly streets."
"nakerville-crescent-milton","standard","sec:about","I10 settled-history","street/area","Homes here are set back from the pavement, giving the street an unhurried, settled feel."
"nakerville-crescent-milton","standard","sec:homes","I1 established","street/area","For buyers seeking a detached house in a stable, established crescent, this street represents a straightforward, if infrequent, opportunity."
"nakerville-crescent-milton","standard","sec:differentPriorities","I2 mature; I3 newer; I6 construction-state","elsewhere","Those seeking newer construction might look toward subdivisions still maturing, where lots tend to be tighter but finishes are more recent."
"nakerville-crescent-milton","standard","sec:differentPriorities","I9 age words","street/area","Each pocket carries its own trade-off between lot size, build era, and proximity to the GO station."
"pettigrew-trail-milton","standard","sec:about","I10 settled-history","street/area","Dempsey itself is a settled residential area, and Pettigrew Trail reads as one of its quieter internal streets, removed from the heavier traffic that moves along the larger arteries nearby."
"pettigrew-trail-milton","standard","sec:about","I1 established; I5 built-out","street/area","The surrounding grid is largely built out, with the street framed by established neighbours rather than open land."
"maddocks-trail-milton","standard","sec:differentPriorities","I9 age words","elsewhere","Priorities around lot type, era of build, or proximity to a specific park will point elsewhere."
"watercress-way-milton","standard","sec:about","I3 newer","street/area","The street sits within a grid of newer residential roads, framed by the parks and school sites that anchor this part of Walker."
"watercress-way-milton","standard","faq","I1 established; I4 new-build; I6 construction-state","street/area","Watercress Way reads as an established townhouse street within Walker, not an active new-build site."
"watercress-way-milton","standard","faq","I6 construction-state","street/area","The homes recorded here are townhouses, and there is no indication of ongoing construction on the street itself."
"marcellus-avenue-milton","standard","sec:about","I10 settled-history","street/area","The street sits within a settled pocket of Timberlea, framed by the parks and school grounds that give this part of Milton its rhythm."
"marcellus-avenue-milton","standard","faq","I1 established","street/area","What can be said is that Marcellus Avenue is an established residential avenue in Timberlea."
"marcellus-avenue-milton","standard","faq","I1 established; I4 new-build","street/area","Marcellus Avenue is an established street within Timberlea, not a new-build pocket."
"marcellus-avenue-milton","standard","faq","I5 built-out; I9 age words","street/area","The surrounding area has been built out for some time."
"marcellus-avenue-milton","standard","faq","I4 new-build; I6 construction-state","street/area","No active new-construction activity is recorded on the street."
"lydia-avenue-milton","standard","hero ld-place sec:about","I8 historic/original","street/area","Lydia Avenue is a short residential street in Old Milton, the historic core of the town where the grid is tight and the lots are shallow."
"lydia-avenue-milton","standard","sec:about","I7 older","street/area","It sits within walking distance of the downtown blocks, close enough that the older street pattern still governs how the avenue reads: narrow, quiet, and folded into the surrounding fabric rather than set apart from it."
"lydia-avenue-milton","standard","sec:about","I7 older","street/area","The street's position puts it inside the older settlement rather than on the expanding edges, and that placement shapes nearly everything about how it functions day to day."
"lydia-avenue-milton","standard","faq","I1 established","street/area","Lydia Avenue sits in Old Milton, an established part of the town."
"lydia-avenue-milton","standard","faq","I4 new-build","street/area","There is no indication of active new construction on the street."
"hayward-crescent-milton","standard","sec:about","I2 mature","street/area","It sits in the northern part of town, where streets curve gently and mature trees line the boulevards."
"hayward-crescent-milton","standard","sec:about","I1 established","street/area","Timberlea itself is a well-established pocket, with a mix of housing styles that reflect decades of growth."
"hayward-crescent-milton","standard","sec:homes","I1 established; I10 settled-history","street/area","For those seeking a detached home in a settled Milton neighbourhood, Hayward Crescent represents a quiet, established option."
"basswood-crescent-milton","standard","faq","I1 established; I4 new-build","street/area","Basswood Crescent is established rather than new construction, with the detached homes on it already built and occupied."
"inglis-drive-milton","standard","sec:homes","I1 established; I4 new-build; I6 construction-state","street/area","What can be said is that the street is established and settled, with no new construction activity evident."
"inglis-drive-milton","standard","faq","I1 established","street/area","Inglis Drive is an established street in the Campbellville area of Milton."
"inglis-drive-milton","standard","faq","I4 new-build; I6 construction-state; I14 build-activity","street/area","There is no active new-build activity recorded on the street."
"inglis-drive-milton","standard","faq","I9 age words","street/area","The surrounding area has been settled for some time."
"mander-place-milton","standard","sec:about","I1 established; I10 settled-history","street/area","What the street is, though, is clear enough: a small, settled residential lane within one of Milton's established west-end communities."
"herman-way-milton","standard","sec:about","I1 established; I2 mature","street/area","The street runs through a mature, established part of Milton, where tree-lined blocks and well-kept lawns set the tone."
"herman-way-milton","standard","faq","I1 established; I3 newer","street/area","Buyers might weigh newer subdivisions or established sections depending on their priorities."
"davis-lane-milton","standard","sec:about","I1 established; I2 mature","street/area","It sits within a well-established part of Milton, where mature trees line the streets and parks are never far."
"farmstead-drive-milton","standard","sec:about","I1 established; I7 older","street/area","It is a residential street in the established part of town, set among the subdivisions that spread west from the older core."
"hobbs-crescent-milton","standard","sec:about","I1 established","street/area","This is a street that feels established, where the rhythm of daily life is unhurried and the surrounding neighbourhood provides most of what a resident might need without venturing far."
"hanson-crescent-milton","standard","sec:about","I3 newer","elsewhere","The street's layout encourages a slower pace, with minimal through traffic and a sense of enclosure that is rare in newer subdivisions."
"hanson-crescent-milton","standard","sec:about","I1 established","street/area","For those who value proximity to amenities without the bustle of a main artery, Hanson Crescent offers a settled, unassuming presence in a well-established part of town."
"hanson-crescent-milton","standard","sec:differentPriorities","I7 older","street/area","For buyers who prefer a more central location with older stock, the Old Milton area provides a different character."
"hanson-crescent-milton","standard","sec:differentPriorities","I3 newer","elsewhere","The choice comes down to whether the premium for this pocket's newer build and layout is worth it, or whether the savings elsewhere align better with other priorities."
"rowe-terrace-milton","standard","sec:about","I1 established","street/area","It is framed by the established residential fabric of Scott, where the grid loosens slightly and the streets turn residential rather than thorough."
"rowe-terrace-milton","standard","faq","I1 established","street/area","The street reads as established rather than new."
"rowe-terrace-milton","standard","faq","I4 new-build; I6 construction-state","street/area","Its recorded stock is detached, and there is no active new-build pipeline attached to it in the data."
"holmes-crescent-milton","standard","sec:about","I1 established; I7 older","street/area","The Scott neighbourhood sits west of the town's older core, close enough to the established grid that daily errands run in short distances."
"rutland-crescent-milton","standard","hero ld-place sec:about","I3 newer","street/area","Rutland Crescent is a quiet residential loop in Milton's Bowes neighbourhood, a district of newer streets and landscaped boulevards."
"rutland-crescent-milton","standard","sec:differentPriorities","I1 established; I2 mature; I7 older","street/area","For those seeking more established neighbourhoods with mature trees, older sections of Bowes offer a different character."
"rutland-crescent-milton","standard","sec:differentPriorities","I3 newer","elsewhere","Newer subdivisions elsewhere in Milton tend to feature tighter frontages but more modern interiors."
"holdsworth-crescent-milton","standard","sec:about","I1 established; I2 mature","street/area","The surrounding neighbourhood is established, with mature trees and a mix of housing styles."
"bell-street-milton","standard","sec:about","I1 established","street/area","The street sits close to the town's established core, where the grid is compact and daily errands run short."
"pitcher-place-milton","standard","sec:about","I1 established; I5 built-out","street/area","The surrounding blocks are largely built out, with the street sitting within an established residential fabric rather than at its edge."
"pitcher-place-milton","standard","sec:homes","I10 settled-history","street/area","Pitcher Place remains a small, settled street within that broader market."
"pitcher-place-milton","standard","faq","I9 age words","street/area","Pitcher Place shows no recent sales activity, so its build era cannot be confirmed from the available data."
"pitcher-place-milton","standard","faq","I1 established","street/area","The surrounding Coates area is an established residential part of Milton."
"drew-centre-milton","standard","sec:about","I1 established","street/area","It sits within a grid of similar streets that define this established pocket of the town, framed by the broader residential fabric that stretches toward the escarpment."
"drew-centre-milton","standard","sec:homes","I3 newer","street/area","The architecture is typical of the area's newer developments, with a focus on practical, multi-level living that suits a range of households."
"drew-centre-milton","standard","sec:differentPriorities","I3 newer; I7 older","elsewhere","If a tighter budget is the priority, homes in the lower part of that range tend to be smaller or older stock, while those seeking more space or newer construction will look toward the upper end."
"drew-centre-milton","standard","faq","I1 established","elsewhere","Given the limited recent activity on Drew Centre itself, buyers might explore other streets within Timberlea, where the price range is broader and more established."
"weston-drive-milton","standard","sec:about","I1 established","street/area","The street's position puts it within reach of Milton's established services while keeping the block itself quiet."
"miller-way-milton","standard","sec:about","I2 mature","street/area","The area carries a settled, unhurried character, with detached homes lining the way and mature landscaping softening the streetscape."
"miller-way-milton","standard","faq","I1 established","street/area","Rental pricing on the street isn't well established given the thin activity."
"pitfield-road-milton","standard","sec:about","I5 built-out","street/area","Dorset Park itself is largely built out, with a mix of townhouse and detached forms arranged on a grid that connects easily to the rest of town."
"inman-heights-milton","standard","sec:about","I10 settled-history","street/area","What frames Inman Heights most immediately is the Scott neighbourhood itself, a settled residential district with its own internal rhythm."
"inman-heights-milton","standard","sec:homes","I7 older; I13 infill/builder-history","street/area","That single-type profile is common on Milton's older residential streets, where the original subdivision pattern set one housing form and later infill has not altered it."
"sydney-street-milton","standard","hero ld-place sec:about","I1 established","street/area","Sydney Street sits in Old Milton, one of the town's established residential pockets."
"sydney-street-milton","standard","sec:about","I3 newer; I7 older; I13 infill/builder-history","street/area","The street runs through a part of Milton where older homes stand alongside newer infill, giving the block a layered character."
"sydney-street-milton","standard","sec:neighbourhoodComparable","I1 established","street/area","Year-over-year price movement data is not available, but the current level reflects the established nature of the neighbourhood's detached stock."
"sydney-street-milton","standard","faq","I1 established","street/area","The broader Old Milton area is predominantly detached, with established housing stock."
"knight-trail-milton","standard","sec:market","I1 established","street/area","Knight Trail sits within that neighbourhood context, and its position near Knight Trail Park and Dempsey Neighbourhood Park places it in the established residential fabric of south Milton."
"colville-place-milton","standard","sec:about","I3 newer","street/area","The street runs as a short loop off a local collector road, framed by newer subdivisions and open green space."
"colville-place-milton","standard","sec:differentPriorities","I3 newer","elsewhere","Newer subdivisions elsewhere in Milton tend to feature larger frontages but often sit farther from the GO station."
"colville-place-milton","standard","sec:differentPriorities","I1 established; I2 mature","street/area","Established pockets with mature trees might appeal if privacy is the priority, though they typically command a premium."
"mcjannett-avenue-milton","standard","hero ld-place","I3 newer; I7 older","street/area","McJannett Avenue is a short residential street in Milton's Harrison area, a pocket of the town that fills the space between the older core and the newer subdivisions pushing north and west."
"laughren-crescent-milton","standard","sec:about","I2 mature","street/area","The street sits within a mature pocket of detached homes, set back from the busier arterial roads that frame the area."
"laughren-crescent-milton","standard","sec:differentPriorities","I1 established; I2 mature; I3 newer; I6 construction-state","street/area","If the priority is a more established feel with mature trees, homes built in earlier decades may appeal; newer subdivisions still maturing offer a different character."
"dawson-crescent-milton","standard","sec:homes","I1 established","street/area","The street's quiet character and central location make it a practical choice for those seeking a compact home in an established setting."
"dent-terrace-milton","standard","sec:about","I2 mature; I10 settled-history","street/area","Mature trees line the sidewalks, and the lots are generous, giving the street an open, settled feel."
"dent-terrace-milton","standard","sec:homes","I9 age words","street/area","The street's housing stock is consistent in era and quality, with few renovations beyond the cosmetic."
"dent-terrace-milton","standard","sec:market","I4 new-build","street/area","The street consists of new-construction townhomes in the Bowes neighbourhood, positioned within a developing area of Milton that continues to attract first-time buyers and young families seeking entry-level ownership."
"dent-terrace-milton","standard","sec:market","I1 established; I4 new-build","street/area","As a new street with no prior trades, the market context is shaped by the initial developer pricing and absorption patterns of comparable new builds in the immediate vicinity rather than by established secondary-market comps."
"dent-terrace-milton","standard","sec:market","I1 established; I9 age words","street/area","As a new terrace street in a growing section of Milton, Dent Terrace appeals to buyers prioritizing contemporary construction, manageable entry pricing, and proximity to regional transport corridors over established neighbourhood character or vintage inventory."
"dent-terrace-milton","standard","sec:differentPriorities","I1 established; I2 mature; I7 older","street/area","For buyers who prioritize a larger lot or more mature trees, older subdivisions in the area tend to have deeper backyards and a more established feel."
"melanson-heights-milton","standard","hero ld-place sec:about meta","I1 established","street/area","Melanson Heights sits in the Scott area of Milton, a pocket of the town's established west side where the street grid gives way to quieter residential blocks."
"melanson-heights-milton","standard","sec:homes","I9 age words","street/area","Beyond type and availability, the data does not extend to lot dimensions, build era, or interior detail, and none of those are asserted here."
"melanson-heights-milton","standard","sec:market","I1 established","street/area","The street's market is quiet, its setting is established, and its pricing reference lives at the neighbourhood scale rather than the street."
"melanson-heights-milton","standard","faq","I1 established; I4 new-build","street/area","The street is established rather than new construction."
"melanson-heights-milton","standard","faq","I6 construction-state","street/area","There is no active building pipeline on Melanson Heights."
"cedar-hedge-road-milton","standard","hero ld-place sec:about","I7 older; I11 growth-history","street/area","Cedar Hedge Road is a residential street in Milton's Clarke neighbourhood, a pocket of the town that has filled in around the green corridors running east from the older settlement core."
"limestone-road-milton","standard","sec:differentPriorities","I1 established; I2 mature; I3 newer; I6 construction-state","street/area","Established rural settings with larger lots contrast with newer subdivisions still maturing."
"whaley-way-milton","standard","hero ld-place sec:about","I1 established; I3 newer","street/area","Whaley Way is a short residential way in Milton's Harrison neighbourhood, a pocket of west Milton that sits between the town's established grid and the newer edges pushing toward the escarpment."
"whaley-way-milton","standard","faq","I1 established","street/area","The street sits within Harrison, an established part of Milton."
"whaley-way-milton","standard","faq","I4 new-build","street/area","Recorded activity is limited, so the housing stock reads as settled rather than newly built."
"duff-crescent-milton","standard","sec:about","I1 established; I2 mature","street/area","The crescent is framed by mature trees and well-kept lawns, with a mix of housing that gives the street a settled, established feel."
"duff-crescent-milton","standard","sec:homes","I1 established","street/area","The overall impression is of a stable, established residential enclave."
"duff-crescent-milton","standard","sec:differentPriorities","I3 newer","street/area","For those who prefer newer construction or different lot configurations, nearby subdivisions built in different eras may suit."
"duff-crescent-milton","standard","faq","I9 age words","street/area","Since specific comparable streets aren't identified here, consider exploring the broader Clarke neighbourhood by characteristic, such as home era or lot size."
"stoutt-crescent-milton","standard","sec:about","I1 established","street/area","Coates itself sits within reach of the town's established western amenities, with the escarpment country opening up not far beyond."
"maquire-terrace-milton","standard","faq","I1 established; I4 new-build","street/area","The neighbourhood context suggests an established setting rather than active new construction."
"logan-drive-milton","standard","sec:homes","I3 newer","street/area","That balance is characteristic of the newer western Milton streets, where detached and attached housing were planned side by side rather than separated into distinct pockets."
"logan-drive-milton","standard","sec:market","I10 settled-history","street/area","What the record does show is a settled street in Cobban with a small, mixed housing stock: detached homes and townhouses each account for a portion of the addresses, and neither form dominates."
"luxton-drive-milton","standard","hero ld-place sec:about","I1 established","street/area","Luxton Drive runs through the Beaty neighbourhood in Milton's northwest, a residential street that carries a quiet, established rhythm."
"babcock-crescent-milton","standard","sec:about","I1 established; I6 construction-state; I10 settled-history","street/area","Dempsey itself is a settled part of Milton, laid out in the years when the town's northern edge was still filling in, and Babcock sits within that established fabric rather than at its frontier."
"babcock-crescent-milton","standard","faq","I1 established; I6 construction-state","street/area","Babcock Crescent is an established street within Dempsey, with detached homes rather than an active building phase."
"babcock-crescent-milton","standard","faq","I4 new-build; I6 construction-state","street/area","There is no new-construction activity recorded on the street itself."
"ellis-crescent-milton","standard","sec:about","I1 established","street/area","Dempsey itself is one of Milton's established residential districts, framed by the green corridors and school sites that thread through this part of town."
"ellis-crescent-milton","standard","sec:about","I3 newer","street/area","For anyone learning the town's geography, Ellis Crescent belongs to the settled middle of Milton rather than its newer edges."
"hazel-way-milton","standard","faq","I3 newer","street/area","Hazel Way sits within Cobban, a newer Milton neighbourhood, and the townhouse stock recorded on the street is consistent with that."
"hazel-way-milton","standard","faq","I4 new-build; I6 construction-state","street/area","There is no indication of active new-build construction on the street itself."
"hazel-way-milton","standard","faq","I6 construction-state","street/area","The area reads as recently built rather than still under development."
"no-1-side-road-milton","standard","faq","I1 established; I4 new-build","street/area","The street reads as established rather than new construction, with detached homes forming the existing stock."
"stover-crescent-milton","standard","hero ld-place sec:about","I1 established","street/area","Stover Crescent is a residential crescent in the Clarke area of Milton, a short, curving street set within the town's established eastern grid."
"mcgibbon-drive-milton","standard","sec:about","I2 mature","street/area","The area feels settled, with mature landscaping and a calm, unhurried pace."
"michener-place-milton","standard","sec:about","I2 mature","street/area","The area feels settled and green, with mature trees and sidewalks connecting to neighbouring parks and pathways."
"michener-place-milton","standard","faq","I9 age words","elsewhere","Buyers exploring alternatives should weigh lot shape and build era, since both vary block to block."
"stagg-garden-milton","standard","faq","I1 established","street/area","The street reads as established rather than new."
"stagg-garden-milton","standard","faq","I4 new-build; I6 construction-state","street/area","Its recorded stock is detached housing, and there is no active new-build presence in the data."
"nunn-court-milton","standard","faq","I1 established; I4 new-build","street/area","Nunn Court is an established court within the Scott neighbourhood, not a new-build street."
"mcdougall-crossing-milton","minimal","ld-place","I3 newer; I7 older","street/area","McDougall Crossing sits in Harrison, on the western side of Milton where the town's newer residential edges meet the older street grid."
"mclaren-road-milton","standard","sec:about","I2 mature","street/area","It is a quiet country road, framed by open fields and mature trees, with a pace that feels removed from the suburban grid to the east."
"mclaren-road-milton","standard","sec:homes","I10 settled-history","street/area","McLaren Road is a sparsely settled street, with no recent sales recorded on the road itself."
"mclaren-road-milton","standard","sec:homes","I3 newer","street/area","The street's rural setting means lots tend to be larger than those found in Milton's newer subdivisions, and the mix of properties reflects the area's agricultural history."
"mclaren-road-milton","standard","sec:differentPriorities","I3 newer; I9 age words","street/area","For those prioritizing newer construction or different lot configurations, subdivisions on the eastern side of Milton present a contrast in era and layout."
"mclaren-road-milton","standard","faq","I1 established; I3 newer","elsewhere","For different priorities elsewhere in Milton, consider pockets with more established neighbourhoods or newer subdivisions."
"sauble-court-milton","standard","faq","I1 established; I4 new-build","street/area","Sauble Court is an established street rather than a new-build site."
"sauble-court-milton","standard","faq","I5 built-out","street/area","The homes are townhouse in form and the surrounding Bowes area is fully built out."
"sauble-court-milton","standard","faq","I4 new-build; I6 construction-state","street/area","There is no active new-construction activity recorded on the street."
"peregrine-way-milton","standard","sec:about","I1 established","street/area","It sits among the established residential fabric that defines this part of town, with Scott Neighbourhood Park - West a few minutes on foot and the broader Scott area framing daily life."
"peregrine-way-milton","standard","sec:neighbourhoodComparable","I1 established","street/area","The picture is one of a settled, established pocket where detached stock changes hands at a steady rhythm."
"peregrine-way-milton","standard","faq","I1 established; I4 new-build; I6 construction-state; I14 build-activity","street/area","Peregrine Way is an established street within the Scott area, with detached homes and no active new-build activity recorded."
"peregrine-way-milton","standard","faq","I5 built-out; I9 age words","street/area","The surrounding neighbourhood has been built out for some time."
"plum-place-milton","standard","hero ld-place sec:about","I3 newer","street/area","Plum Place is a short residential street in Cobban, one of Milton's newer neighbourhoods on the town's southern edge."
"plum-place-milton","standard","sec:about","I8 historic/original; I11 growth-history","street/area","It sits within a pocket of low-rise housing that has taken shape as Milton has expanded away from its historic core."
"plum-place-milton","standard","faq","I5 built-out","street/area","Plum Place sits within Cobban, a part of Milton that has built out over the past decade and a half."
"plum-place-milton","standard","faq","I1 established; I6 construction-state","street/area","It reads as an established pocket rather than a site still under construction."
"coulson-avenue-milton","standard","sec:about","I1 established","street/area","Timberlea itself is one of Milton's established west-side neighbourhoods, and Coulson Avenue reads as a quiet interior street within it."
"mill-street-milton","standard","hero ld-place meta","I7 older; I9 age words","street/area","Mill Street sits in Old Milton, the older grid that predates the subdivisions spreading outward from it."
"mill-street-milton","standard","faq","I7 older","street/area","That single-type profile is consistent with the older part of Old Milton."
"switzer-crescent-milton","standard","faq","I1 established; I4 new-build; I6 construction-state","street/area","The street is part of the established Coates fabric rather than an active new-build site."
"gowling-terrace-milton","standard","sec:about","I1 established; I2 mature","street/area","Clarke is a mature area, with established schools and parks woven into its fabric."
"monaghan-crescent-milton","standard","hero ld-place sec:about","I11 growth-history","street/area","Monaghan Crescent is a residential crescent in Milton's Willmott neighbourhood, a pocket of the town that has filled in steadily as Milton has grown westward."
"monaghan-crescent-milton","standard","faq","I4 new-build; I6 construction-state","street/area","There is no new-construction activity recorded on the crescent."
"pearl-street-milton","standard","hero ld-place sec:about","I8 historic/original","street/area","Pearl Street sits in Old Milton, the town's original residential core, where the grid narrows and the pace slows."
"pearl-street-milton","standard","sec:about","I2 mature; I7 older","street/area","It is a short, quiet street, the kind that carries local traffic rather than through traffic, framed by mature trees and older homes."
"pearl-street-milton","standard","sec:about","I3 newer; I13 infill/builder-history","street/area","The neighbourhood around it holds some of Milton's earliest housing, with a mix of modest detached houses and newer infill."
"pearl-street-milton","standard","sec:about","I3 newer","street/area","Pearl Street itself offers a sense of enclosure and calm, a side street in the truest sense, set back from the busier arteries that define the town's newer districts."
"pearl-street-milton","standard","sec:market","I2 mature; I10 settled-history","street/area","The street sits within Old Milton, a mature pocket where detached houses are the prevailing form, and its position near Spice Of Life Parkette and Wakefield Park places it in a settled residential setting."
"oak-street-milton","standard","hero ld-place sec:about","I8 historic/original","street/area","Oak Street is a short residential street in Old Milton, the historic core of the town, where the grid tightens and the streets run narrow."
"oak-street-milton","standard","sec:homes","I5 built-out","street/area","The street is built out rather than in transition, and the housing form is consistent with the surrounding Old Milton grid."
"pears-court-milton","standard","sec:differentPriorities","I1 established; I2 mature; I7 older","street/area","If a quieter, more established setting appeals, older sections of the neighbourhood feature larger lots and more mature trees."
"fitzgerald-crescent-milton","standard","sec:about","I1 established","street/area","For anyone learning Milton's west side, Fitzgerald Crescent is a useful reference point: small, established, and firmly inside the Dempsey frame."
"pettit-trail-milton","standard","sec:about","I3 newer","street/area","Pettit Trail offers a straightforward, grounded sense of place, typical of Milton's newer residential pockets."
"pettit-trail-milton","standard","sec:homes","I1 established","street/area","For buyers looking at this pocket of Milton, the detached stock here represents a consistent, straightforward offering within the neighbourhood's established residential fabric."
"blacklock-street-milton","standard","hero ld-place","I3 newer","street/area","Blacklock Street sits in the Brookville/Haltonville pocket of Milton, a stretch of the city where newer residential development meets open countryside."
"blacklock-street-milton","standard","sec:homes","I1 established","street/area","For buyers seeking a detached home in a quiet, established setting, this street offers a distinct option within Milton."
"blacklock-street-milton","standard","sec:differentPriorities","I1 established; I2 mature; I3 newer","street/area","For those who prefer a more established setting with mature trees, the surrounding countryside provides that character, while newer subdivisions closer to town offer a different pace."
"chandler-crescent-milton","standard","faq","I1 established","street/area","Chandler Crescent is an established street within the Scott area of Milton."
"chandler-crescent-milton","standard","faq","I4 new-build; I14 build-activity","street/area","No new-build activity is recorded on the street itself."
"wallbrook-crescent-milton","standard","hero ld-place sec:about","I3 newer; I7 older","street/area","Wallbrook Crescent is a residential crescent in Milton's Beaty neighbourhood, a pocket of west Milton that sits between the town's older core and the newer subdivisions pushing toward the escarpment."
"wallbrook-crescent-milton","standard","faq","I1 established; I4 new-build","street/area","Wallbrook Crescent is an established residential crescent within the Beaty neighbourhood, not a new-build site."
"symons-crossing-milton","standard","sec:market","I5 built-out","street/area","What the street does show is a settled, largely built-out profile within Coates, where detached homes make up the recorded stock."
"britton-crescent-milton","standard","sec:about","I2 mature; I10 settled-history","street/area","The crescent sits within a network of similar streets, where mature landscaping and a consistent built form give the area a settled feel."
"britton-crescent-milton","standard","faq","I5 built-out; I11 growth-history","street/area","Britton Crescent sits within Ford, one of Milton's east-side residential pockets that filled in during the neighbourhood's build-out phase."
"britton-crescent-milton","standard","faq","I1 established; I4 new-build","street/area","It reads as an established residential street today rather than active new construction, with the surrounding area's amenities and schools already in place."
"copley-court-milton","standard","sec:about","I11 growth-history","street/area","For those who know Milton, Bowes is a neighbourhood that has grown steadily, and Copley Court reflects that measured development."
"copley-court-milton","standard","sec:about","I1 established","street/area","It is a street that feels established without being old, and settled without being busy."
"copley-court-milton","standard","sec:differentPriorities","I3 newer; I7 older","street/area","For those wanting a different balance of lot size or proximity to specific parks, nearby pockets with older construction may present more generous frontage, while newer subdivisions might trade tighter layouts for fresher finishes."
"15-side-road-milton","standard","faq","I1 established","street/area","The street is established."
"dymott-avenue-milton","standard","sec:differentPriorities","I3 newer","street/area","For those weighing different trade-offs, nearby pockets with newer construction or tighter access to certain amenities might shift the balance; the choice often comes down to lot size versus proximity."
"dymott-avenue-milton","standard","sec:differentPriorities","I2 mature","street/area","Exploring the surrounding streets by foot reveals how quickly the character changes, from mature trees to freshly paved cul-de-sacs."
"bonin-crescent-milton","standard","sec:about","I3 newer","street/area","It belongs to the newer western expansion of Milton, where the grid loosens and the streets take on the shapes of the land around them."
"10-side-road-milton","standard","faq","I1 established; I4 new-build","street/area","The road is established rural residential, not a new-build enclave."
"valleyview-crescent-milton","standard","hero ld-place sec:about meta","I8 historic/original","street/area","Valleyview Crescent is a residential crescent in Old Milton, the historic core of the town, where the street grid loosens into curving residential pockets."
"valleyview-crescent-milton","standard","sec:about","I1 established","street/area","Old Milton is the older, more established half of Milton, and Valleyview Crescent belongs to that geography: close to the creek, close to the schools, and set back from the highway interchange that carries the town's commuter traffic."
"valleyview-crescent-milton","standard","sec:homes","I1 established","street/area","The crescent form and its position within Old Milton place it among the town's established residential fabric, but the specific composition of the stock is not something that can be stated with confidence from what is recorded."
"valleyview-crescent-milton","standard","faq","I1 established","street/area","Valleyview Crescent is a crescent in Old Milton, a part of town where the housing stock is largely established rather than new."
"valleyview-crescent-milton","standard","faq","I1 established; I4 new-build","street/area","Valleyview Crescent is an established street within Old Milton rather than a new-build pocket."
"valleyview-crescent-milton","standard","faq","I5 built-out","street/area","The surrounding area was largely built out well before the recent expansion at Milton's edges."
"valleyview-crescent-milton","standard","faq","I4 new-build","street/area","There is no active new construction recorded on the crescent itself."
"walnut-landing-milton","standard","hero ld-place sec:about","I3 newer","street/area","Walnut Landing is a short residential street in Cobban, one of Milton's newer growth areas on the town's southern edge."
"walnut-landing-milton","standard","sec:about","I11 growth-history","street/area","It sits within the grid of streets that filled in as Cobban took shape, a pocket of low-rise housing rather than a through-route."
"walnut-landing-milton","standard","sec:homes","I3 newer","street/area","That single-form profile is common in this part of Cobban, where the newer blocks were laid out around attached housing rather than a broad spread of types."
"walnut-landing-milton","standard","faq","I5 built-out; I6 construction-state","street/area","The street's recorded stock is townhouse, and the surrounding Cobban area is built out rather than active construction."
"walnut-landing-milton","standard","faq","I4 new-build; I14 build-activity","street/area","No new-build activity appears in the street's recent record."
"sales-court-milton","standard","faq","I1 established; I4 new-build; I6 construction-state; I14 build-activity","street/area","Sales Court is an established court in the Harrison area, with no active new-build activity recorded."
"sales-court-milton","standard","faq","I4 new-build; I10 settled-history","street/area","The street's form and position suggest a settled pocket rather than a new development."
"hood-terrace-milton","standard","faq","I1 established; I3 newer; I6 construction-state","street/area","Hood Terrace sits within Coates, one of the newer residential pockets in west Milton, and the housing stock reads as established rather than actively under construction."
"hood-terrace-milton","standard","faq","I4 new-build","street/area","There is no ongoing new-build program on the street itself."
"pratt-heights-milton","standard","sec:about","I2 mature; I10 settled-history","street/area","Ford is a settled pocket of Milton, with mature landscaping and a calm rhythm."
"pratt-heights-milton","standard","sec:differentPriorities","I3 newer","street/area","Meanwhile, buyers focused on newer construction or larger lots may find the newer subdivisions on the outskirts of Ford more aligned with their preferences."
"pratt-heights-milton","standard","faq","I1 established","street/area","Given the limited data on Pratt Heights, exploring other townhouse pockets within the Ford neighbourhood could offer more established sales patterns."
"shepherd-place-milton","standard","sec:about","I2 mature","street/area","Its setting is suburban in the truest sense: low-rise homes, mature trees, and a pace that slows after school hours."
"shepherd-place-milton","standard","sec:differentPriorities","I3 newer","street/area","For those weighing a larger lot or a different era of construction, the newer subdivisions in the area offer their own tradeoffs."
"ware-crescent-milton","standard","hero ld-place sec:about","I1 established; I3 newer","street/area","Ware Crescent is a short residential crescent in Milton's Harrison area, a pocket of west Milton that sits between the town's established grid and the newer edges pushing outward."
"ware-crescent-milton","standard","faq","I14 build-activity","street/area","The street's recorded stock is detached housing with no indication of recent build activity."
"ware-crescent-milton","standard","faq","I1 established; I4 new-build","street/area","It reads as an established pocket within Harrison rather than a new-build street."
"speck-crossing-milton","standard","sec:market","I1 established","street/area","Turnover here is low enough that the street rarely surfaces in the resale record at all, which is common among established Milton addresses where few homes change hands in any given year."
"speck-crossing-milton","standard","faq","I4 new-build; I6 construction-state","street/area","No active new-build program is recorded on Speck Crossing."
"speck-crossing-milton","standard","faq","I1 established","street/area","The surrounding area reads as established residential fabric."
"buttercup-court-milton","standard","sec:about","I7 older; I10 settled-history","street/area","Walker is one of Milton's older residential districts, and Buttercup Court reflects that settled feel."
"buttercup-court-milton","standard","sec:homes","I1 established; I10 settled-history","street/area","When a property does come to market, it is typically a well-established house in a settled neighbourhood."
"roseheath-drive-milton","standard","sec:about","I2 mature","street/area","The neighbourhood's layout gives the street a settled, residential character, with mature trees and well-kept lawns typical of the area."
"roseheath-drive-milton","standard","sec:homes","I10 settled-history","street/area","For buyers, the street offers a straightforward choice: detached living in a settled neighbourhood, with pricing that aligns with the surrounding area."
"mceachern-court-milton","standard","sec:about","I10 settled-history","street/area","Ford is a settled part of Milton rather than a fringe development, and McEachern Court sits well inside it."
"mceachern-court-milton","standard","sec:market","I1 established","street/area","What can be said is structural: a low-turnover detached court in an established part of Milton, priced by its neighbourhood rather than by its own thin record."
"brandon-terrace-milton","standard","sec:about","I13 infill/builder-history","street/area","Dempsey itself is one of Milton's larger planned communities, and Brandon Terrace sits within its residential interior, framed by the low-rise housing that defines this part of town."
"brandon-terrace-milton","standard","sec:differentPriorities","I9 age words","street/area","Readers weighing lot size, build era, or proximity to specific parks and schools will find the tradeoffs shift street by street across Dempsey and its neighbours."
"sanderson-crescent-milton","standard","sec:about","I10 settled-history","street/area","This is a settled pocket of Milton, where the rhythm of daily life is shaped more by neighbours and parks than by through traffic."
"sanderson-crescent-milton","standard","sec:homes","I10 settled-history","street/area","For buyers seeking a detached home in a settled Milton neighbourhood, Sanderson Crescent offers a straightforward, low-key option."
"sanderson-crescent-milton","standard","sec:market","I1 established","street/area","Detached homes dominate the street's housing form, and the limited turnover suggests a quiet, established pocket rather than a high-velocity market."
"challinor-terrace-milton","standard","hero ld-place sec:about","I7 older; I11 growth-history","street/area","Challinor Terrace is a residential street in Milton's Harrison area, a pocket of the town that has filled in steadily as Milton has grown outward from its older core."
"parent-place-milton","standard","hero ld-place sec:about","I2 mature","street/area","Parent Place is a quiet, short residential loop in Milton's Ford neighbourhood, set within a mature part of town where streets curve gently and mature trees line the sidewalks."
"parent-place-milton","standard","faq","I3 newer","street/area","The scale of the street is modest, and the housing stock reflects the Ford neighbourhood's newer subdivision character."
"sideroad-10-milton","standard","faq","I1 established; I4 new-build","street/area","Side Road is an established rural road, not a new-build street."
"sideroad-10-milton","standard","faq","I6 construction-state","street/area","There is no active construction pipeline recorded for it."
"sideroad-10-milton","standard","faq","I9 age words","street/area","The surrounding area is long-settled farmland and rural residential."
"sinclair-boulevard-milton","standard","hero ld-place sec:about","I8 historic/original","street/area","Sinclair Boulevard is a residential street in Milton's Dempsey neighbourhood, a district that took shape as the town pushed east of its historic core."
"sinclair-boulevard-milton","standard","sec:about","I5 built-out","street/area","Dempsey is a largely built-out part of Milton, and Sinclair Boulevard reads as one of its quieter interior streets rather than a through route."
"sinclair-boulevard-milton","standard","sec:market","I1 established","street/area","The absence of resale activity should not be read as a signal about the street's age or its build status; low turnover on an established residential street produces exactly this pattern, and the record contains nothing to suggest otherwise."
"sinclair-boulevard-milton","standard","faq","I1 established; I4 new-build; I6 construction-state","street/area","Sinclair Boulevard sits within the established Dempsey area of Milton rather than an active new-build phase."
"second-line-nassagaweya-milton","standard","sec:market","I1 established","street/area","It runs through Rural Nassagaweya, the low-density agricultural and estate country west of Milton's built edge, where detached houses on generous lots are the dominant form and the housing stock is established rather than new."
"second-line-nassagaweya-milton","standard","faq","I4 new-build","street/area","There is no active new-construction presence on the street."
"morse-place-milton","standard","sec:about","I2 mature","street/area","The street sits within a mature residential pocket, where detached homes line both sides and mature trees frame the sidewalks."
"morse-place-milton","standard","sec:about","I1 established; I3 newer; I13 infill/builder-history","street/area","The area is defined by its residential character, with a mix of established homes and newer infill."
"morse-place-milton","standard","sec:homes","I1 established","street/area","For buyers seeking a detached home in a quiet, established pocket, Morse Place offers a clear, if limited, inventory."
"sheaffe-place-milton","standard","sec:differentPriorities","I1 established; I3 newer","elsewhere","Buyers exploring comparable options might weigh newer construction against more established streets, or prioritize proximity to specific parks or schools."
"stevenson-street-milton","standard","sec:about","I1 established","street/area","The street reads as established and settled rather than transitional, and its position within Beaty places it close to schools, parks, and everyday shopping without putting it on a through-route."
"stevenson-street-milton","standard","faq","I4 new-build; I10 settled-history","street/area","The street's recorded stock is detached, and the surrounding Beaty area is a settled part of Milton rather than a new-build pocket."
"stevenson-street-milton","standard","faq","I6 construction-state","street/area","There is no active construction pipeline reflected in the data for Stevenson Street."
"stevenson-street-milton","standard","faq","I1 established","street/area","The street reads as part of the established fabric of the neighbourhood."
"rutledge-way-milton","standard","sec:about","I11 growth-history; I13 infill/builder-history; I7b older-comma","street/area","For anyone mapping the town, Rutledge Way belongs to the older, looser fabric of Brookville and Haltonville rather than to the planned communities that have grown up around it."
"rutledge-way-milton","standard","faq","I10 settled-history","street/area","The street sits within Brookville/Haltonville, an area with a long-standing rural and village character."
"rutledge-way-milton","standard","faq","I12 stock-age","street/area","A visit is the most reliable way to judge the age of the homes."
"ontario-street-milton","standard","hero ld-place sec:about","I3 newer; I7 older","street/area","Ontario Street runs through the western edge of Milton, where the town's older residential fabric meets the newer subdivisions pushing outward from the core."
"ontario-street-milton","standard","sec:about","I2 mature; I8 historic/original","street/area","Old Milton lies to the east, its shorter blocks and mature trees marking the historic centre."
"gollins-drive-milton","standard","sec:homes","I1 established","street/area","For those seeking a townhouse in a quiet, established part of Milton, Gollins Drive represents a discreet option within a well-serviced pocket."
"randall-crescent-milton","standard","sec:about","I2 mature","street/area","It sits within a mature pocket of Timberlea, where tree-lined streets and well-kept lawns are the norm."
"silver-court-milton","standard","sec:about","I1 established; I2 mature","street/area","Harrison is an established part of Milton, with mature trees and a mix of housing styles that have come to define the area."
"silver-court-milton","standard","sec:about","I3 newer","elsewhere","Silver Court offers a sense of enclosure that is rare in newer subdivisions, making it a distinct pocket within the neighbourhood."
"silver-court-milton","standard","sec:differentPriorities","I3 newer","elsewhere","For those prioritizing newer construction, subdivisions built more recently tend to sit farther from the core."
"silver-court-milton","standard","sec:differentPriorities","I1 established; I3 newer","street/area","The trade-off often comes down to lot size versus proximity; established pockets offer deeper lots, while newer areas deliver modern layouts."
"silver-court-milton","standard","faq","I1 established; I3 newer","elsewhere","For different priorities elsewhere in Milton, consider homes in established pockets with larger lots or newer subdivisions with modern layouts."
"sweetfern-crescent-milton","standard","sec:about","I2 mature","street/area","The crescent sits off a collector road, with mature trees lining the boulevards and a mix of detached homes set back from the pavement."
"sweetfern-crescent-milton","standard","sec:about","I13 infill/builder-history","street/area","Cobban itself is a planned community, with parks and pathways woven between the crescents and cul-de-sacs."
"sweetfern-crescent-milton","standard","sec:differentPriorities","I1 established; I2 mature; I3 newer","street/area","Newer subdivisions nearby often offer tighter frontages but more uniform layouts, while established sections of Cobban carry larger lots and more mature trees."
"reichert-court-milton","standard","hero ld-place sec:about","I3 newer; I7 older","street/area","Reichert Court is a short residential court in Milton's Willmott neighbourhood, a pocket of the town that fills the ground between the older core and the newer edges to the west."
"potts-terrace-milton","standard","faq","I5 built-out","street/area","The street is built out with detached houses."
"potts-terrace-milton","standard","faq","I1 established; I5 built-out","street/area","The street is established, with detached homes forming the built-out stock."
"potts-terrace-milton","standard","faq","I4 new-build; I6 construction-state; I14 build-activity","street/area","There's no active new-build activity recorded here."
"harkin-place-milton","standard","hero ld-place sec:about","I1 established","street/area","Harkin Place sits in the Scott neighbourhood, a short residential close in Milton's established southwest."
"lancaster-boulevard-milton","standard","sec:about","I1 established; I4 new-build; I5 built-out; I10 settled-history","street/area","Beaty is a settled part of Milton, built out rather than expanding, and Lancaster Boulevard reflects that condition: a street with an established footprint and little new construction around it."
"burdock-court-milton","standard","faq","I1 established; I4 new-build; I6 construction-state; I14 build-activity","street/area","The street reads as established, with detached housing and no active new-build activity recorded."
"charles-street-milton","standard","hero ld-place sec:about","I8 historic/original","street/area","Charles Street is a short residential street in Old Milton, the historic core of the town, where the grid tightens and the lots run shallow."
"charles-street-milton","standard","sec:about","I7 older","street/area","It sits within walking distance of the downtown blocks, close enough that the commercial spine and the older residential fabric share the same few minutes on foot."
"charles-street-milton","standard","sec:market","I1 established; I4 new-build","street/area","The stock here is detached, single-family in form, and the street sits within Old Milton, a pocket whose housing is largely established rather than newly built."
"charles-street-milton","standard","sec:neighbourhoodComparable","I1 established","street/area","What the neighbourhood comparable offers is orientation: a stable, established detached market in Old Milton against which a street with no recorded sales can at least be situated."
"charles-street-milton","standard","faq","I1 established; I4 new-build","street/area","Charles Street is an established Old Milton address rather than a new-build street."
"charles-street-milton","standard","faq","I7 older","street/area","Its recorded housing stock is detached, consistent with the older fabric of the surrounding neighbourhood."
"country-lane-court-milton","standard","sec:about","I3 newer","street/area","Moffat sits well removed from Milton's urban core, closer in rhythm to Campbellville and the surrounding escarpment lands than to the newer subdivisions south of Derry."
"country-lane-court-milton","standard","sec:about","I2 mature","street/area","The setting is quiet, low-density, and framed by farmland and mature tree cover."
"country-lane-court-milton","standard","faq","I3 newer","street/area","The setting is quiet and low-density, quite different from the townhome and semi-detached streets that define much of newer Milton to the south."
"chee-chee-landing-milton","standard","faq","I13 infill/builder-history","street/area","It's a compact stock, typical of the Ford neighbourhood's infill character."
"minchin-way-milton","standard","sec:about","I1 established; I2 mature","street/area","It sits within a mature pocket of the town, where tree-lined streets and established homes define the character."
"farlow-crescent-milton","standard","sec:about","I2 mature","street/area","It sits within a network of similar crescents and streets that define this part of Milton, where sidewalks and mature trees frame the daily rhythm."
"farlow-crescent-milton","standard","sec:about","I1 established","street/area","The surrounding area is well established, with schools, parks, and everyday conveniences never far."
"stacey-crescent-milton","standard","sec:about","I2 mature","street/area","The crescent sits within a grid of similar streets, where mature trees and well-kept lawns set the tone."
"strathcona-court-milton","standard","sec:about","I2 mature","street/area","The court sits within a mature residential pocket, where streets curve gently and traffic stays local."
"strathcona-court-milton","standard","sec:about","I1 established","street/area","The court itself is compact, lined with a mix of housing that gives the street a settled, established feel."
"strathcona-court-milton","standard","sec:differentPriorities","I3 newer","elsewhere","Those who prefer newer construction might look toward subdivisions built in the last decade, which carry a different price point and lot character."
"crawford-crescent-milton","standard","faq","I1 established","street/area","The street is established, with detached homes and a small number of recent sales."
"crawford-crescent-milton","standard","faq","I4 new-build; I6 construction-state","street/area","There is no active new-build program on Crawford Crescent."
"court-street-milton","standard","sec:about","I2 mature; I10 settled-history","street/area","It is a short, settled street, lined with mature trees and a mix of housing that reflects the area's long history."
"court-street-milton","standard","sec:homes","I1 established","street/area","The street's turnover is low, and active listings are presently absent, reflecting a quiet, established pocket."
"detlor-heights-milton","standard","hero ld-place sec:about","I7 older; I11 growth-history","street/area","Detlor Heights is a residential street in Milton's Walker neighbourhood, a pocket of the town that has filled in steadily as Milton has grown westward and northward from its older core."
"detlor-heights-milton","standard","sec:about","I1 established","street/area","Walker itself is an established part of the Milton map, and Detlor Heights reads as one of its quieter residential threads."
"detlor-heights-milton","standard","faq","I1 established","street/area","Detlor Heights sits within the established Walker neighbourhood, surrounded by existing residential streets and parks."
"detlor-heights-milton","standard","faq","I4 new-build; I6 construction-state","street/area","There is no active new-build pipeline recorded on the street itself."
"coxe-boulevard-milton","standard","sec:about","I2 mature","street/area","The street sits within a grid of similar boulevards, with mature trees and wide sidewalks shaping the public realm."
"coxe-boulevard-milton","standard","sec:market","I4 new-build","street/area","Coxe Boulevard is a new construction street in Timberlea with no recorded resale history."
"coxe-boulevard-milton","standard","faq","I7 older","elsewhere","Buyers with a tighter budget might consider streets with smaller lots or older construction in Timberlea."
"croft-avenue-milton","standard","sec:about","I2 mature","street/area","The avenue is framed by mature trees and well-kept lawns, offering a settled, suburban character."
"croft-avenue-milton","standard","sec:homes","I10 settled-history","street/area","For buyers seeking a detached home in a settled Milton pocket, Croft Avenue presents a consistent, grounded option."
"alder-gate-milton","standard","sec:about","I2 mature","street/area","It sits within a mature pocket of the community, where tree-lined streets and well-kept lawns set the tone."
"vaughan-court-milton","standard","sec:about","I1 established; I2 mature","street/area","Scott is a mature area of Milton, with established parks and schools woven into the fabric of the neighbourhood."
"vaughan-court-milton","standard","sec:differentPriorities","I1 established; I2 mature; I3 newer; I7 older","street/area","Newer subdivisions in the area tend to feel less established, while older pockets carry more mature trees and settled landscaping."
"conservation-road-milton","standard","faq","I1 established","street/area","The street reads as established rather than new."
"conservation-road-milton","standard","faq","I4 new-build; I6 construction-state; I14 build-activity","street/area","There is no active new-build activity on Conservation Road itself."
"conservation-road-milton","standard","faq","I9 age words","street/area","The housing stock is detached and has been in place for some time."
"crozier-crescent-milton","standard","hero ld-place","I3 newer; I7 older","street/area","Crozier Crescent is a residential crescent in Milton's Beaty neighbourhood, a pocket of west Milton that sits between the town's older core and the newer growth pushing toward the escarpment."
"clifford-point-milton","standard","sec:about","I2 mature","street/area","The surrounding streets follow a similar pattern, with single-family housing and mature landscaping giving the area a settled, suburban character."
"clifford-point-milton","standard","sec:differentPriorities","I1 established; I3 newer","elsewhere","Buyers exploring comparable options might weigh newer construction with tighter frontages against more established streets where lots run deeper."
"clifford-point-milton","standard","faq","I2 mature","elsewhere","Streets with deeper lots or more mature trees may suit different priorities, though recent activity varies by block."
"mcduffe-crescent-milton","standard","sec:about","I1 established","street/area","The crescent itself is lined with detached homes, giving the street a consistent, established feel."
"zelinsky-crescent-milton","standard","hero ld-place","I3 newer","street/area","Zelinsky Crescent is a quiet, residential loop in Milton's Coates neighbourhood, a pocket of the town known for its newer subdivisions and easy access to major routes."
"zelinsky-crescent-milton","standard","sec:market","I10 settled-history","street/area","The street's position within Coates, close to Maquire Park and within walking distance of several elementary schools, anchors its appeal in a settled residential context."
"geddes-landing-milton","standard","hero ld-place sec:about","I9 age words","street/area","Geddes Landing is a quiet residential street in the Scott neighbourhood of Milton, a pocket of the town that has taken shape over recent decades."
"geddes-landing-milton","standard","sec:about","I2 mature; I3 newer","street/area","The street runs through a landscape of newer subdivisions, where sidewalks line both sides and mature plantings are still finding their footing."
"geddes-landing-milton","standard","sec:homes","I3 newer","street/area","The homes are typical of the area's newer construction, with a range of styles and sizes represented."
"geddes-landing-milton","standard","sec:homes","I1 established","street/area","The homes here are part of a broader Scott neighbourhood market, where detached properties typically trade in a range that reflects the area's established character."
"geddes-landing-milton","standard","sec:differentPriorities","I1 established; I2 mature; I5 built-out; I7 older; I9 age words","street/area","Those drawn to more established streetscapes with mature trees might look east into Milton's older grid, where the housing stock predates the western build-out."
"geddes-landing-milton","standard","faq","I2 mature; I7 older","elsewhere","Buyers exploring comparable options should think in terms of tradeoffs: pockets closer to Milton GO trim the commute, while streets in Milton's older grid offer more mature streetscapes."
"millside-drive-milton","standard","sec:about","I9 age words","street/area","The street's position gives it a particular kind of access: close to the town's institutional anchors, close to the highway, and set within a neighbourhood that predates the bulk of Milton's recent growth."
"brush-road-milton","standard","sec:about","I10 settled-history","street/area","The street runs through a settled part of Dempsey where the grid is quiet and the addresses are largely residential."
"brush-road-milton","standard","sec:homes","I10 settled-history","street/area","What the street holds is a settled residential form within Dempsey, and the housing stock reflects that."
"brush-road-milton","standard","sec:homes","I1 established; I4 new-build","street/area","The street itself is not a new-construction address; it sits within an established part of the neighbourhood where the pattern of the grid is already set."
"brush-road-milton","standard","sec:homes","I10 settled-history","street/area","The street is understood as a settled residential address rather than a turnover-driven one."
"brush-road-milton","standard","sec:market","I1 established","street/area","Turnover here is low enough that the street rarely surfaces in the transaction record at all, which is a pattern common to established residential pockets where homes change hands infrequently."
"brush-road-milton","standard","faq","I1 established; I4 new-build","street/area","Dempsey as a whole is an established part of Milton rather than a new-build pocket."
"miles-street-milton","standard","hero ld-place sec:about","I8 historic/original; I9 age words","street/area","Miles Street sits in Old Milton, the historic core of the town, where the street grid predates the subdivisions that now ring it."
"miles-street-milton","standard","sec:about","I2 mature","street/area","The street is residential and low-rise, framed by mature trees and the kind of small-scale frontage that marks Milton's older blocks."
"miles-street-milton","standard","sec:about","I1 established","street/area","It is a short street, and its position puts the town's established centre within easy reach."
"miles-street-milton","standard","sec:about","I4 new-build; I7 older","street/area","Old Milton remains the reference point for the street's identity: an older pocket of detached homes rather than a new-build enclave."
"miles-street-milton","standard","sec:about","I5 built-out; I13 infill/builder-history","street/area","The surrounding blocks are quiet and largely built out, with little room for the kind of infill that changes a street's character quickly."
"miles-street-milton","standard","sec:homes","I3 newer","elsewhere","That single-type profile is unusual for Milton, where newer streets tend to carry a blend of forms."
"downes-jackson-heights-milton","standard","sec:differentPriorities","I9 age words","street/area","For those who want a larger lot or a different layout, nearby pockets built in the same era may provide more variety in frontage and square footage."
"clements-drive-milton","standard","sec:about","I10 settled-history","street/area","The street runs quietly through a settled part of the grid, framed by the low-rise housing that defines this section of Timberlea."
"clements-drive-milton","standard","sec:about","I1 established; I4 new-build; I5 built-out","street/area","The surrounding blocks are largely built out, giving the street a finished, established feel rather than the raw edge of a new subdivision."
"jelinik-terrace-milton","standard","sec:about","I1 established","street/area","The street itself is short and intimate, lined with detached homes that give it a settled, established feel."
"stearn-place-milton","standard","sec:about","I1 established; I11 growth-history","street/area","It is a street that feels established, part of a neighbourhood that has grown into itself over the years."
"willow-avenue-milton","standard","hero ld-place sec:about","I1 established","street/area","Willow Avenue runs through the Dorset Park neighbourhood of Milton, a residential pocket with a quiet, established feel."
"wickson-way-milton","standard","sec:about","I5 built-out","street/area","The street's place in the Milton grid reads as residential fabric in a largely built-out quarter, one where the road pattern turns and narrows rather than carrying through traffic."
"wickson-way-milton","standard","sec:about","I10 settled-history","street/area","Beaty itself is a settled part of town, with the sort of internal geometry that rewards a map more than a description."
"moira-crescent-milton","standard","hero ld-place sec:about","I7 older","street/area","Moira Crescent is a residential crescent in Milton's Bowes area, a pocket of the town that sits west of the commercial spine and north of the older settlement core."
"moira-crescent-milton","standard","sec:about","I3 newer","street/area","What frames it is the surrounding Bowes grid, a district of newer residential streets laid out at a remove from Milton's main arterial roads."
"tonelli-lane-milton","standard","sec:about","I2 mature","street/area","Mature trees line portions of the street, and the lots are generous for a lane of this type."
"winter-crescent-milton","standard","sec:about","I2 mature","street/area","The street sits within a grid of similar crescents and avenues, framed by mature trees and well-kept lawns."
"havelock-garden-milton","standard","hero ld-place sec:about","I7 older","street/area","Havelock Garden is a short residential street in Milton's Bowes area, a pocket of the town that fills the ground between the commercial spine of Derry Road and the older settlement grid to the south."
"havelock-garden-milton","standard","sec:about","I5 built-out","street/area","What frames Havelock Garden is not a landmark but a network: a suburban street pattern laid over former farmland, now fully built out and connected to the wider town."
"dinsmore-drive-milton","standard","sec:homes","I1 established","street/area","What can be said is that Dinsmore Drive sits within Beaty's established residential fabric, and the neighbourhood around it is well documented even where the street is not."
"dinsmore-drive-milton","standard","faq","I4 new-build; I5 built-out; I6 construction-state; I9 age words","street/area","Dinsmore Drive sits within Beaty, a neighbourhood that has been built out for some time rather than an active new-build site."
"dinsmore-drive-milton","standard","faq","I6 construction-state","street/area","The street itself shows no signs of ongoing construction."
"dinsmore-drive-milton","standard","faq","I10 settled-history","street/area","Its character is that of a settled residential road."
"reis-place-milton","standard","sec:about","I3 newer","street/area","The street sits within a grid of newer residential blocks, framed by the parks and school sites that anchor this part of Ford."
"reis-place-milton","standard","sec:about","I3 newer","street/area","For anyone tracing how Milton's newer residential edges have taken shape, this is a representative address rather than an outlier."
"ellenton-crescent-milton","standard","sec:about","I2 mature","street/area","The crescent curves gently, with detached homes set back from the road, and mature trees lining the boulevards."
"holbrook-court-milton","standard","sec:differentPriorities","I1 established; I3 newer","street/area","Newer subdivisions in the area may present different lot configurations or a more established tree canopy, depending on the pocket."
"holbrook-court-milton","standard","faq","I1 established","street/area","Rent levels are not firmly established given the thin activity."
"edison-court-milton","standard","faq","I1 established; I4 new-build","street/area","Edison Court is an established residential court within Dorset Park, not a new-build street."
"edison-court-milton","standard","faq","I4 new-build; I6 construction-state","street/area","No active new-construction activity is recorded on the street."
"hume-way-milton","standard","sec:about","I1 established","street/area","For a buyer looking at this part of Milton, Hume Way is a quiet address within a well-established area."
"hume-way-milton","standard","faq","I1 established; I4 new-build","street/area","Hume Way is an established street within the Beaty neighbourhood, not a new-build site."
"hume-way-milton","standard","faq","I6 construction-state","street/area","There is no active construction pipeline on the street itself."
"reid-side-road-milton","standard","sec:about","I3 newer","street/area","It is the kind of address that reads as countryside first and municipality second: low traffic, wide sky, and a position well removed from the subdivision grid that defines much of Milton's newer housing."
"reid-side-road-milton","standard","faq","I1 established; I4 new-build","street/area","What can be said is that the surrounding Rural Milton West area is long-established rural land rather than a new subdivision frontier."
"higginbotham-crescent-milton","placeholder","hero ld-place","I1 established","street/area","Families on Higginbotham Crescent enjoy quiet cul-de-sac living within the established Willmott neighbourhood."
"robinwood-crescent-milton","standard","hero ld-place sec:about","I1 established","street/area","Robinwood Crescent is a quiet residential loop in Old Milton, one of the town's established neighbourhoods."
"robinwood-crescent-milton","standard","sec:about","I3 newer","elsewhere","The crescent's layout encourages a slower pace, with limited through traffic and a sense of enclosure that is rare in newer subdivisions."
"robinwood-crescent-milton","standard","sec:market","I2 mature","street/area","Robinwood Crescent is a quiet crescent in Old Milton, a pocket of the neighbourhood where detached homes sit on mature, tree-lined streets."
"robinwood-crescent-milton","standard","sec:neighbourhoodComparable","I2 mature","street/area","The overall picture is one of a mature, stable residential area where demand remains consistent, even if individual streets see only occasional trades."
"robinwood-crescent-milton","standard","sec:differentPriorities","I1 established; I3 newer","street/area","Homes built in different eras carry different maintenance expectations, and the tradeoff between established tree-lined blocks and newer construction is worth weighing."
"stringer-circle-milton","standard","hero ld-place sec:about","I1 established; I3 newer","street/area","Stringer Circle is a residential circle in Milton's Scott neighbourhood, a pocket of west Milton that sits between the town's established grid and its newer western edge."
"leriche-way-milton","standard","sec:about","I2 mature","street/area","The area is quiet, with mature landscaping and sidewalks framing the roadway."
"leriche-way-milton","standard","faq","I1 established","elsewhere","For different priorities elsewhere in Milton, consider pockets with a more established feel or those closer to daily amenities."
"haxton-heights-milton","standard","hero ld-place sec:about","I1 established","street/area","Haxton Heights sits in the Willmott neighbourhood of Milton, a residential street that runs quietly through the area's established fabric."
"haxton-heights-milton","standard","sec:differentPriorities","I2 mature","elsewhere","For those who prefer a quieter setting, streets with larger lots or more mature trees could shift the balance."
"doran-crescent-milton","standard","sec:about","I1 established","street/area","The street's setting is suburban and settled rather than transitional, with the built form around it long established."
"doran-crescent-milton","standard","faq","I1 established","street/area","Doran Crescent sits within the established Ford area of Milton, surrounded by existing residential streets and parks."
"doran-crescent-milton","standard","faq","I4 new-build; I6 construction-state","street/area","There is no active new-build program on the street itself."
"doran-crescent-milton","standard","faq","I5 built-out; I9 age words","street/area","The surrounding neighbourhood has been built out for some time."
"brothers-crescent-milton","standard","sec:neighbourhoodComparable","I1 established","street/area","Taken together, the neighbourhood picture is one of steady, unremarkable trade at a level well established across the area."
"john-street-milton","standard","hero ld-place sec:about","I10 settled-history","street/area","John Street runs through the heart of Old Milton, one of the town's earliest settled neighbourhoods."
"john-street-milton","standard","sec:about","I2 mature","street/area","It is a short, quiet residential lane lined with mature trees and century homes."
"john-street-milton","standard","sec:about","I3 newer","street/area","Its compact scale and deep-rooted character set it apart from the newer subdivisions spreading across the town's periphery."
"john-street-milton","standard","sec:homes","I9 age words; I10 settled-history","street/area","The street's housing stock is consistent in scale and era, giving it a cohesive, settled feel."
"john-street-milton","standard","sec:market","I2 mature","street/area","The typical home here is a detached residence on a generous parcel, often with mature trees and proximity to Rotary Park."
"john-street-milton","standard","sec:differentPriorities","I2 mature; I3 newer; I6 construction-state","elsewhere","Those seeking newer construction or larger lots might look toward the edges of Old Milton where subdivisions are still maturing."
"john-street-milton","standard","faq","I1 established; I9 age words","street/area","John Street is primarily detached homes, built in an era that reflects Old Milton's established character."
"leitch-landing-milton","standard","hero ld-place sec:about","I2 mature","street/area","Leitch Landing is a quiet residential street in the Scott neighbourhood of Milton, a pocket of the town defined by its mature trees and steady, unhurried rhythm."
"leitch-landing-milton","standard","sec:about","I1 established; I9 age words","street/area","Scott is one of Milton's established areas, with a mix of housing that has settled into place over decades."
"leitch-landing-milton","standard","sec:homes","I3 newer","street/area","These homes sit on lots that are typical for the area, offering a sense of space that is increasingly uncommon in newer developments."
"whetham-heights-milton","standard","hero ld-place sec:about","I1 established","street/area","Whetham Heights is a residential street in Milton's Harrison area, a pocket that sits within the town's established western grid."
"whetham-heights-milton","standard","sec:about","I5 built-out; I10 settled-history","street/area","The street takes its name from its elevated position, and the surrounding blocks are largely built out, with the kind of settled street pattern that comes from a neighbourhood that has been finished for some time."
"whetham-heights-milton","standard","faq","I4 new-build","street/area","The street's recorded stock is semi-detached homes, a form that in Milton generally points to established rather than new-build construction."
"whetham-heights-milton","standard","faq","I4 new-build; I6 construction-state","street/area","There is no active new-construction activity recorded on Whetham Heights."
"whetham-heights-milton","standard","faq","I10 settled-history","street/area","The street reads as a settled pocket within Harrison."
"syer-drive-milton","standard","sec:about","I2 mature","street/area","Timberlea itself is a mature area, with parks and schools woven into the residential fabric."
"syer-drive-milton","standard","sec:about","I1 established","street/area","For those seeking a foothold in Milton's established west end, Syer Drive offers a straightforward introduction to the area's residential landscape."
"syer-drive-milton","standard","sec:market","I2 mature","street/area","The street itself offers little recent activity to analyze, and its position within Timberlea, a mature residential area with detached housing as the dominant form, suggests a quiet, low-turnover pocket rather than a high-velocity market."
"pollock-gate-milton","standard","faq","I5 built-out","street/area","The street sits within Beaty, a neighbourhood that has been built out rather than one still under active development."
"pollock-gate-milton","standard","faq","I4 new-build","street/area","No new-build pipeline is recorded for Pollock Gate itself."
"pollock-gate-milton","standard","faq","I1 established","street/area","The surrounding area reads as established residential fabric."
"sloan-drive-milton","standard","sec:about","I1 established","street/area","Dempsey is one of Milton's more established residential quarters, and Sloan Drive reads as a small, self-contained piece of it."
"sim-place-milton","standard","faq","I1 established","elsewhere","Comparable options in the Beaty area offer semi-detached homes in a similar price range, with some closer to the GO station or with more established surroundings."
"powys-street-milton","standard","sec:homes","I1 established; I5 built-out","street/area","What the street does have is a position within an established residential pocket of Milton, where the surrounding stock is predominantly low-rise and the street itself reads as a settled, built-out residential address."
"powys-street-milton","standard","faq","I1 established","street/area","The street sits within Clarke, an area with a long-established residential footprint."
"gooch-crescent-milton","standard","sec:about","I2 mature; I5 built-out","street/area","The surrounding area is largely built out, with mature trees and sidewalks lining most blocks."
"gooch-crescent-milton","standard","faq","I2 mature","street/area","Gooch Crescent is made up of detached homes, built in a mature pocket of Scott."
"moreau-lane-milton","standard","faq","I1 established; I4 new-build","street/area","Moreau Lane is an established lane within the Coates neighbourhood, not a new-build street."
"moreau-lane-milton","standard","faq","I5 built-out; I9 age words","street/area","The surrounding area has been built out for some time."
"moreau-lane-milton","standard","faq","I6 construction-state","street/area","There is no active construction pipeline on the street itself."
"broadway-avenue-milton","standard","hero ld-place sec:about","I10 settled-history","street/area","Broadway Avenue runs through the heart of Old Milton, one of the town's earliest settled areas."
"broadway-avenue-milton","standard","sec:about","I2 mature; I3 newer; I7 older","street/area","The street carries a quiet, residential character, with mature trees lining the sidewalks and a mix of older and newer homes standing side by side."
"broadway-avenue-milton","standard","sec:about","I1 established","street/area","The surrounding neighbourhood is defined by its established feel, with winding streets and green spaces that break up the grid."
"grey-landing-milton","standard","hero ld-place sec:about","I3 newer","street/area","Grey Landing is a quiet residential street in the Ford neighbourhood of Milton, set within a landscape of newer subdivisions and open green space."
"grey-landing-milton","standard","faq","I1 established; I2 mature; I3 newer","elsewhere","Buyers might weigh newer construction against established streets with mature trees, or prioritize walkable park access versus highway convenience."
"conway-court-milton","standard","hero ld-place sec:about","I2 mature","street/area","Conway Court is a quiet cul-de-sac in the Timberlea neighbourhood of Milton, a residential pocket defined by its mature trees and orderly streets."
"conway-court-milton","standard","sec:about","I1 established","street/area","For those who value a settled, residential setting within a well-established part of Milton, Conway Court offers a distinct sense of place."
"conway-court-milton","standard","faq","I1 established","street/area","The stock is typical of Timberlea's established residential fabric, offering both entry-level and more substantial options."
"kingsleigh-court-milton","standard","hero ld-place sec:about","I8 historic/original; I9 age words","street/area","Kingsleigh Court is a residential court in Old Milton, the part of town that predates the subdivisions and still holds the grid closest to the original village centre."
"kingsleigh-court-milton","standard","sec:gettingAround","I7 older","street/area","For a court tucked into the older grid, the reach is wider than the address suggests."
"meadowland-crescent-milton","standard","faq","I1 established","street/area","The street reads as established rather than new."
"meadowland-crescent-milton","standard","faq","I6 construction-state","street/area","There is no active construction or builder presence recorded here."
"kingsway-place-milton","standard","hero ld-place sec:about","I8 historic/original","street/area","Kingsway Place is a short residential street in Old Milton, the historic core of the town where the grid is tight and the streets tend to end rather than run on."
"kingsway-place-milton","standard","sec:about","I1 established; I7 older","street/area","It sits within a pocket of established housing, framed by the older residential fabric that defines this part of Milton."
"kingsway-place-milton","standard","sec:about","I2 mature; I8 historic/original; I9 age words","street/area","Old Milton itself is the town's original settlement area, and its streets reflect that: narrower lots, mature trees, and a scale that predates the subdivision boom to the south and east."
"norris-circle-milton","standard","faq","I1 established; I4 new-build","street/area","Norris Circle is an established street within Beaty, not a new-build site."
"king-street-milton","standard","hero ld-place sec:about meta","I7 older; I8 historic/original; I9 age words","street/area","King Street is one of the older residential threads running through Old Milton, the historic core of town where the street grid predates the subdivisions that now ring it."
"king-street-milton","standard","sec:about","I1 established; I3 newer; I7 older","street/area","Old Milton itself is a compact, established pocket, and King Street reads as part of that older fabric rather than the newer growth on the town's periphery."
"king-street-milton","standard","sec:about","I1 established","street/area","For anyone orienting themselves in Milton, it is a street that sits comfortably in the established centre."
"king-street-milton","standard","sec:homes","I1 established; I8 historic/original","street/area","What is clear is that King Street is an established residential street within the historic core, and its homes sit within the broader Old Milton market rather than apart from it."
"king-street-milton","standard","sec:market","I7 older; I8 historic/original","street/area","King Street sits within Old Milton, the historic core of the town, where the housing stock is predominantly older and the lot pattern is set."
"king-street-milton","standard","faq","I1 established","street/area","King Street sits within Old Milton, an established part of town where the housing stock is largely older and varied."
"king-street-milton","standard","faq","I1 established","street/area","King Street sits within Old Milton, an established part of town, and the street itself shows no recent recorded sales activity."
"king-street-milton","standard","faq","I4 new-build; I10 settled-history","street/area","That points to a settled street rather than a new build corridor."
"king-street-milton","standard","faq","I7 older","street/area","The surrounding neighbourhood is largely older housing stock."
"peacock-lane-milton","standard","sec:homes","I5 built-out","street/area","What can be said is that the lane form itself tends to produce a small number of addresses rather than a long run of frontages, and that the Beaty area as a whole is built out rather than expanding."
"peacock-lane-milton","standard","faq","I1 established; I10 settled-history","street/area","Peacock Lane sits within Beaty, an established part of Milton with a settled residential fabric."
"peacock-lane-milton","standard","faq","I4 new-build; I6 construction-state; I14 build-activity","street/area","There is no active new-build activity recorded on the street itself."
"peacock-lane-milton","standard","faq","I5 built-out; I9 age words","street/area","The surrounding area has been built out for some time."
"mcnabb-crescent-milton","standard","sec:homes","I3 newer","street/area","That single-type profile is uncommon in Milton, where most newer pockets blend at least two forms, and it gives the crescent a consistent built character along its length."
"winn-trail-milton","standard","faq","I3 newer","street/area","The surrounding Coates area is predominantly low-rise residential, with a blend of detached homes and townhomes typical of Milton's newer west-end subdivisions."
"winn-trail-milton","standard","faq","I3 newer; I5 built-out; I6 construction-state","street/area","Winn Trail sits within Coates, one of Milton's newer west-end residential areas, so the surrounding streets are largely built out rather than actively under construction."
"winn-trail-milton","standard","faq","I4 new-build; I14 build-activity","street/area","No new-build activity is recorded on the street itself."
"winn-trail-milton","standard","faq","I1 established","street/area","The area reads as an established pocket within a subdivision that is itself relatively recent."
"bennett-boulevard-milton","standard","sec:about","I3 newer","street/area","For those exploring Milton, Bennett Boulevard offers a straightforward introduction to the area's newer residential pockets."
"centennial-forest-drive-milton","standard","sec:about","I2 mature; I10 settled-history","street/area","Timberlea is a settled part of Milton, with mature landscaping and a layout that favours pedestrians over through traffic."
"thimbleweed-court-milton","standard","sec:about","I1 established; I2 mature","street/area","Walker is a well-established area, with mature trees and a network of parks that break up the residential blocks."
"thimbleweed-court-milton","standard","sec:about","I11 growth-history","street/area","For those who live here, the street offers a settled, low-key presence within a neighbourhood that has grown steadily over the years."
"haws-crescent-milton","standard","hero ld-place sec:about","I8 historic/original; I11 growth-history","street/area","Haws Crescent is a residential crescent in Milton's Clarke neighbourhood, a pocket of the town that has filled in steadily as Milton has grown westward and northward from its historic core."
"houston-drive-milton","standard","sec:about","I10 settled-history","elsewhere","The street runs through a settled part of the grid where the housing mix leans toward semi-detached and detached forms rather than the denser townhouse clusters found elsewhere in Clarke."
"eden-place-milton","standard","sec:market","I1 established","street/area","The honest summary is that Eden Place is an established, low-turnover street whose market behaviour is legible only through the neighbourhood around it."
"eden-place-milton","standard","sec:differentPriorities","I1 established; I3 newer","street/area","Buyers weighing a newer subdivision against an established pocket, or a shorter walk to a specific park, will find the tradeoffs differ street by street across Beaty and the surrounding neighbourhoods."
"eden-place-milton","standard","faq","I9 age words","street/area","Buyers wanting a detached home on a quieter street may prefer to stay within Beaty and compare by lot and era instead."
"primrose-crescent-milton","standard","sec:about","I1 established; I3 newer","street/area","Walker itself sits in Milton's eastern half, within reach of the town's established commercial spine and the newer retail along the regional roads."
"primrose-crescent-milton","standard","faq","I1 established; I4 new-build; I6 construction-state; I14 build-activity","street/area","Primrose Crescent sits within the established Walker neighbourhood, and the street itself shows no active new-build activity in the current data."
"mccuaig-drive-milton","standard","sec:about","I3 newer","street/area","The street itself is a calm, tree-lined route, typical of the newer residential development that defines this part of Milton."
"mccuaig-drive-milton","standard","sec:homes","I10 settled-history","street/area","For those seeking a detached home in a settled residential setting, McCuaig Drive offers a straightforward choice within the Clarke area."
"rottenburg-court-milton","standard","faq","I1 established; I4 new-build","street/area","Rottenburg Court is an established court within Willmott, not a new-build site."
"fifth-line-milton","standard","faq","I1 established; I4 new-build","street/area","The street reads as established rural Milton rather than a new-build corridor."
"johnson-heights-milton","standard","sec:about","I5 built-out","street/area","Coates is largely a built-out residential area, and Johnson Heights reads as one of its quieter interior addresses, away from the through traffic that shapes the busier collectors."
"coates-drive-milton","standard","hero ld-place sec:about","I1 established","street/area","Coates Drive runs through the Dempsey neighbourhood in Milton's north end, a residential street that carries a quiet, established rhythm."
"coates-drive-milton","standard","sec:differentPriorities","I9 age words","elsewhere","For different priorities elsewhere in Milton, the question usually turns on era and setting."
"coates-drive-milton","standard","faq","I9 age words","street/area","The answer depends on which quality is doing the work: school proximity, GO access, era of construction, or lot character."
"coates-drive-milton","standard","faq","I2 mature; I3 newer; I7 older","elsewhere","Buyers prioritizing older stock and mature trees tend to look toward Milton's downtown-adjacent pockets, while those wanting newer construction generally look further south and west."
"english-mill-court-milton","standard","sec:differentPriorities","I1 established; I2 mature; I3 newer","street/area","Homes in established sections with mature trees might appeal if the setting matters more than the newest finishes."
"english-mill-court-milton","standard","faq","I3 newer","elsewhere","For different priorities elsewhere in Milton, consider streets in the Ford area with similar detached stock, or newer subdivisions where lot configurations may differ."
"five-side-road-milton","standard","sec:market","I1 established","elsewhere","Suitability questions are addressed elsewhere on this page; the market read here is simply that Five Side Road is quiet, established and priced by reference to its neighbourhood rather than by its own recent trades."
"magnolia-terrace-milton","standard","hero ld-place sec:about meta","I3 newer","street/area","Magnolia Terrace sits in Cobban, one of the newer quarters of Milton's southern grid, where the street pattern runs tight and the housing stock is largely detached."
"clarkson-gate-milton","standard","faq","I1 established; I4 new-build","street/area","Clarkson Gate is an established street within the Ford area, not a new-build enclave."
"twinflower-place-milton","standard","sec:about","I1 established; I2 mature; I11 growth-history","street/area","Walker itself is a established part of Milton, with mature landscaping and a mix of housing that has grown over the years."
"twinflower-place-milton","standard","sec:differentPriorities","I9 age words","elsewhere","Buyers exploring comparable options might weigh differences in lot size, construction era, or proximity to the GO station and highway access, all of which vary within the neighbourhood."
"bronson-terrace-milton","standard","hero ld-place","I11 growth-history","street/area","Bronson Terrace is a short residential street in Milton's Ford area, a pocket of the town that has filled in steadily as Milton has grown westward and northward."
"bronson-terrace-milton","standard","faq","I1 established; I10 settled-history","street/area","The street's recent sales are all townhouses, and the surrounding Ford area has a settled feel with established streets and parks."
"bronson-terrace-milton","standard","faq","I1 established; I4 new-build","street/area","The street reads as part of Milton's established western fabric rather than a new-build enclave."
"amos-drive-milton","standard","sec:about","I1 established","street/area","The surrounding neighbourhood is established, with schools and parks woven into the fabric of daily life."
"amos-drive-milton","standard","sec:market","I5 built-out","street/area","Amos Drive sits within Brookville/Haltonville, in the rural northern reach of Milton, closer in feel to Moffat and Campbellville than to the town's built-up subdivisions."
"amos-drive-milton","standard","faq","I1 established; I4 new-build","street/area","Amos Drive is part of the established rural fabric of Brookville/Haltonville rather than a new subdivision."
"jean-landing-milton","standard","sec:about","I1 established; I10 settled-history","street/area","The Ford neighbourhood is well established, and Jean Landing reflects that settled character."
"jean-landing-milton","standard","sec:differentPriorities","I1 established; I2 mature; I7 older","elsewhere","Buyers seeking larger lots or more established landscaping might look toward older sections of Milton, where trees have had time to mature."
"jean-landing-milton","standard","faq","I1 established","elsewhere","A broader search across Milton's established neighbourhoods may reveal alternatives that better match specific priorities."
"marigold-court-milton","standard","sec:about","I11 growth-history","street/area","This is a street that reads as settled and unhurried, part of a larger residential fabric that has grown steadily over the years."
"harvest-drive-milton","standard","sec:about","I1 established","street/area","Its setting is quiet and orderly, with a mix of housing that gives the street a settled, established feel."
"urell-way-milton","standard","faq","I1 established; I6 construction-state","street/area","The recorded stock on Urell Way is semi-detached, and the street reads as part of the established Harrison fabric rather than an active build site."
"hearns-place-milton","standard","hero ld-place sec:about","I3 newer; I7 older","street/area","Hearns Place is a short residential street in Milton's Bowes area, a pocket of west Milton that sits between the older grid closer to downtown and the newer subdivisions pushing toward the escarpment."
"storey-drive-milton","standard","hero ld-place sec:about","I3 newer; I7 older","street/area","Storey Drive is a short residential street in Milton's Beaty neighbourhood, a pocket of west Milton that sits between the older grid closer to downtown and the newer subdivisions pushing toward the escarpment."
"storey-drive-milton","standard","sec:about","I1 established; I10 settled-history","street/area","For anyone mapping Milton, Storey Drive reads as a small, settled address within a larger and well-established residential district."
"ambroise-crescent-milton","standard","sec:about","I1 established; I3 newer","street/area","For anyone mapping the town, Ambroise occupies the quieter middle ground between the established core and the newer edges."
"mowat-lane-milton","standard","sec:about","I1 established; I5 built-out; I10 settled-history","street/area","Dempsey itself is a settled residential district, built out rather than expanding, and Mowat Lane belongs to that established fabric."
"cumming-boulevard-milton","standard","sec:about","I1 established; I3 newer","street/area","Clarke itself is one of the town's established residential quarters, and Cumming Boulevard reads as part of that fabric rather than as a newer appendage on the edge of development."
"satok-crescent-milton","standard","hero ld-place sec:about","I1 established; I3 newer","street/area","Satok Crescent is a short residential crescent in Milton's Timberlea neighbourhood, a pocket of west Milton that sits between the town's established grid and the newer edges pushing outward."
"satok-crescent-milton","standard","sec:about","I7 older; I10 settled-history","street/area","Timberlea itself is one of Milton's older residential quarters, and Satok shares in that settled character."
"teetzel-drive-milton","standard","sec:about","I2 mature","street/area","The street is quiet, lined with mature trees, and set within a grid of similar residential roads."
"pine-street-milton","standard","hero ld-place sec:about","I8 historic/original","street/area","Pine Street is a short residential street in Old Milton, the historic core of the town, where the grid tightens and the lots run shallow."
"pine-street-milton","standard","sec:about","I5 built-out","street/area","The street is compact and largely built out, with little through traffic and a settled rhythm."
"diefenbaker-street-milton","standard","sec:about","I1 established; I5 built-out","street/area","The surrounding neighbourhood is largely built out, with parks and schools already established nearby."
"maple-avenue-milton","standard","sec:about","I1 established","street/area","Dempsey and Dorset Park together form the frame here: established residential fabric, a mix of housing forms, and the kind of street pattern that connects quietly to the wider town rather than announcing itself."
"aspen-terrace-milton","standard","sec:about","I1 established; I2 mature","street/area","It sits within a mature pocket of the community, where tree-lined streets and established homes define the character."
"aspen-terrace-milton","standard","sec:about","I1 established","street/area","Aspen Terrace offers a grounded, established presence in one of Milton's well-developed areas."
"queen-street-milton","standard","hero ld-place sec:about","I10 settled-history","street/area","Queen Street runs through the heart of Old Milton, one of the town's earliest settled areas."
"queen-street-milton","standard","sec:about","I1 established; I7 older","street/area","It is a short, established street, set within a grid of older residential blocks that sit close to the commercial core."
"queen-street-milton","standard","faq","I1 established","street/area","This points to a classic single-family character, consistent with the older established feel of Old Milton."
"mclaughlin-avenue-milton","standard","sec:about","I1 established","street/area","The avenue runs through a pocket of the community that is quiet and established, with a mix of housing that leans toward attached homes."
"mclaughlin-avenue-milton","standard","sec:about","I3 newer","street/area","For those exploring Milton, McLaughlin Avenue represents a typical slice of the town's newer residential growth, positioned conveniently between local services and the surrounding green spaces."
"izumi-gate-milton","standard","hero ld-place","I11 growth-history","street/area","Izumi Gate is a short residential street in Milton's Ford area, a pocket of the town that has filled in around the western edge of the built-up grid."
"izumi-gate-milton","standard","faq","I1 established","street/area","Izumi Gate is an established townhouse street with a small number of recorded sales."
"izumi-gate-milton","standard","faq","I4 new-build; I6 construction-state","street/area","There is no active new-build pipeline on the street in the current data."
"izumi-gate-milton","standard","faq","I6 construction-state","street/area","The housing stock is settled rather than under construction."
"bessborough-drive-milton","standard","sec:about","I10 settled-history","street/area","The street runs through a settled part of Harrison where detached and semi-detached houses share the same blocks, and where the grid bends gently rather than running dead straight."
"merritt-drive-milton","standard","hero ld-place sec:about","I10 settled-history","street/area","Merritt Drive runs through the Timberlea neighbourhood, a settled pocket of Milton defined by its tree-lined streets and proximity to everyday conveniences."
"merritt-drive-milton","standard","sec:about","I1 established; I2 mature","street/area","Timberlea itself is well established, offering a mix of housing that has matured alongside the town's growth."
"merritt-drive-milton","standard","sec:homes","I1 established; I2 mature","street/area","For buyers seeking a standalone property in a mature neighbourhood, Merritt Drive represents a quiet, established option."
"merritt-drive-milton","standard","sec:market","I10 settled-history","street/area","Merritt Drive sits in Timberlea, a settled pocket of Milton where detached homes dominate the immediate surroundings."
"merritt-drive-milton","standard","sec:market","I1 established","street/area","The street's position, within walking distance of Coxe Boulevard Park and the Sam Sherratt Trail Park, anchors its appeal in a quiet, established residential setting."
"merritt-drive-milton","standard","faq","I1 established","street/area","Rent levels aren't reliably established at the street level."
"mcnair-circle-milton","standard","sec:homes","I10 settled-history","street/area","What can be said is that the form is consistent, the scale is modest, and the street reads as a small, settled pocket rather than a corridor of varied stock."
"norrington-place-milton","standard","sec:market","I1 established","street/area","Norrington Place is an established address in a neighbourhood where comparable homes have moved at a steady cadence, and the absence of turnover on the street itself is a matter of record rather than a signal about condition or demand."
"norrington-place-milton","standard","faq","I1 established; I4 new-build","street/area","The street reads as established rather than new build, sitting within the built fabric of Dempsey."
"norrington-place-milton","standard","faq","I6 construction-state","street/area","There is no active construction pipeline on Norrington Place itself."
"marshall-crescent-milton","standard","sec:about","I1 established; I6 construction-state","street/area","Beaty itself is one of Milton's established subdivisions, laid out in the years when the town's western edge was still filling in, and Marshall Crescent reflects that pattern: a quiet curve rather than a through route, with no commercial frontage and no arterial traffic."
"marshall-crescent-milton","standard","faq","I1 established","street/area","The street is established, with detached homes forming the housing stock."
"marshall-crescent-milton","standard","faq","I4 new-build","street/area","There is no indication of active new construction on Marshall Crescent itself."
"white-drive-milton","standard","sec:about","I1 established; I10 settled-history","street/area","Timberlea itself is an established part of Milton, and White Drive reads as a settled residential address within it."
"white-drive-milton","standard","sec:market","I1 established","street/area","Every recorded sale on White Drive has been a detached home, which places the street squarely in the established low-rise fabric of Timberlea rather than in the townhouse or condo segments that carry much of Milton's turnover."
"bardoe-crescent-milton","standard","sec:about","I10 settled-history","street/area","It reads as a settled residential address rather than a corridor or a connector."
"bardoe-crescent-milton","standard","sec:market","I1 established","street/area","The street's position is central to Milton's established fabric, and its market behaviour is read through the neighbourhood around it rather than through activity on the crescent itself."
"bardoe-crescent-milton","standard","faq","I1 established; I4 new-build; I6 construction-state","street/area","Bardoe Crescent reads as an established street rather than an active new-build site."
"dice-way-milton","standard","sec:about","I13 infill/builder-history","street/area","Willmott itself is one of Milton's larger planned communities, and Dice Way reads as one of its quieter residential threads."
"stokes-trail-milton","standard","sec:differentPriorities","I1 established; I3 newer","elsewhere","Buyers exploring comparable options might weigh newer subdivisions closer to Milton's core, where schools and transit sit within a shorter drive, against the more established, rural feel of this area."
"stokes-trail-milton","standard","faq","I1 established","street/area","The tradeoffs often centre on proximity to schools and transit versus the quieter, more established setting."
"wellwood-terrace-milton","standard","hero ld-place sec:about","I11 growth-history","street/area","Wellwood Terrace is a short residential street in Milton's Cobban district, a pocket of the town that has filled in steadily as the wider area has grown."
"miltonbrook-crescent-milton","standard","sec:about","I1 established","street/area","The crescent sits west of the town's established core, in a pocket of southwest Milton where the street grid gives way to quieter loops and courts."
"tea-landing-milton","standard","hero ld-place sec:about","I6 construction-state","street/area","Tea Landing is a short residential street in Milton's Cobban neighbourhood, a pocket of the town's western growth area where the street grid is still filling in around it."
"tea-landing-milton","standard","faq","I5 built-out","street/area","Tea Landing sits within Cobban, a neighbourhood that has built out over the past decade."
"derry-road-milton","standard","sec:about","I1 established; I3 newer","street/area","That span means the character of the road changes as it goes: a stretch of established residential blocks gives way to newer townhouse rows, then to open country."
"morley-avenue-milton","standard","sec:about","I2 mature","street/area","It runs through a mature, leafy part of the town, where detached homes line the pavement and mature trees shade the sidewalks."
"morley-avenue-milton","standard","sec:about","I1 established","street/area","Timberlea itself is a well-established pocket of Milton, with a mix of housing styles and a network of quiet streets that give the area a settled, unhurried feel."
"bond-head-court-milton","standard","hero ld-place sec:about","I11 growth-history","street/area","Bond Head Court is a short residential court in Milton's Ford neighbourhood, a pocket of the town that has filled in steadily as Milton has grown westward and southward."
"milton-heights-crescent-milton","standard","faq","I1 established; I4 new-build; I6 construction-state","street/area","The street is established rather than new build, with detached homes and no active construction recorded."
"newell-street-milton","standard","sec:market","I1 established","street/area","Turnover on Newell Street appears low, which is common on established residential streets in the Dempsey area where owner tenure tends to extend over longer periods."
"cedric-terrace-milton","standard","hero ld-place sec:about","I3 newer; I7 older","street/area","Cedric Terrace is a short residential street in Milton's Harrison area, a pocket of the town that fills the space between the older core and the newer subdivisions pushing north and west."
"marks-street-milton","standard","sec:market","I1 established; I4 new-build","street/area","The housing stock is established rather than newly built, and the type mix is consistent with the surrounding Harrison fabric rather than with any single dominant product."
"marks-street-milton","standard","faq","I9 age words","street/area","The available data does not carry build-year or construction-era information for Marks Street, so that question cannot be answered from what is published here."
"marks-street-milton","standard","faq","I9 age words","street/area","Confirming the era of any specific home would require a direct look at the property."
"shanks-heights-milton","standard","sec:about","I1 established","street/area","For a buyer looking at Milton's established west side, Shanks Heights occupies a modest but well-connected position in the grid."
"shanks-heights-milton","standard","sec:market","I1 established","street/area","Read against that neighbourhood figure, Shanks Heights sits within the established Coates semi-detached stock rather than apart from it."
"redbud-garden-milton","standard","hero ld-place sec:about","I3 newer","street/area","Redbud Garden is a short residential street in Cobban, one of Milton's newer growth areas on the town's southern edge."
"redbud-garden-milton","standard","sec:about","I5 built-out","street/area","It sits within a pocket of low-rise housing where the street grid is compact and the surrounding blocks are largely built out."
"redbud-garden-milton","standard","faq","I1 established; I6 construction-state","street/area","Redbud Garden reads as an established street rather than an active construction site."
"redbud-garden-milton","standard","faq","I5 built-out","street/area","The townhouse form is consistent throughout, with no indication of ongoing build-out."
"nipissing-road-milton","standard","sec:differentPriorities","I3 newer","elsewhere","Buyers exploring comparable options in Milton's condo market will find the surrounding area shaped largely by newer low-rise buildings similar to what Nipissing Road offers."
"nipissing-road-milton","standard","sec:differentPriorities","I1 established; I2 mature; I7 older","street/area","If a quieter, more established pocket with mature trees is the priority, homes built in earlier decades tend to sit in the older sections of Old Milton, where the streets carry a different rhythm."
"hatt-court-milton","standard","sec:about","I1 established; I2 mature","street/area","The neighbourhood itself is established, with mature trees lining many of the surrounding roads."
"hatt-court-milton","standard","sec:differentPriorities","I1 established; I3 newer; I7 older; I13 infill/builder-history","elsewhere","Buyers exploring comparable options might weigh the tradeoff between a court location and a busier through street, or between older established lots and newer infill."
"oriole-court-milton","standard","sec:about","I7 older","street/area","For those who value proximity to schools and daily conveniences, Oriole Court offers a central footing in one of Milton's older districts."
"meadowbrook-drive-milton","standard","hero ld-place sec:about","I8 historic/original","street/area","Meadowbrook Drive is a residential street in Old Milton, the historic core of the town, where the grid tightens and the streets carry names rather than numbers."
"meadowbrook-drive-milton","standard","sec:about","I1 established; I7 older","street/area","The drive sits within a pocket of established detached housing, framed by the older residential fabric that defines this part of Milton."
"meadowbrook-drive-milton","standard","sec:about","I8 historic/original","street/area","Meadowbrook Drive occupies a quiet position in the town's original settlement pattern, close to the services and institutions that anchor Old Milton."
"meadowbrook-drive-milton","standard","faq","I1 established; I4 new-build","street/area","The homes are established rather than new construction."
"watson-terrace-milton","standard","faq","I1 established; I4 new-build; I6 construction-state","street/area","Watson Terrace is established, with the detached housing already in place and no active new-build listings on the street."
"riddell-crescent-milton","standard","sec:about","I5 built-out","street/area","The surrounding blocks are largely built out, so the street's shape and its housing mix are settled rather than in flux."
"riddell-crescent-milton","standard","sec:about","I1 established","street/area","For daily purposes, this is a street defined by its position inside an established residential grid rather than by any through-route function."
"speyer-circle-milton","standard","sec:about","I10 settled-history","street/area","Harrison itself is a settled part of town, and Speyer Circle occupies a quiet interior position within it."
"chuchmach-close-milton","standard","sec:about","I3 newer; I8 historic/original","street/area","For anyone mapping Milton, the close sits west of the historic downtown and within the band of newer residential development that defines this side of the community."
"biggar-heights-milton","standard","sec:about","I1 established; I11 growth-history","street/area","The wider neighbourhood provides the context: established residential fabric, a mix of housing forms, and the everyday infrastructure of a town that has grown steadily around it."
"dempsey-crescent-milton","standard","sec:market","I2 mature","street/area","What is clear is that the street sits within the Beaty neighbourhood, a mature residential pocket of Milton where detached homes dominate."
"dempsey-crescent-milton","standard","sec:differentPriorities","I1 established; I2 mature; I3 newer","street/area","Newer subdivisions in the area tend to feature more uniform architecture, while established sections offer more mature landscaping."
"dempsey-crescent-milton","standard","sec:differentPriorities","I7 older","elsewhere","Proximity to parks like Beaty Trail Park and Watson Park is a draw for many, but if a larger lot or a different home style matters more, exploring streets with older housing stock could be worthwhile."
"ruddy-crescent-milton","standard","sec:market","I1 established","street/area","Both forms are established Milton housing rather than new release product, and both sit within the Beaty neighbourhood, whose wider market provides the only meaningful pricing reference for anyone trying to orient on this street."
"ruddy-crescent-milton","standard","faq","I9 age words","street/area","Each carries a different weighting of lot, era, and location."
"bastedo-court-milton","standard","sec:about","I1 established; I3 newer; I7 older; I10 settled-history","street/area","Dorset Park itself is an established part of Milton, positioned between the town's older core and the newer growth pushing outward, and Bastedo Court reads as one small piece of that longer-settled fabric."
"bastedo-court-milton","standard","faq","I1 established; I10 settled-history","street/area","Bastedo Court sits within Dorset Park, an established part of Milton with a settled street pattern."
"bastedo-court-milton","standard","faq","I4 new-build; I6 construction-state","street/area","No active new-build program is recorded on the street itself."
"bastedo-court-milton","standard","faq","I5 built-out; I9 age words","street/area","The surrounding area has been built out for some time."
"balsam-court-milton","standard","hero ld-place sec:about","I11 growth-history","street/area","Balsam Court is a short residential court in Milton's Cobban neighbourhood, a pocket of the town that has filled in steadily over the past decade."
"buckeye-court-milton","standard","hero ld-place sec:about","I11 growth-history","street/area","Buckeye Court is a short residential court in Milton's Cobban neighbourhood, a pocket of the town that has filled in steadily as the western edge has grown."
"buckeye-court-milton","standard","faq","I1 established","street/area","The street is established, with townhomes that have been part of the Cobban fabric for some time."
"buckeye-court-milton","standard","faq","I4 new-build; I6 construction-state","street/area","There is no active new-build program on the court itself."
"pineridge-drive-milton","standard","faq","I1 established","street/area","Pineridge Drive is an established rural street in Rural Nassagaweya."
"pineridge-drive-milton","standard","faq","I4 new-build; I6 construction-state; I14 build-activity","street/area","There is no active new-build activity recorded on the street."
"abbott-street-milton","standard","sec:about","I5 built-out","street/area","The street is modest in scale, lined with detached homes on generous lots, and it carries the quiet rhythm of a street that was laid out as part of the broader Dempsey build-out rather than as a through route."
"abbott-street-milton","standard","faq","I1 established","street/area","Abbott Street is an established street within the Dempsey neighbourhood."
"wilks-landing-milton","standard","sec:about","I3 newer","street/area","The street sits within a grid of newer subdivisions, framed by the kind of quiet residential fabric that defines this part of Milton."
"wilks-landing-milton","standard","sec:about","I5 built-out","street/area","Coates itself is largely built out, with the everyday infrastructure of schools, parks, and retail already in place around it."
"wilks-landing-milton","standard","sec:about","I3 newer; I7 older","street/area","For anyone learning the town's geography, Wilks Landing sits in the western residential belt, removed from the older downtown core and oriented instead toward the newer amenities that grew up alongside it."
"pringle-avenue-milton","standard","hero ld-place sec:about","I1 established","street/area","Pringle Avenue is a residential street in Milton's Scott neighbourhood, a pocket of the town that sits within reach of the escarpment country to the south and the established grid to the north."
"hickory-crescent-milton","standard","hero ld-place sec:about","I11 growth-history","street/area","Hickory Crescent is a short residential crescent in Milton's Cobban neighbourhood, a pocket of the town that has filled in steadily over the past decade and now reads as one of its more settled western edges."
"hickory-crescent-milton","standard","faq","I9 age words","street/area","The record does not carry build years for Hickory Crescent, so no era can be stated with confidence."
"hickory-crescent-milton","standard","faq","I1 established","street/area","A reader weighing new against established should verify directly rather than rely on inference."
"snider-terrace-milton","standard","sec:about","I1 established","street/area","Coates itself is one of the town's established residential areas, with a mix of housing types and a network of neighbourhood parks woven through it."
"snider-terrace-milton","standard","sec:market","I1 established","street/area","Active listings sit at zero, which says nothing about why and everything about how little moves here; low turnover on an established street produces exactly this kind of quiet record."
"kitchen-court-milton","standard","faq","I1 established; I4 new-build","street/area","Kitchen Court reads as an established residential court rather than a new-build site, with detached homes and no active development pipeline visible in the record."
"kitchen-court-milton","standard","faq","I4 new-build","elsewhere","Buyers wanting new construction would be looking at other parts of Milton."
"hawthorne-crescent-milton","standard","sec:differentPriorities","I3 newer","street/area","Buyers weighing a larger detached footprint against a smaller, newer townhouse will find the two streets frame that choice cleanly."
"dills-crescent-milton","standard","sec:about","I5 built-out","street/area","Dempsey is largely built out, so the street's position within the neighbourhood is settled rather than transitional."
"dills-crescent-milton","standard","sec:about","I3 newer","street/area","For a reader trying to place Dills Crescent in the Milton map, it belongs to the town's western residential fabric, not the newer edge."
"dills-crescent-milton","standard","faq","I1 established; I4 new-build; I6 construction-state; I14 build-activity","street/area","Dills Crescent is an established street within Dempsey, with no active new-build activity recorded on it."
"bowell-crescent-milton","standard","sec:about","I10 settled-history","street/area","Ford itself is a settled part of Milton, close enough to the town's commercial spine that errands are short drives, far enough from the highway interchanges that the evenings stay still."
"bowell-crescent-milton","standard","faq","I1 established; I4 new-build; I6 construction-state","street/area","The street shows no recent sale or lease activity, which is consistent with an established address rather than an active new-build release."
"ramshaw-crescent-milton","standard","sec:differentPriorities","I1 established; I3 newer","street/area","For those weighing newer construction against established stock, the surrounding area mixes both, and the choice often hinges on lot size and interior finish rather than commute."
"robson-crescent-milton","standard","sec:about","I2 mature","street/area","The crescent sits within a mature pocket of the community, where tree-lined streets and well-kept lawns set a calm tone."
"etherington-way-milton","standard","hero ld-place sec:about","I1 established","street/area","Etherington Way sits in the Harrison neighbourhood of Milton, a residential pocket in the town's established southwest."
"etherington-way-milton","standard","sec:homes","I1 established","street/area","With only a handful of properties, the street has a low-key, established presence."
"etherington-way-milton","standard","sec:market","I1 established","street/area","Understanding value and positioning here requires reference to the comparable detached homes across the surrounding Harrison neighbourhood, where the market has established a clearer picture of current conditions."
"etherington-way-milton","standard","faq","I3 newer","street/area","The stock recorded here is detached, in line with much of Harrison's newer detached fabric."
"asleton-boulevard-milton","standard","hero ld-place sec:about","I11 growth-history","street/area","Asleton Boulevard is a residential street in Milton's Willmott neighbourhood, a district that has filled in steadily on the town's western side."
"chamomile-crescent-milton","standard","sec:market","I1 established","elsewhere","The practical read is that Chamomile Crescent is a low-frequency street inside a well-established Walker pocket, and suitability is discussed elsewhere on this page rather than inferred from a price that does not exist."
"chamomile-crescent-milton","standard","faq","I1 established; I4 new-build","street/area","Chamomile Crescent is an established street within the Walker neighbourhood, not a new-build site."
"chamomile-crescent-milton","standard","faq","I10 settled-history","street/area","The detached homes here are part of Milton's settled western fabric."
"langholm-street-milton","standard","hero ld-place sec:about","I3 newer","street/area","Langholm Street sits in the Coates neighbourhood of Milton, a residential street that runs quietly through a landscape of newer homes."
"langholm-street-milton","standard","faq","I1 established","street/area","Typical rents in the area are not established at the street level given the thin sample."
"laundon-terrace-milton","standard","sec:about","I1 established; I2 mature","street/area","It sits within a mature pocket of the town, where tree-lined streets and established homes set the tone."
"laundon-terrace-milton","standard","sec:differentPriorities","I1 established","street/area","If the priority is a lower entry price for a detached home, Centennial Forest Drive presents a more accessible figure; if the priority is a slightly higher tier with more established surroundings, Coulson Avenue may align better."
"taylor-court-milton","standard","sec:differentPriorities","I1 established; I3 newer","elsewhere","Newer subdivisions farther east often offer more uniform construction and larger frontages, though they trade away some of the established feel this pocket carries."
"taylor-court-milton","standard","faq","I1 established; I3 newer","elsewhere","For different priorities elsewhere in Milton, consider streets with more established walkability to schools and transit, or newer subdivisions with more uniform construction."
"racey-trail-milton","standard","sec:about","I1 established; I3 newer; I9 age words","street/area","Clarke itself is one of Milton's more established residential areas, with a mix of housing types and a street pattern that predates the newest subdivisions to the south and east."
"gordon-krantz-avenue-milton","standard","hero ld-place sec:about","I3 newer","street/area","Gordon Krantz Avenue runs through the Walker neighbourhood on Milton's western edge, where the town's newer residential fabric meets the open land of Rural Milton."
"gordon-krantz-avenue-milton","standard","sec:about","I11 growth-history","street/area","For anyone tracing how Milton has grown, Gordon Krantz Avenue sits at the leading edge of that story."
"clitherow-street-milton","standard","hero ld-place sec:about","I3 newer","street/area","Clitherow Street sits in the Ford neighbourhood on Milton's western edge, a residential run of detached homes and townhouses set among the town's newer subdivisions."
"commercial-street-milton","standard","hero ld-place sec:about","I10 settled-history","street/area","Commercial Street runs through the heart of Old Milton, one of the town's earliest settled pockets."
"commercial-street-milton","standard","sec:about","I2 mature; I7 older","street/area","It is a short, unassuming stretch, framed by mature trees and a mix of older detached homes."
"commercial-street-milton","standard","sec:about","I10 settled-history","street/area","The surrounding neighbourhood carries a settled character, with sidewalks that see steady foot traffic."
"commercial-street-milton","standard","sec:homes","I9 age words","street/area","Homes here are older in character, reflecting the neighbourhood's vintage."
"chestnut-heights-milton","standard","faq","I1 established; I6 construction-state","street/area","The street reads as established rather than an active build site."
"chestnut-heights-milton","standard","faq","I4 new-build; I6 construction-state","street/area","There is no new-construction pipeline attached to it in the current picture."
"elsworthy-crossing-milton","standard","hero ld-place","I11 growth-history","street/area","Elsworthy Crossing is a residential street in Milton's Clarke neighbourhood, a pocket of the town that has filled in steadily as Milton has grown westward."
"frobisher-boulevard-milton","standard","faq","I1 established; I2 mature","street/area","The street sits within Dorset Park, an established part of Milton with mature surrounding streets."
"frobisher-boulevard-milton","standard","faq","I6 construction-state","street/area","No active building program is recorded on Frobisher Boulevard itself."
"dixon-drive-milton","standard","hero ld-place sec:about meta","I1 established","street/area","Dixon Drive sits in Dempsey, one of Milton's established residential pockets on the town's southern side."
"dixon-drive-milton","standard","faq","I4 new-build; I6 construction-state; I14 build-activity","street/area","The street itself carries no active new-build activity in the current records."
"dixon-drive-milton","standard","faq","I1 established","street/area","It reads as an established pocket rather than a new release."
"ruhl-drive-milton","standard","hero ld-place sec:about","I11 growth-history","street/area","Ruhl Drive is a residential street in Milton's Willmott neighbourhood, a district that has filled in steadily on the town's western side."
"ruhl-drive-milton","standard","sec:about","I3 newer","elsewhere","Two parks sit within a couple of minutes on foot, which gives the immediate area a settled, walkable edge unusual for newer Milton subdivisions."
"briar-crescent-milton","standard","sec:about","I5 built-out","street/area","Dorset Park frames the street on all sides, and the surrounding grid is largely built out, so the crescent reads as a settled piece of the town rather than a corridor in transition."
"muskoka-heights-milton","standard","faq","I1 established; I6 construction-state","street/area","The street reads as established, with detached homes and low turnover rather than active building."
"muskoka-heights-milton","standard","faq","I4 new-build; I6 construction-state","street/area","There is no new-construction activity recorded on it."
"seivert-place-milton","standard","sec:about","I3 newer","street/area","The street sits in a residential pocket defined by newer construction and family-oriented planning."
"seivert-place-milton","standard","faq","I1 established","elsewhere","Those seeking a different price point or lot size may look to nearby areas with more established inventory."
"bergamot-avenue-milton","standard","hero ld-place sec:about","I11 growth-history","street/area","Bergamot Avenue is a residential street in Milton's Walker neighbourhood, a pocket of the town that has filled in steadily as Milton has grown westward."
"bergamot-avenue-milton","standard","sec:about","I3 newer","street/area","It sits within a grid of newer residential streets, close to the parks and schools that anchor daily life in this part of town."
"bergamot-avenue-milton","standard","sec:about","I5 built-out; I10 settled-history","street/area","The surrounding neighbourhood is largely built out, and Bergamot Avenue reads as a settled street rather than a through route."
"lowe-lane-milton","standard","faq","I1 established; I4 new-build; I6 construction-state; I14 build-activity","street/area","Lowe Lane is an established lane with detached homes and no active new-build activity recorded."
"lowe-lane-milton","standard","faq","I5 built-out","street/area","The street is short and built out."
"lowe-lane-milton","standard","faq","I6 construction-state","street/area","There is nothing to suggest ongoing construction."
"brassard-circle-milton","standard","sec:differentPriorities","I3 newer","street/area","Homes built in earlier decades often sit on larger lots, while newer construction may offer more modern layouts but tighter frontage."
"shade-lane-milton","standard","sec:about","I3 newer; I7 older","street/area","For anyone mapping Milton, the lane belongs to the newer western residential fabric rather than the older core."
"shade-lane-milton","standard","faq","I1 established; I4 new-build; I6 construction-state","street/area","Shade Lane is an established lane within the Ford area of Milton rather than an active new-build site."
"prosser-circle-milton","standard","hero ld-place sec:about","I3 newer; I7 older","street/area","Prosser Circle is a residential loop in Milton's Harrison area, a pocket of the town that fills the ground between the older core and the newer subdivisions pushing north and west."
"waldie-avenue-milton","standard","faq","I1 established; I4 new-build","street/area","Waldie Avenue sits within Clarke, an established part of Milton rather than a new-build pocket."
"waldie-avenue-milton","standard","faq","I4 new-build; I14 build-activity","street/area","There is no indication of new construction on the street itself."
"etheridge-avenue-milton","standard","sec:about","I11 growth-history","street/area","For anyone tracing how Milton has filled in westward, Etheridge Avenue marks a piece of that pattern already in place."
"chambers-place-milton","standard","faq","I1 established; I4 new-build","street/area","Chambers Place reads as an established street within Beaty rather than a new build."
"chambers-place-milton","standard","faq","I5 built-out","street/area","The housing stock is detached and the surrounding area is built out."
"chambers-place-milton","standard","faq","I6 construction-state","street/area","There is no active construction pipeline recorded for the street."
"cabot-trail-milton","standard","sec:about","I1 established","street/area","The street is residential in character, framed by the established fabric of the surrounding neighbourhood rather than by any commercial frontage of its own."
"childs-drive-milton","standard","sec:about","I10 settled-history","street/area","The street runs through a settled part of the grid where the road network bends around parks and school sites rather than following a strict rectangular plan."
"meighen-way-milton","standard","sec:homes","I1 established","street/area","The picture is of an established residential address with a narrow, detached-only profile."
"cooper-avenue-milton","standard","sec:about","I1 established; I3 newer","street/area","Homes here sit close together, giving the street a settled, established feel without the formality of a newer subdivision."
"mccartney-crescent-milton","standard","faq","I1 established; I4 new-build","street/area","McCartney Crescent reads as an established Milton crescent rather than a new-build site."
"mccartney-crescent-milton","standard","faq","I4 new-build","street/area","The recorded stock is detached housing, and there is no active new construction on the street."
"whitney-terrace-milton","standard","sec:about","I2 mature","street/area","It sits within a mature pocket of the community, close to the area's network of parks and schools."
"whitney-terrace-milton","standard","sec:about","I1 established","street/area","For those exploring Milton, Whitney Terrace offers a glimpse of the established residential fabric that defines this part of town."
"whitney-terrace-milton","standard","sec:differentPriorities","I1 established; I2 mature; I7 older","street/area","Homes here are detached and sit on a quiet terrace, which suits those who want a low-key setting; if a more established feel with mature trees is the priority, older sections of the neighbourhood offer that contrast."
"whitney-terrace-milton","standard","sec:differentPriorities","I3 newer","street/area","Newer subdivisions nearby trade a shorter walk to certain parks for a less settled streetscape."
"whitney-terrace-milton","standard","faq","I1 established","elsewhere","For different priorities elsewhere in Milton, consider detached homes in nearby pockets that offer a more established feel or closer access to daily conveniences."
"lear-gate-milton","standard","sec:about","I3 newer; I7 older","street/area","For a reader trying to place it on the map, Lear Gate belongs to the newer western half of Milton, not the older grid closer to the escarpment."
"lear-gate-milton","standard","sec:market","I1 established","street/area","A street this quiet is usually an established one, and the practical consequence is that pricing here has to be read against the wider Willmott context rather than against the street's own transactions."
"lear-gate-milton","standard","faq","I1 established","street/area","Lear Gate is an established street in Willmott rather than a site still under development."
"lear-gate-milton","standard","faq","I5 built-out","street/area","The surrounding area is built out, with parks and schools already in place."
"twiss-road-milton","standard","sec:about","I3 newer","street/area","It is a place of long sightlines and unhurried pace, closer to the village character of Campbellville than to Milton's newer residential districts."
"twiss-road-milton","standard","sec:market","I5 built-out","street/area","The setting is quieter and more open than the built-up parts of Milton, and the housing stock reflects that."
"twiss-road-milton","standard","faq","I1 established; I4 new-build","street/area","Twiss Road is an established rural road in Campbellville, not a new-construction subdivision."
"arthurs-way-milton","standard","sec:about","I1 established","street/area","Its position within Beaty places it among established residential blocks, with parks and schools distributed through the surrounding grid rather than concentrated on any single artery."
"arthurs-way-milton","standard","faq","I1 established; I4 new-build","street/area","Arthurs Way is an established street within the Beaty neighbourhood, not a new-build site."
"arthurs-way-milton","standard","faq","I5 built-out; I9 age words","street/area","The surrounding area has been built out for some time."
"arthurs-way-milton","standard","faq","I4 new-build; I13 infill/builder-history","street/area","Any new construction would be an individual infill rather than part of a broader development."
"culcastle-drive-milton","standard","hero ld-place sec:about","I7 older","street/area","Culcastle Drive is a residential street in Milton's Bowes neighbourhood, part of the western expansion that carried the town past its older core."
"culcastle-drive-milton","standard","sec:about","I3 newer","street/area","It sits among curving residential roads that meet collector streets rather than a rigid grid, a street pattern common to Milton's newer west-end subdivisions."
"culcastle-drive-milton","standard","faq","I1 established; I4 new-build; I5 built-out","street/area","The street reads as established rather than new construction, with the surrounding Bowes area built out."
"culcastle-drive-milton","standard","faq","I4 new-build; I6 construction-state; I14 build-activity","street/area","There is no active new-build activity recorded on Culcastle Drive itself."
"zuest-crescent-milton","standard","sec:about","I2 mature","street/area","It sits in the northern part of the town, where streets curve gently and mature trees line the sidewalks."
"zuest-crescent-milton","standard","sec:differentPriorities","I3 newer","elsewhere","Buyers exploring comparable options in Milton's newer pockets might weigh different trade-offs."
"lobelia-crescent-milton","standard","hero ld-place sec:about","I11 growth-history","street/area","Lobelia Crescent is a residential crescent in Milton's Walker neighbourhood, a pocket of the town that has filled in steadily as the western edge has grown."
"chilver-heights-milton","standard","hero ld-place sec:about","I7 older","street/area","Chilver Heights is a residential street in Milton's Ford neighbourhood, a pocket of the town that sits west of the commercial spine and north of the older settlement core."
"chilver-heights-milton","standard","faq","I4 new-build","street/area","The street's recorded activity points to established detached housing rather than a new-build phase."
"chilver-heights-milton","standard","faq","I6 construction-state","street/area","There is no active construction pipeline visible in the data."
"robertson-crescent-milton","standard","sec:market","I5 built-out","street/area","What can be said is that the street is built out in detached houses, and that is the only housing form recorded here."
"ollerenshaw-point-milton","standard","sec:about","I1 established","street/area","For a street of this size, the setting is the story: a low-traffic address inside an established part of town."
"ollerenshaw-point-milton","standard","faq","I1 established; I4 new-build; I6 construction-state","street/area","The street reads as established rather than new build, with detached homes and no active construction recorded."
"ollerenshaw-point-milton","standard","faq","I4 new-build","elsewhere","Buyers wanting new construction would be looking at other parts of Milton."
"elm-avenue-milton","standard","hero ld-place sec:about meta","I3 newer; I8 historic/original","street/area","Elm Avenue is a short residential street in Old Milton, the historic core of the town, where the grid tightens and the streets run shorter than they do in the newer subdivisions to the south and west."
"elm-avenue-milton","standard","sec:homes","I3 newer","street/area","What is known is that the street sits in Old Milton, where the residential fabric is older and more varied than in the town's newer subdivisions."
"elm-avenue-milton","standard","sec:homes","I12 stock-age","street/area","For a street of this size and age, the absence of sale activity is itself the notable fact."
"elm-avenue-milton","standard","sec:market","I9 age words","street/area","Elm Avenue sits in Old Milton, a pocket of the town where the housing stock predates the subdivision waves that pushed Milton's growth outward, and the surrounding streets carry the same low-turnover character."
"elm-avenue-milton","standard","faq","I1 established","street/area","Elm Avenue is an established Old Milton street, and the housing stock reflects that setting rather than any single dominant type."
"elm-avenue-milton","standard","faq","I1 established; I4 new-build","street/area","Elm Avenue is an established Old Milton street, not a new-build pocket."
"elm-avenue-milton","standard","faq","I2 mature; I7 older","street/area","The surrounding neighbourhood carries the older street pattern and mature setting typical of that part of town."
"elm-avenue-milton","standard","faq","I4 new-build","street/area","There is no active new construction on the street itself."
"onley-lane-milton","standard","sec:neighbourhoodComparable","I9 age words","street/area","Sales have moved through a wide span over the window, from entry-level product through to larger detached homes, which is what one expects from a neighbourhood carrying this much variety in form and vintage."
"onley-lane-milton","standard","faq","I1 established; I10 settled-history","street/area","Onley Lane sits within Willmott, an established Milton neighbourhood with a settled street pattern."
"onley-lane-milton","standard","faq","I4 new-build; I6 construction-state","street/area","There is no active new-build program on the street itself."
"onley-lane-milton","standard","faq","I5 built-out; I9 age words","street/area","The surrounding area has been built out for some time."
"buck-drive-milton","standard","sec:homes","I2 mature","street/area","What the street does have is a position inside a mature residential pocket, with the type mix and lot pattern of the surrounding Dempsey fabric."
"buck-drive-milton","standard","faq","I1 established; I9 age words","street/area","Buck Drive sits within the established Dempsey area, where the surrounding street grid and housing stock have been in place for some time."
"buck-drive-milton","standard","faq","I4 new-build; I6 construction-state","street/area","There is no active new-build phase recorded on the street itself."
"governors-court-milton","standard","faq","I1 established","street/area","That is the only type recorded here, and the stock is established rather than new."
"given-lane-milton","standard","sec:about","I1 established","street/area","What frames the lane is the surrounding Scott neighbourhood, a long-established part of Milton where residential streets give way to parks, schools, and the everyday retail along the main corridors."
"given-lane-milton","standard","sec:about","I10 settled-history","street/area","For a buyer or resident, Given Lane reads as a small address inside a larger, settled part of town rather than a destination street in its own right."
"given-lane-milton","standard","faq","I1 established","street/area","The lane sits within the established Scott area of Milton, surrounded by streets that have been part of the town for some time."
"given-lane-milton","standard","faq","I4 new-build; I6 construction-state","street/area","There is no indication of active new-build development on the lane itself."
"james-street-milton","standard","hero ld-place sec:about","I8 historic/original","street/area","James Street is a short residential street in Old Milton, the historic core of the town, where the grid still runs tight and the lots stay narrow."
"james-street-milton","standard","sec:homes","I7 older","street/area","That single-form profile is typical of the older residential pockets in Old Milton, where the street was laid out around one housing type rather than a blend."
"james-street-milton","standard","faq","I1 established; I2 mature","street/area","Old Milton as a whole leans toward established detached homes on mature lots."
"jarvie-crescent-milton","standard","faq","I1 established; I4 new-build","street/area","The street reads as established rather than new build."
"jarvie-crescent-milton","standard","faq","I9 age words","street/area","Build-era detail is not published for this street."
"fireweed-gate-milton","standard","faq","I4 new-build","street/area","The street carries no new-construction signal in its record; the activity on file is resale."
"fireweed-gate-milton","standard","faq","I1 established; I6 construction-state","street/area","That places it among Milton's established residential rows rather than an active build."
"livock-trail-milton","standard","faq","I9 age words","street/area","No recent sales are recorded on the street, so its build era cannot be established from transaction activity."
"livock-trail-milton","standard","faq","I5 built-out; I6 construction-state","street/area","The surrounding Coates area is largely built out rather than an active construction zone."
"pearen-avenue-milton","standard","sec:about","I1 established","street/area","The street's position puts it close to schools, parks, and the everyday infrastructure of established Milton without placing it on a major artery."
"pearen-avenue-milton","standard","sec:homes","I1 established","street/area","What can be said is that Pearen Avenue forms part of a residential grid in a neighbourhood with an established housing base, and that the street's stock should be understood through its setting rather than through transaction records that do not exist."
"pearen-avenue-milton","standard","faq","I5 built-out; I6 construction-state","street/area","Pearen Avenue sits within Timberlea, a neighbourhood whose housing stock is largely built out rather than actively under construction."
"pearen-avenue-milton","standard","faq","I1 established","street/area","The street reads as part of that established fabric."
"pearen-avenue-milton","standard","faq","I3 newer; I4 new-build; I14 build-activity","street/area","New-build activity in Milton tends to cluster in newer pockets rather than here."
"hilson-heights-milton","standard","sec:about","I3 newer; I8 historic/original","street/area","The street carries the name of a local family whose land once formed part of this corner of the grid, and the address reads as a marker of the neighbourhood's newer edge rather than its historic core."
"mara-circle-milton","standard","faq","I1 established","street/area","Mara Circle is an established residential street in Beaty."
"mara-circle-milton","standard","faq","I4 new-build; I6 construction-state; I14 build-activity","street/area","There is no active new-build activity recorded on the street."
"mara-circle-milton","standard","faq","I5 built-out","street/area","The surrounding neighbourhood is fully built out."
"boyd-lane-milton","standard","hero ld-place sec:about","I3 newer","street/area","Boyd Lane is a short residential lane in Milton's Walker neighbourhood, a pocket of the town's western edge where newer streets give way to open land."
"boyd-lane-milton","standard","sec:about","I3 newer; I7 older","street/area","Walker is one of Milton's newer growth areas, and the street reflects that setting: low-rise, residential, and removed from the town's older commercial core."
"boyd-lane-milton","standard","sec:about","I1 established","street/area","For daily errands and services, the lane looks east toward Milton's established retail and institutional spine."
"holloway-terrace-milton","standard","sec:about","I1 established","street/area","Detached houses line the terrace, and the surrounding blocks hold a mix of the town's established housing."
"hartley-boulevard-milton","placeholder","hero ld-place","I1 established","street/area","Families on Hartley Boulevard enjoy quiet residential living within the established Clarke neighbourhood boundaries."
"hutchinson-avenue-milton","placeholder","hero ld-place","I2 mature","street/area","Hutchinson Avenue sits in the BE Beaty neighbourhood, where mature trees line this quiet residential street."
"mcewan-drive-milton","placeholder","hero ld-place meta","I1 established; I2 mature","street/area","Families moving to this established street in the Coates neighbourhood discover a mature residential area that connects easily to Milton's core amenities."
"tight-court-milton","standard","hero ld-place sec:about","I11 growth-history","street/area","Tight Court is a small residential court in Milton's Willmott neighbourhood, a pocket of the town that has filled in around the western edge of the built-up area."
"tight-court-milton","standard","faq","I1 established","street/area","The court is established, with its recorded stock dating to the townhouse form typical of the Willmott area."
"tight-court-milton","standard","faq","I4 new-build; I6 construction-state","street/area","There is no active new-build program on the street itself."
"tamarack-point-milton","standard","sec:about","I3 newer","street/area","The street sits within a grid of newer residential roads, framed by the parks and school sites that anchor this part of Cobban."
"tamarack-point-milton","standard","sec:homes","I1 established","street/area","What can be said is that the surrounding pocket is residential in character, and the street's position within it places it among the established residential roads of this part of Milton."
"tamarack-point-milton","standard","faq","I1 established; I5 built-out; I6 construction-state","street/area","The street itself is part of that established residential build-out rather than an active construction site."
"treend-place-milton","standard","faq","I1 established; I4 new-build","street/area","The street is established rather than new construction, with detached housing as the recorded form."
"treend-place-milton","standard","faq","I6 construction-state","street/area","There is no active building pipeline on the street itself."
"casson-point-milton","standard","hero ld-place sec:about","I11 growth-history","street/area","Casson Point is a short residential street in Milton's Ford neighbourhood, a pocket of the town that has filled in steadily as the broader Milton grid has pushed west and north."
"dolby-crescent-milton","standard","sec:about","I3 newer; I5 built-out; I10 settled-history","street/area","Beaty is largely built out, and Dolby Crescent reflects that settled character rather than the newer edge of town."
"carr-landing-milton","standard","hero ld-place sec:about","I7 older; I11 growth-history","street/area","Carr Landing is a short residential street in Milton's Ford area, a pocket of the town that has filled in around the older settlement grid rather than along it."
"anne-boulevard-milton","standard","hero ld-place sec:about","I8 historic/original","street/area","Anne Boulevard is a residential street in Old Milton, the historic core of the town, where the grid tightens and the lots run shallow."
"anne-boulevard-milton","standard","sec:about","I1 established; I4 new-build","street/area","The street sits within walking distance of several elementary schools and a handful of small parks, and the surrounding blocks carry the texture of a settled, established part of Milton rather than a new subdivision."
"attenborough-terrace-milton","standard","sec:about","I2 mature","street/area","The street is framed by mature trees and well-kept lawns, with a mix of detached homes and townhouses that give the block a settled, unhurried feel."
"trudeau-drive-milton","standard","hero ld-place sec:about","I11 growth-history","street/area","Trudeau Drive is a residential street in Milton's Clarke area, part of the western corridor that has grown steadily outward from the town's older centre."
"trudeau-drive-milton","standard","sec:about","I1 established; I3 newer","street/area","The street sits within reach of Beaty and Bowes, placing it in a pocket where newer subdivision fabric meets the established grid."
"vickerman-way-milton","standard","hero ld-place sec:about","I1 established; I3 newer","street/area","Vickerman Way is a short residential street in Milton's Coates neighbourhood, a pocket of west Milton that sits between the town's established core and the newer growth pushing outward along the escarpment side."
"woodward-avenue-milton","standard","hero ld-place sec:about","I7 older","street/area","Woodward Avenue runs through the heart of Milton's older residential fabric, where the grid narrows and the tree canopy thickens."
"woodward-avenue-milton","standard","sec:about","I9 age words","street/area","It sits at the seam of Dorset Park, Dempsey, and Old Milton, three neighbourhoods that together give the street its settled, mid-century character."
"woodward-avenue-milton","standard","sec:about","I2 mature","street/area","The street's identity is defined by its stability and its place within a mature, walkable part of town."
"woodward-avenue-milton","standard","sec:homes","I1 established","street/area","For those seeking a traditional suburban footprint with immediate access to parks and schools, Woodward Avenue presents a consistent, established option."
"beasley-terrace-milton","standard","hero ld-place sec:about","I11 growth-history","street/area","Beasley Terrace is a short residential street in Milton's Ford area, a pocket of the town that has filled in steadily as the broader community has grown outward."
"beasley-terrace-milton","standard","sec:about","I3 newer","street/area","It sits within a grid of newer residential streets, with Raspberry Park a few minutes on foot and the wider Ford neighbourhood framing it on most sides."
"beasley-terrace-milton","standard","sec:about","I3 newer","street/area","For anyone mapping Milton's newer west-end streets, Beasley Terrace reads as a small, self-contained piece of the Ford fabric."
"gillett-point-milton","standard","sec:about","I1 established; I2 mature","street/area","The surrounding area is well established, with mature landscaping and a network of parks and pathways that weave through the neighbourhood."
"gillett-point-milton","standard","sec:differentPriorities","I1 established; I2 mature; I7 older","elsewhere","For those seeking more established streets with mature trees, older sections of Milton may appeal, though they often carry different price points."
"gillett-point-milton","standard","sec:differentPriorities","I3 newer","street/area","Newer subdivisions nearby might offer more uniform layouts, while Gillett Point itself presents a quieter, more contained setting."
"gillett-point-milton","standard","faq","I1 established","elsewhere","For different priorities elsewhere in Milton, consider areas with more established housing stock or different lot configurations."
"hamman-way-milton","standard","faq","I1 established","street/area","Hamman Way is an established street within the Ford area."
"hamman-way-milton","standard","faq","I4 new-build; I6 construction-state","street/area","There is no indication of active new-build development on the street itself."
"heslop-road-milton","placeholder","hero ld-place meta","I2 mature","street/area","Heslop Road sits in Old Milton, where mature trees line the sidewalks and townhouses create a quiet residential atmosphere."
"laurier-avenue-milton","standard","sec:about","I2 mature","street/area","The street is lined with mature trees and a mix of housing that reflects the area's steady growth over the years."
"little-crescent-milton","standard","sec:neighbourhoodComparable","I1 established","street/area","What is clear is that Clarke's market operates at a level that reflects its established residential character, with a wide range of sale prices across different property types and conditions."
"martin-street-milton","standard","hero ld-place sec:about","I7 older","street/area","Martin Street is a short residential street in Milton, sitting within the Old Milton area where the town's older grid gives way to quieter blocks."
"martin-street-milton","standard","sec:about","I7b older-comma","street/area","For a buyer looking at the centre of Milton rather than its edges, Martin Street sits in that older, more varied part of the map."
"martin-street-milton","standard","sec:market","I1 established","street/area","Martin Street sits within Old Milton, close to Kingsleigh Park and the Milton GO Station, and its position near the centre of town places it among established residential fabric rather than new phases."
"mulroney-heights-milton","standard","sec:differentPriorities","I1 established; I3 newer","street/area","Newer developments in the area may trade at a premium, but the established feel of Ford's streets holds its own appeal."
"pharo-point-milton","standard","sec:differentPriorities","I2 mature; I7 older","street/area","Buyers who want more mature streetscapes, larger frontages, or freehold detached stock will find those attributes stronger in older parts of Milton where the tree canopy has had decades to fill in."
"pharo-point-milton","standard","faq","I1 established; I7 older","street/area","Buyers who want detached stock, larger lots, or a more established streetscape should look at older pockets of Milton where those attributes are stronger."
"scott-boulevard-milton","standard","sec:about","I3 newer; I7 older","street/area","The street's character shifts with its numbering, from the lower blocks near the older settlement edge to the higher numbers pushing toward the newer residential fabric."
"solomon-court-milton","standard","sec:about","I1 established; I11 growth-history","street/area","This is a street that feels established, part of a neighbourhood that has grown deliberately over the years."
"sumac-crescent-milton","standard","hero ld-place sec:about","I11 growth-history","street/area","Sumac Crescent is a quiet residential loop in the Cobban neighbourhood of Milton, a district that has grown steadily as the town expands northward."
"sumac-crescent-milton","standard","faq","I3 newer","street/area","The mix is consistent with newer Cobban development, where attached stock sits alongside detached product on the same crescents."
"tasker-court-milton","standard","sec:about","I2 mature","street/area","Tasker Court is the kind of street where the sound of traffic fades quickly, replaced by the quiet of a neighbourhood that has matured around it."
"tasker-court-milton","standard","faq","I1 established","street/area","The street's housing stock is part of the area's established residential fabric."
