verdict,slug,errM,test,subject,relation,direction,anchorKind,anchorName,negated,hedged,surfaces,quote,text
"MISPLACED","mccready-drive-milton","-1093","T1 downtown","polygon:Scott","anchor-compass","north","downtown","the town's historic core","false","false","hero ld-place sec:about","sits north of the town's historic core","McCready Drive is a residential street in the Scott area of Milton, a pocket that sits north of the town's historic core and west of the Niagara Escarpment."
"not-checkable","mccready-drive-milton","","","","anchor-compass","west","escarpment","the Niagara Escarpment","false","false","hero ld-place sec:about","west of the Niagara Escarpment","McCready Drive is a residential street in the Scott area of Milton, a pocket that sits north of the town's historic core and west of the Niagara Escarpment."
"MISPLACED","mccready-drive-milton","138","T1 town","street","town-compass","north","town","Milton","false","false","sec:about","belongs to the newer northern half of Milton","For anyone learning the town's geography, McCready Drive belongs to the newer northern half of Milton, where the street pattern is deliberate and the lots were laid out with intention."
"not-checkable","hinchey-crescent-milton","","","","anchor-compass","west","escarpment","the escarpment line","false","false","hero ld-place sec:about","sits west of the escarpment line","Hinchey Crescent is a residential crescent in Milton's Scott area, a pocket of the town that sits west of the escarpment line and north of the main east-west corridors."
"no-geometry","hinchey-crescent-milton","","","","anchor-compass","north","road","the main east-west corridors","false","false","hero ld-place sec:about","north of the main east-west corridors","Hinchey Crescent is a residential crescent in Milton's Scott area, a pocket of the town that sits west of the escarpment line and north of the main east-west corridors."
"not-checkable","hill-street-milton","","","","anchor-compass","west","escarpment","the escarpment","false","false","hero ld-place sec:about","sits west of the escarpment","Hill Street is a short residential street in Milton's Beaty neighbourhood, a pocket of the town that sits west of the escarpment and north of the older core."
"MISPLACED","hill-street-milton","-1911","T1 downtown","polygon:Beaty","anchor-compass","north","downtown","the older core","false","false","hero ld-place sec:about","north of the older core","Hill Street is a short residential street in Milton's Beaty neighbourhood, a pocket of the town that sits west of the escarpment and north of the older core."
"WRONG","hill-street-milton","1538","T1 town","street","town-compass","west","town","Milton","false","false","sec:about","Hill Street belongs to the western residential belt","For anyone mapping Milton, Hill Street belongs to the western residential belt, close enough to the highway for a commute and far enough from it to stay residential in feel."
"not-checkable","hill-street-milton","","","","proximity","none","road","the highway","false","false","sec:about","close enough to the highway for a commute","For anyone mapping Milton, Hill Street belongs to the western residential belt, close enough to the highway for a commute and far enough from it to stay residential in feel."
"not-checkable","hadley-woods-terrace-milton","","","","anchor-compass","west","commercial-corridor","the commercial spine","false","false","hero ld-place sec:about","sits west of the commercial spine","Hadley Woods Terrace is a short residential street in Milton's Dempsey neighbourhood, a pocket of the town that sits west of the commercial spine and north of the older grid."
"not-refuted","hadley-woods-terrace-milton","-3179","T1 downtown","polygon:Dempsey","anchor-compass","north","downtown","the older grid","false","false","hero ld-place sec:about","north of the older grid","Hadley Woods Terrace is a short residential street in Milton's Dempsey neighbourhood, a pocket of the town that sits west of the commercial spine and north of the older grid."
"MISPLACED","hadley-woods-terrace-milton","-951","T1 town","street","town-compass","west","town","Milton","false","false","sec:gettingAround","a street this far west in Milton","For a street this far west in Milton, the balance tilts toward the highway and the train rather than the city core."
"not-refuted","calla-point-milton","-3783","T1 town","polygon:Walker","town-compass","west","town","Milton","false","false","hero ld-place sec:about","a residential pocket in the town's west end","Calla Point is a quiet cul-de-sac in Milton's Walker neighbourhood, a residential pocket in the town's west end."
"not-checkable","tilt-point-milton","","","","anchor-compass","west","escarpment","the escarpment line","false","false","hero ld-place sec:about","sits west of the escarpment line","Tilt Point is a short residential street in Milton's Scott neighbourhood, a pocket of the town that sits west of the escarpment line and north of the main commercial corridors."
"not-checkable","tilt-point-milton","","","","anchor-compass","north","commercial-corridor","the main commercial corridors","false","false","hero ld-place sec:about","north of the main commercial corridors","Tilt Point is a short residential street in Milton's Scott neighbourhood, a pocket of the town that sits west of the escarpment line and north of the main commercial corridors."
"not-checkable","minto-crescent-milton","","","","proximity","none","other","the western GTA","false","false","sec:gettingAround","well placed for the western GTA","By car the street is well placed for the western GTA."
"not-checkable","mendelson-heights-milton","","","","anchor-compass","west","escarpment","the escarpment corridor","false","false","hero ld-place sec:about","sits west of the escarpment corridor","Mendelson Heights is a small residential street in Milton's Ford area, a pocket of the town that sits west of the escarpment corridor and north of the main east-west arteries."
"no-geometry","mendelson-heights-milton","","","","anchor-compass","north","road","the main east-west arteries","false","false","hero ld-place sec:about","north of the main east-west arteries","Mendelson Heights is a small residential street in Milton's Ford area, a pocket of the town that sits west of the escarpment corridor and north of the main east-west arteries."
"not-checkable","bartleman-terrace-milton","","","","anchor-compass","west","escarpment","the escarpment","false","false","hero ld-place sec:about","sits west of the escarpment","Bartleman Terrace is a short residential street in Milton's Coates neighbourhood, a pocket of the town that sits west of the escarpment and north of the main east-west corridors."
"no-geometry","bartleman-terrace-milton","","","","anchor-compass","north","road","the main east-west corridors","false","false","hero ld-place sec:about","north of the main east-west corridors","Bartleman Terrace is a short residential street in Milton's Coates neighbourhood, a pocket of the town that sits west of the escarpment and north of the main east-west corridors."
"not-refuted","old-tremaine-road-milton","-4246","T1 town","street","town-compass","west","town","Milton","false","false","hero ld-place sec:about","a rural road in Milton's west end","Old Tremaine Road is a rural road in Milton's west end, running through the Rural Milton West area where the town's grid gives way to open country."
"not-checkable","old-tremaine-road-milton","","","","edge-of-town","none","built-up-area","the town's grid","false","false","hero ld-place sec:about","where the town's grid gives way to open country","Old Tremaine Road is a rural road in Milton's west end, running through the Rural Milton West area where the town's grid gives way to open country."
"not-checkable","old-tremaine-road-milton","","","","edge-of-town","none","built-up-area","the built-up subdivisions","false","false","sec:about","It sits beyond the built-up subdivisions","It sits beyond the built-up subdivisions, in a stretch where lots are larger and the rhythm is slower than in the town's core."
"not-checkable","hasselfeldt-heights-milton","","","","anchor-compass","west","escarpment","the escarpment line","false","false","hero ld-place sec:about","sits west of the escarpment line","Hasselfeldt Heights is a short residential street in Milton's Coates neighbourhood, a pocket of the town that sits west of the escarpment line and north of the main east-west arterial grid."
"no-geometry","hasselfeldt-heights-milton","","","","anchor-compass","north","road","the main east-west arterial grid","false","false","hero ld-place sec:about","north of the main east-west arterial grid","Hasselfeldt Heights is a short residential street in Milton's Coates neighbourhood, a pocket of the town that sits west of the escarpment line and north of the main east-west arterial grid."
"not-checkable","manley-lane-milton","","","","anchor-compass","west","commercial-corridor","the commercial spine","false","false","hero ld-place sec:about","sits west of the commercial spine","Manley Lane is a short residential lane in Milton's Dempsey district, a pocket of the town that sits west of the commercial spine and north of the older grid."
"not-refuted","manley-lane-milton","-3179","T1 downtown","polygon:Dempsey","anchor-compass","north","downtown","the older grid","false","false","hero ld-place sec:about","north of the older grid","Manley Lane is a short residential lane in Milton's Dempsey district, a pocket of the town that sits west of the commercial spine and north of the older grid."
"not-checkable","argall-court-milton","","","","anchor-compass","west","escarpment","the escarpment","false","false","hero ld-place sec:about","sits west of the escarpment","Argall Court is a short residential court in Milton's Ford area, a pocket of the town that sits west of the escarpment and north of the main east-west arteries."
"no-geometry","argall-court-milton","","","","anchor-compass","north","road","the main east-west arteries","false","false","hero ld-place sec:about","north of the main east-west arteries","Argall Court is a short residential court in Milton's Ford area, a pocket of the town that sits west of the escarpment and north of the main east-west arteries."
"no-geometry","argall-court-milton","","","","anchor-compass","east","road","the highway","false","false","sec:gettingAround","the highway and the station are both a short run west","The street's geometry is the quiet advantage: a court, so through traffic never arrives, yet the highway and the station are both a short run west."
"not-checkable","argall-court-milton","","","","anchor-compass","east","rail","the station","false","false","sec:gettingAround","the highway and the station are both a short run west","The street's geometry is the quiet advantage: a court, so through traffic never arrives, yet the highway and the station are both a short run west."
"MISPLACED","manitou-way-milton","432","T1 town","polygon:Bowes","town-compass","west","town","Milton","false","false","hero ld-place sec:about","a pocket of the town's western edge","Manitou Way is a short residential way in Milton's Bowes area, a pocket of the town's western edge where the street grid gives way to quieter, self-contained addresses."
"WRONG","manitou-way-milton","2143","T1 town","street","town-compass","west","town","Milton","false","false","sec:gettingAround","For a west-end address","For a west-end address, that geometry keeps the daily reach wide without much friction."
"not-checkable","mcneil-drive-milton","","","","anchor-compass","west","escarpment","the escarpment","false","false","hero ld-place sec:about","sits west of the escarpment","McNeil Drive is a residential street in Milton's Beaty neighbourhood, a pocket of the town that sits west of the escarpment and north of the main commercial corridors."
"not-checkable","mcneil-drive-milton","","","","anchor-compass","north","commercial-corridor","the main commercial corridors","false","false","hero ld-place sec:about","north of the main commercial corridors","McNeil Drive is a residential street in Milton's Beaty neighbourhood, a pocket of the town that sits west of the escarpment and north of the main commercial corridors."
"not-refuted","banting-court-milton","78","T1 downtown","polygon:Dorset Park","anchor-compass","south","downtown","the downtown core","false","false","hero ld-place sec:about","sits south of the downtown core","Banting Court is a short residential court in Milton's Dorset Park area, a pocket of the town that sits south of the downtown core and east of the main north-south arteries."
"no-geometry","banting-court-milton","","","","anchor-compass","east","road","the main north-south arteries","false","false","hero ld-place sec:about","east of the main north-south arteries","Banting Court is a short residential court in Milton's Dorset Park area, a pocket of the town that sits south of the downtown core and east of the main north-south arteries."
"not-refuted","wintergreen-place-milton","-3697","T1 town","street","town-compass","east","town","Milton","false","false","hero ld-place sec:about","a quieter network of streets in the town's growing eastern side","Wintergreen Place sits in the Cobban neighbourhood of Milton, a short residential court that opens off a quieter network of streets in the town's growing eastern side."
"MISPLACED","severn-drive-milton","432","T1 town","polygon:Bowes","town-compass","west","town","Milton","false","false","hero ld-place sec:about","a pocket of west Milton","Severn Drive is a residential street in Milton's Bowes area, a pocket of west Milton that sits between the town's established grid and the newer edges pushing toward the escarpment."
"not-checkable","severn-drive-milton","","","","other-position","none","other","the town's established grid and the newer edges pushing toward the escarpment","false","false","hero ld-place sec:about","sits between the town's established grid and the newer edges pushing toward the escarpment","Severn Drive is a residential street in Milton's Bowes area, a pocket of west Milton that sits between the town's established grid and the newer edges pushing toward the escarpment."
"MISPLACED","elderberry-crescent-milton","-964","T1 town","polygon:Cobban","town-compass","west","town","Milton","false","false","hero ld-place sec:about","a pocket of west Milton","Elderberry Crescent is a short residential curve in Milton's Cobban neighbourhood, a pocket of west Milton that has filled in steadily over the past decade."
"not-refuted","esquesing-line-milton","-6043","T1 town","street","town-compass","north","town","Milton","false","false","hero ld-place sec:about","runs as a country road through the northern edge of Milton","Esquesing Line runs as a country road through the northern edge of Milton, within the Milton North neighbourhood."
"no-geometry","esquesing-line-milton","","","","proximity","none","downtown","the town core","false","false","sec:about","newer subdivisions beginning to appear closer to the town core","The road is framed by open fields and scattered farmsteads, with newer subdivisions beginning to appear closer to the town core."
"not-refuted","esquesing-line-milton","-6043","T1 town","street","town-compass","north","town","Milton","false","false","faq","Esquesing Line sits on Milton's northern edge","Esquesing Line sits on Milton's northern edge, which gives it a different character from streets embedded inside the built-up parts of town."
"not-refuted","coombs-court-milton","-2422","T1 downtown","polygon:Scott","anchor-compass","west","downtown","the downtown core","false","false","hero ld-place sec:about","sits west of the downtown core","Coombs Court is a small residential court in Milton's Scott neighbourhood, a pocket of the town that sits west of the downtown core and north of the escarpment lands."
"not-checkable","coombs-court-milton","","","","anchor-compass","north","escarpment","the escarpment lands","false","false","hero ld-place sec:about","north of the escarpment lands","Coombs Court is a small residential court in Milton's Scott neighbourhood, a pocket of the town that sits west of the downtown core and north of the escarpment lands."
"not-refuted","bishop-court-milton","-2215","T1 downtown","polygon:Dorset Park","anchor-compass","east","downtown","the downtown core","false","false","hero ld-place sec:about","sits east of the downtown core","Bishop Court is a short residential court in Milton's Dorset Park, a pocket of the town that sits east of the downtown core and south of the escarpment line."
"not-checkable","bishop-court-milton","","","","anchor-compass","south","escarpment","the escarpment line","false","false","hero ld-place sec:about","south of the escarpment line","Bishop Court is a short residential court in Milton's Dorset Park, a pocket of the town that sits east of the downtown core and south of the escarpment line."
"MISPLACED","britannia-road-milton","-4711","T1 town","street","town-compass","north","town","Milton","false","false","hero ld-place sec:about","runs as a quiet, rural-tinged artery through Milton's northern edge","Britannia Road runs as a quiet, rural-tinged artery through Milton's northern edge, where the Bowes and Rural Trafalgar neighbourhoods meet."
"not-checkable","britannia-road-milton","","","","other-position","none","neighbourhood","Bowes and Rural Trafalgar","false","false","hero ld-place sec:about","where the Bowes and Rural Trafalgar neighbourhoods meet","Britannia Road runs as a quiet, rural-tinged artery through Milton's northern edge, where the Bowes and Rural Trafalgar neighbourhoods meet."
"no-geometry","britannia-road-milton","","","","proximity","none","downtown","the town centre","false","false","sec:homes","the denser subdivisions closer to the town centre","For those seeking a property with space and a sense of seclusion, Britannia Road offers a distinct alternative to the denser subdivisions closer to the town centre."
"no-geometry","britannia-road-milton","","","","proximity","none","downtown","Milton's core amenities","false","false","sec:differentPriorities","a location closer to Milton's core amenities","Buyers exploring comparable options might weigh a location closer to Milton's core amenities, where grocery stores and the GO station are shorter drives."
"not-checkable","holly-avenue-milton","","","","anchor-compass","east","escarpment","the escarpment","false","false","hero ld-place sec:about","sits east of the escarpment","Holly Avenue is a residential street in Milton's Coates neighbourhood, a pocket of the town that sits east of the escarpment and west of the commercial spine along Thompson Road South."
"not-checkable","holly-avenue-milton","","","","anchor-compass","west","commercial-corridor","the commercial spine along Thompson Road South","false","false","hero ld-place sec:about","west of the commercial spine along Thompson Road South","Holly Avenue is a residential street in Milton's Coates neighbourhood, a pocket of the town that sits east of the escarpment and west of the commercial spine along Thompson Road South."
"not-checkable","menefy-place-milton","","","","anchor-compass","west","escarpment","the escarpment","false","false","hero ld-place sec:about","sits west of the escarpment","Menefy Place is a short residential street in Milton's Beaty neighbourhood, a pocket of the town that sits west of the escarpment and north of the main east-west corridors."
"no-geometry","menefy-place-milton","","","","anchor-compass","north","road","the main east-west corridors","false","false","hero ld-place sec:about","north of the main east-west corridors","Menefy Place is a short residential street in Milton's Beaty neighbourhood, a pocket of the town that sits west of the escarpment and north of the main east-west corridors."
"WRONG","menefy-place-milton","1548","T1 town","street","town-compass","west","town","Milton","false","false","sec:about","it belongs to the newer western half of Milton","For anyone trying to place Menefy Place on the map, it belongs to the newer western half of Milton, closer to the James Snow Parkway interchange than to the historic downtown."
"not-checkable","menefy-place-milton","","","","proximity","none","road","James Snow Parkway interchange","false","false","sec:about","closer to the James Snow Parkway interchange than to the historic downtown","For anyone trying to place Menefy Place on the map, it belongs to the newer western half of Milton, closer to the James Snow Parkway interchange than to the historic downtown."
"WRONG","menefy-place-milton","1548","T1 town","street","town-compass","west","town","Milton","false","false","sec:gettingAround","a west-end address","For a west-end address, that is a workable rhythm rather than a punishing one."
"WRONG","stewart-crescent-milton","1696","T1 downtown","polygon:Beaty","anchor-compass","west","downtown","the town's historic core","false","false","hero ld-place sec:about","sits west of the town's historic core","Stewart Crescent is a residential street in the Beaty area of Milton, a pocket that sits west of the town's historic core and north of the Derry Road corridor."
"not-refuted","stewart-crescent-milton","-8","T3 road","polygon:Beaty","anchor-compass","north","road","Derry Road","false","false","hero ld-place sec:about","north of the Derry Road corridor","Stewart Crescent is a residential street in the Beaty area of Milton, a pocket that sits west of the town's historic core and north of the Derry Road corridor."
"not-refuted","stewart-crescent-milton","-3125","T1 town","polygon:Beaty","town-compass","south","town","Milton","false","false","sec:market","Beaty, a subdivision of Milton's south end","What the street does have is a clear position within Beaty, a subdivision of Milton's south end where the surrounding housing stock runs from townhome rows to detached homes on wider lots."
"no-geometry","temperance-crescent-milton","","","","anchor-compass","west","road","the main north-south arteries","false","false","hero ld-place sec:about","sits west of the main north-south arteries","Temperance Crescent is a residential crescent in Milton's Bowes area, a pocket of the town that sits west of the main north-south arteries and east of the open ground that marks Milton's western edge."
"not-checkable","temperance-crescent-milton","","","","anchor-compass","east","other","the open ground that marks Milton's western edge","false","false","hero ld-place sec:about","east of the open ground that marks Milton's western edge","Temperance Crescent is a residential crescent in Milton's Bowes area, a pocket of the town that sits west of the main north-south arteries and east of the open ground that marks Milton's western edge."
"not-refuted","boland-crescent-milton","-24395","T1 town","polygon:Nassagaweya","town-compass","west","town","Milton","false","false","hero ld-place sec:about","the village-scale community at the western edge of Milton","Boland Crescent is a residential crescent in Campbellville, the village-scale community at the western edge of Milton."
"not-checkable","boland-crescent-milton","","","","anchor-compass","north","escarpment","the Niagara Escarpment","false","false","sec:about","the Niagara Escarpment landform defining the horizon to the south","Campbellville anchors the immediate surroundings: a small settlement core, open country close by, and the Niagara Escarpment landform defining the horizon to the south."
"not-checkable","boland-crescent-milton","","","","anchor-compass","west","built-up-area","the denser subdivision forms found further east in Milton","false","false","sec:homes","rather than the denser subdivision forms found further east in Milton","What the street holds is a small collection of low-rise residential addresses in the Campbellville pocket, consistent with the village's established scale rather than the denser subdivision forms found further east in Milton."
"not-checkable","3-side-road-milton","","","","anchor-compass","east","escarpment","Niagara Escarpment country","false","false","sec:about","framed by the Niagara Escarpment country to the west","The street runs through a pocket where the grid loosens and the lots spread out, framed by the Niagara Escarpment country to the west and the built-up town to the east."
"not-checkable","3-side-road-milton","","","","anchor-compass","west","built-up-area","the built-up town","false","false","sec:about","the built-up town to the east","The street runs through a pocket where the grid loosens and the lots spread out, framed by the Niagara Escarpment country to the west and the built-up town to the east."
"not-checkable","3-side-road-milton","","","","edge-of-town","none","town","Milton","false","false","sec:about","the town's edge on the other","What frames the street is open country on one side and the town's edge on the other."
"not-refuted","vanier-drive-milton","-1715","T1 town","polygon:Bronte Meadows","town-compass","northwest","town","Milton","false","false","hero ld-place sec:about","a residential pocket in Milton's northwest","Vanier Drive sits in Bronte Meadows, a residential pocket in Milton's northwest."
"not-checkable","middleton-crescent-milton","","","","anchor-compass","west","commercial-corridor","the main commercial spine","false","false","hero ld-place sec:about","sits west of the main commercial spine","Middleton Crescent is a short residential crescent in Milton's Timberlea neighbourhood, a pocket of the town that sits west of the main commercial spine and north of the older village core."
"not-refuted","middleton-crescent-milton","-1618","T1 downtown","polygon:Timberlea","anchor-compass","north","downtown","the older village core","false","false","hero ld-place sec:about","north of the older village core","Middleton Crescent is a short residential crescent in Milton's Timberlea neighbourhood, a pocket of the town that sits west of the main commercial spine and north of the older village core."
"not-checkable","middleton-crescent-milton","","","","other-position","none","downtown","the town's historic centre and the newer growth","false","false","sec:about","positioned between the town's historic centre and the newer growth pushing north and west","Timberlea itself is an established part of Milton, positioned between the town's historic centre and the newer growth pushing north and west."
"not-checkable","boughton-crescent-milton","","","","anchor-compass","west","escarpment","the escarpment","false","false","hero ld-place sec:about","sits west of the escarpment","Boughton Crescent is a residential crescent in Milton's Coates neighbourhood, a pocket of the town that sits west of the escarpment and north of the older downtown grid."
"MISPLACED","boughton-crescent-milton","-314","T1 downtown","polygon:Coates","anchor-compass","north","downtown","the older downtown grid","false","false","hero ld-place sec:about","north of the older downtown grid","Boughton Crescent is a residential crescent in Milton's Coates neighbourhood, a pocket of the town that sits west of the escarpment and north of the older downtown grid."
"not-refuted","cunningham-court-milton","-24395","T1 town","polygon:Nassagaweya","town-compass","west","town","Milton","false","false","hero ld-place sec:about","a pocket at the rural western edge of town","Cunningham Court is a short residential court in Milton's Moffat area, a pocket at the rural western edge of town where the street grid thins into country roads and open land."
"not-refuted","cunningham-court-milton","-24395","T1 town","polygon:Nassagaweya","town-compass","west","town","Milton","false","false","sec:market","a rural-residential pocket on Milton's western edge","The street sits within Moffat, a rural-residential pocket on Milton's western edge, and its housing form is consistent with that setting rather than with the denser subdivision streets closer to town."
"no-geometry","cunningham-court-milton","","","","proximity","none","town","Milton","false","false","sec:market","the denser subdivision streets closer to town","The street sits within Moffat, a rural-residential pocket on Milton's western edge, and its housing form is consistent with that setting rather than with the denser subdivision streets closer to town."
"not-checkable","cunningham-court-milton","","","","anchor-compass","north","built-up-area","Milton's built-up edge","false","false","sec:gettingAround","a rural pocket north of Milton's built-up edge","Cunningham Court sits in Moffat, a rural pocket north of Milton's built-up edge, and that position shapes every commute from the street."
"not-checkable","cunningham-court-milton","","","","anchor-compass","north","built-up-area","Milton's main growth areas","false","false","faq","a rural community north of Milton's main growth areas","The street sits in Moffat, a rural community north of Milton's main growth areas, which places it well outside the newer subdivision belts."
"not-checkable","cunningham-court-milton","","","","other-position","none","built-up-area","the newer subdivision belts","false","false","faq","places it well outside the newer subdivision belts","The street sits in Moffat, a rural community north of Milton's main growth areas, which places it well outside the newer subdivision belts."
"not-refuted","malick-street-milton","-1757","T1 town","polygon:Timberlea","town-compass","north","town","Milton","false","false","hero ld-place sec:about","a residential pocket in the town's north end","Malick Street sits in the Timberlea neighbourhood of Milton, a residential pocket in the town's north end."
"not-checkable","malick-street-milton","","","","anchor-compass","east","water/park","Sam Sherratt Trail Park","false","false","sec:about","framed by the Sam Sherratt Trail Park to the west","It is framed by the Sam Sherratt Trail Park to the west and the Timberlea Trail to the east, giving the area a green, walkable character."
"not-checkable","malick-street-milton","","","","anchor-compass","west","water/park","Timberlea Trail","false","false","sec:about","the Timberlea Trail to the east","It is framed by the Sam Sherratt Trail Park to the west and the Timberlea Trail to the east, giving the area a green, walkable character."
"not-refuted","hop-place-milton","-4832","T1 town","polygon:Cobban","town-compass","south","town","Milton","false","false","hero ld-place sec:about","a neighbourhood in Milton's south end","Hop Place is a short residential street in Cobban, a neighbourhood in Milton's south end."
"no-geometry","hop-place-milton","","","","town-compass","south","town","Milton","false","false","sec:about","the wider south-Milton grid","Hop Place occupies a small pocket within that build, and its position puts the wider south-Milton grid within easy reach by car."
"WRONG","fennamore-terrace-milton","1954","T1 downtown","polygon:Harrison","anchor-compass","north","downtown","the commercial core","false","false","hero ld-place sec:about","sits north of the commercial core","Fennamore Terrace is a short residential street in Milton's Harrison area, a pocket of the town that sits north of the commercial core and west of the older grid streets closer to downtown."
"not-refuted","fennamore-terrace-milton","-2531","T1 downtown","polygon:Harrison","anchor-compass","west","downtown","the older grid streets closer to downtown","false","false","hero ld-place sec:about","west of the older grid streets closer to downtown","Fennamore Terrace is a short residential street in Milton's Harrison area, a pocket of the town that sits north of the commercial core and west of the older grid streets closer to downtown."
"not-refuted","wakefield-road-milton","-1397","T4 proximity (downtown)","polygon:Old Milton","proximity","none","downtown","the historic core of the town","false","false","hero ld-place sec:about","Old Milton, the historic core of the town","Wakefield Road is a residential street in Old Milton, the historic core of the town, where the grid tightens and the streets run short."
"not-refuted","farrell-court-milton","-2039","T3 road","polygon:Bowes","anchor-compass","west","road","James Snow Parkway","false","false","ld-place","sits west of the James Snow Parkway corridor","Farrell Court is a short residential court in Milton's Bowes area, a pocket of the town that sits west of the James Snow Parkway corridor and north of the main east-west arteries."
"no-geometry","farrell-court-milton","","","","anchor-compass","north","road","the main east-west arteries","false","false","ld-place","north of the main east-west arteries","Farrell Court is a short residential court in Milton's Bowes area, a pocket of the town that sits west of the James Snow Parkway corridor and north of the main east-west arteries."
"not-refuted","mcfarland-court-milton","-22086","T1 town","polygon:Nassagaweya","town-compass","north","town","Milton","false","false","sec:gettingAround","a rural pocket at the north end of Milton","McFarland Court sits in Brookville / Haltonville, a rural pocket at the north end of Milton where distances stretch and the car does most of the work."
"not-refuted","mae-court-milton","-24395","T1 town","polygon:Nassagaweya","town-compass","west","town","Milton","false","false","hero ld-place sec:about","the hamlet at Milton's western edge","Mae Court is a quiet cul-de-sac in Campbellville, the hamlet at Milton's western edge."
"negated-not-judged","mae-court-milton","","","","proximity","none","downtown","Milton's core","true","true","sec:differentPriorities","the convenience of being closer to Milton's core","The choice comes down to whether the quiet, spread-out setting outweighs the convenience of being closer to Milton's core."
"not-checkable","howden-crescent-milton","","","","anchor-compass","south","escarpment","the escarpment","false","false","hero ld-place sec:about","sits south of the escarpment","Howden Crescent is a residential crescent in Milton's Coates neighbourhood, a pocket of the town that sits south of the escarpment and west of the town's older core."
"MISPLACED","howden-crescent-milton","315","T1 downtown","polygon:Coates","anchor-compass","west","downtown","the town's older core","false","false","hero ld-place sec:about","west of the town's older core","Howden Crescent is a residential crescent in Milton's Coates neighbourhood, a pocket of the town that sits south of the escarpment and west of the town's older core."
"not-checkable","mcphail-way-milton","","","","anchor-compass","west","built-up-area","the main urban grid","false","false","hero ld-place sec:about","a pocket that sits west of the main urban grid","McPhail Way is a short residential way in the Brookville/Haltonville area of Milton, a pocket that sits west of the main urban grid and carries a distinctly rural-adjacent character."
"not-refuted","waters-boulevard-milton","-3179","T1 downtown","polygon:Dempsey","anchor-compass","north","downtown","the downtown core","false","false","hero ld-place sec:about","sits north of the downtown core","Waters Boulevard is a residential street in Milton's Dempsey district, a pocket of the town that sits north of the downtown core and east of the escarpment line."
"not-checkable","waters-boulevard-milton","","","","anchor-compass","east","escarpment","the escarpment line","false","false","hero ld-place sec:about","east of the escarpment line","Waters Boulevard is a residential street in Milton's Dempsey district, a pocket of the town that sits north of the downtown core and east of the escarpment line."
"not-refuted","caves-court-milton","-1308","T4 proximity (central)","street","proximity","none","downtown","central Milton","false","false","sec:about","close to the everyday infrastructure of central Milton","The street's position puts it close to the everyday infrastructure of central Milton without sitting on any of the arterial roads that carry it."
"negated-not-judged","caves-court-milton","","","","other-position","none","road","the arterial roads","true","false","sec:about","without sitting on any of the arterial roads that carry it","The street's position puts it close to the everyday infrastructure of central Milton without sitting on any of the arterial roads that carry it."
"not-checkable","wheelihan-way-milton","","","","anchor-compass","north","escarpment","the Niagara Escarpment","false","false","faq","a long-established hamlet north of the Niagara Escarpment","Wheelihan Way sits within Campbellville, a long-established hamlet north of the Niagara Escarpment rather than an active new-build subdivision."
"not-checkable","slingsby-landing-milton","","","","anchor-compass","west","commercial-corridor","the commercial spine","false","false","hero ld-place sec:about","sits west of the commercial spine","Slingsby Landing is a short residential street in Milton's Harrison area, a pocket of the town that sits west of the commercial spine and north of the older grid."
"WRONG","slingsby-landing-milton","1954","T1 downtown","polygon:Harrison","anchor-compass","north","downtown","the older grid","false","false","hero ld-place sec:about","north of the older grid","Slingsby Landing is a short residential street in Milton's Harrison area, a pocket of the town that sits west of the commercial spine and north of the older grid."
"not-checkable","fasken-court-milton","","","","anchor-compass","east","escarpment","the escarpment","false","false","hero ld-place","sits east of the escarpment","Fasken Court is a short residential court in Milton's Clarke neighbourhood, a pocket of the town that sits east of the escarpment and north of the older downtown grid."
"MISPLACED","fasken-court-milton","-2316","T1 downtown","polygon:Clarke","anchor-compass","north","downtown","the older downtown grid","false","false","hero ld-place","north of the older downtown grid","Fasken Court is a short residential court in Milton's Clarke neighbourhood, a pocket of the town that sits east of the escarpment and north of the older downtown grid."
"not-checkable","mcphedran-point-milton","","","","anchor-compass","west","commercial-corridor","the main commercial corridors","false","false","hero ld-place sec:about","sits west of the main commercial corridors","McPhedran Point is a short residential street in Milton's Ford area, a pocket of the town that sits west of the main commercial corridors and south of the escarpment lands."
"not-checkable","mcphedran-point-milton","","","","anchor-compass","south","escarpment","the escarpment lands","false","false","hero ld-place sec:about","south of the escarpment lands","McPhedran Point is a short residential street in Milton's Ford area, a pocket of the town that sits west of the main commercial corridors and south of the escarpment lands."
"not-checkable","mcphedran-point-milton","","","","proximity","none","downtown","Milton's core amenities","false","false","sec:about","within reach of Milton's core amenities","The street's position puts it within reach of Milton's core amenities without placing it on a through-route."
"negated-not-judged","mcphedran-point-milton","","","","other-position","none","road","a through-route","true","false","sec:about","without placing it on a through-route","The street's position puts it within reach of Milton's core amenities without placing it on a through-route."
"not-checkable","cartmer-way-milton","","","","anchor-compass","west","escarpment","the escarpment","false","false","hero ld-place sec:about","sits west of the escarpment","Cartmer Way is a short residential way in Milton's Dempsey neighbourhood, a pocket of the town that sits west of the escarpment and north of the main east-west corridors."
"no-geometry","cartmer-way-milton","","","","anchor-compass","north","road","the main east-west corridors","false","false","hero ld-place sec:about","north of the main east-west corridors","Cartmer Way is a short residential way in Milton's Dempsey neighbourhood, a pocket of the town that sits west of the escarpment and north of the main east-west corridors."
"not-refuted","savoline-boulevard-milton","-3230","T1 town","street","town-compass","west","town","Milton","false","false","hero ld-place sec:about","runs through Milton's western edge","Savoline Boulevard runs through Milton's western edge, where the Scott, Walker, and Harrison neighbourhoods meet."
"not-checkable","savoline-boulevard-milton","","","","other-position","none","neighbourhood","Scott, Walker, and Harrison","false","false","hero ld-place sec:about","where the Scott, Walker, and Harrison neighbourhoods meet","Savoline Boulevard runs through Milton's western edge, where the Scott, Walker, and Harrison neighbourhoods meet."
"not-refuted","savoline-boulevard-milton","-3230","T1 town","street","town-compass","west","town","Milton","false","true","sec:about","laid out in the pattern typical of Milton's newer west-end subdivisions","It is a residential street of detached and semi-detached houses, laid out in the pattern typical of Milton's newer west-end subdivisions."
"not-refuted","stark-circle-milton","-2051","T1 town","polygon:Beaty","town-compass","north","town","Milton","false","false","hero ld-place sec:about","a residential pocket in the town's north end","Stark Circle is a quiet loop in Milton's Beaty neighbourhood, a residential pocket in the town's north end."
"not-checkable","magurn-gate-milton","","","","anchor-compass","west","commercial-corridor","the commercial spine","false","false","hero ld-place sec:about","sits west of the commercial spine","Magurn Gate is a short residential street in Milton's Harrison area, a pocket of the town that sits west of the commercial spine and north of the older grid."
"WRONG","magurn-gate-milton","1954","T1 downtown","polygon:Harrison","anchor-compass","north","downtown","the older grid","false","false","hero ld-place sec:about","north of the older grid","Magurn Gate is a short residential street in Milton's Harrison area, a pocket of the town that sits west of the commercial spine and north of the older grid."
"not-checkable","livingston-road-milton","","","","anchor-compass","south","escarpment","the escarpment","false","false","hero ld-place sec:about","sits south of the escarpment","Livingston Road is a residential road in Milton's Dempsey neighbourhood, a pocket of the town that sits south of the escarpment and west of the older core."
"MISPLACED","livingston-road-milton","419","T1 downtown","polygon:Dempsey","anchor-compass","west","downtown","the older core","false","false","hero ld-place sec:about","west of the older core","Livingston Road is a residential road in Milton's Dempsey neighbourhood, a pocket of the town that sits south of the escarpment and west of the older core."
"not-refuted","day-terrace-milton","-2330","T1 town","polygon:Ford","town-compass","west","town","Milton","false","false","hero ld-place sec:about","a pocket of west Milton","Day Terrace is a short residential street in Milton's Ford neighbourhood, a pocket of west Milton that sits between the town's older core and the newer subdivisions pushing toward the escarpment."
"not-checkable","day-terrace-milton","","","","other-position","none","downtown","the town's older core and the newer subdivisions pushing toward the escarpment","false","false","hero ld-place sec:about","sits between the town's older core and the newer subdivisions pushing toward the escarpment","Day Terrace is a short residential street in Milton's Ford neighbourhood, a pocket of west Milton that sits between the town's older core and the newer subdivisions pushing toward the escarpment."
"MISPLACED","rose-way-milton","-724","T1 town","street","town-compass","west","town","Milton","false","true","sec:about","reads as a street inside the town's newer western fabric","For a household measuring a move against the rest of Milton, Rose Way reads as a street inside the town's newer western fabric rather than at its edge."
"negated-not-judged","rose-way-milton","","","","edge-of-town","none","town","Milton","true","true","sec:about","rather than at its edge","For a household measuring a move against the rest of Milton, Rose Way reads as a street inside the town's newer western fabric rather than at its edge."
"not-refuted","cochrane-terrace-milton","299","T1 town","polygon:Willmott","town-compass","north","town","Milton","false","false","sec:about","Willmott itself sits in the northern reaches of Milton","Willmott itself sits in the northern reaches of Milton, where mature trees line many of the roads and the grid gives way to winding crescents and closes."
"not-checkable","williams-avenue-milton","","","","proximity","none","downtown","Milton's central amenities","false","false","sec:about","within easy reach of Milton's central amenities","Its position places residents within easy reach of Milton's central amenities while maintaining a distinctly local atmosphere."
"not-refuted","periwinkle-place-milton","-3783","T1 town","polygon:Walker","town-compass","west","town","Milton","false","false","hero ld-place","a pocket of the town's western corridor","Periwinkle Place is a short residential street in Milton's Walker neighbourhood, a pocket of the town's western corridor where the street grid gives way to quieter residential turns."
"not-checkable","forbes-terrace-milton","","","","anchor-compass","west","escarpment","the escarpment","false","false","hero ld-place sec:about","sits west of the escarpment","Forbes Terrace is a residential street in Milton's Scott neighbourhood, a pocket of the town that sits west of the escarpment and north of the commercial spine along Steeles Avenue."
"not-checkable","forbes-terrace-milton","","","","anchor-compass","north","commercial-corridor","the commercial spine along Steeles Avenue","false","false","hero ld-place sec:about","north of the commercial spine along Steeles Avenue","Forbes Terrace is a residential street in Milton's Scott neighbourhood, a pocket of the town that sits west of the escarpment and north of the commercial spine along Steeles Avenue."
"not-refuted","lott-crescent-milton","-1527","T3 road","polygon:Coates","anchor-compass","south","road","Derry Road","false","false","hero ld-place sec:about","sits south of the Derry Road corridor","Lott Crescent is a short residential crescent in Milton's Coates neighbourhood, a pocket of the town that sits south of the Derry Road corridor and west of the main north-south arteries."
"no-geometry","lott-crescent-milton","","","","anchor-compass","west","road","the main north-south arteries","false","false","hero ld-place sec:about","west of the main north-south arteries","Lott Crescent is a short residential crescent in Milton's Coates neighbourhood, a pocket of the town that sits south of the Derry Road corridor and west of the main north-south arteries."
"not-checkable","swann-crescent-milton","","","","other-position","none","downtown","the town's older core","false","false","sec:about","positioned between the town's older core and the newer growth pushing outward","Clarke itself is an established part of Milton, positioned between the town's older core and the newer growth pushing outward."
"not-refuted","swindale-drive-milton","-4273","T1 town","polygon:Scott","town-compass","west","town","Milton","false","false","hero ld-place","a pocket of west Milton","Swindale Drive is a short residential street in Milton's Scott area, a pocket of west Milton that sits between the town's older core and the newer subdivisions pushing toward the escarpment."
"not-checkable","swindale-drive-milton","","","","other-position","none","downtown","the town's older core","false","false","hero ld-place","sits between the town's older core and the newer subdivisions pushing toward the escarpment","Swindale Drive is a short residential street in Milton's Scott area, a pocket of west Milton that sits between the town's older core and the newer subdivisions pushing toward the escarpment."
"not-checkable","mcginnis-crescent-milton","","","","anchor-compass","west","escarpment","the escarpment","false","false","hero ld-place sec:about","sits west of the escarpment","McGinnis Crescent is a residential crescent in Milton's Harrison area, a pocket of the town that sits west of the escarpment and north of the main commercial spine."
"not-checkable","mcginnis-crescent-milton","","","","anchor-compass","north","commercial-corridor","the main commercial spine","false","false","hero ld-place sec:about","north of the main commercial spine","McGinnis Crescent is a residential crescent in Milton's Harrison area, a pocket of the town that sits west of the escarpment and north of the main commercial spine."
"not-checkable","copeland-circle-milton","","","","anchor-compass","east","escarpment","the escarpment","false","false","hero ld-place sec:about","sits east of the escarpment","Copeland Circle is a residential loop in Milton's Clarke neighbourhood, a pocket of the town that sits east of the escarpment and west of the commercial corridor along James Snow Parkway."
"not-checkable","copeland-circle-milton","","","","anchor-compass","west","commercial-corridor","the commercial corridor along James Snow Parkway","false","false","hero ld-place sec:about","west of the commercial corridor along James Snow Parkway","Copeland Circle is a residential loop in Milton's Clarke neighbourhood, a pocket of the town that sits east of the escarpment and west of the commercial corridor along James Snow Parkway."
"not-refuted","carbert-crescent-milton","-1678","T1 town","street","town-compass","west","town","Milton","false","false","sec:about","a street this far into Milton's western growth","For a street this far into Milton's western growth, the connections back toward the rest of the region are straightforward."
"MISPLACED","tyrone-crescent-milton","-559","T1 downtown","street","anchor-compass","west","downtown","the town's older core","false","false","sec:about","west of the town's older core","It sits within the Willmott grid, west of the town's older core and south of the escarpment lands."
"not-checkable","tyrone-crescent-milton","","","","anchor-compass","south","escarpment","the escarpment lands","false","false","sec:about","south of the escarpment lands","It sits within the Willmott grid, west of the town's older core and south of the escarpment lands."
"not-refuted","tyrone-crescent-milton","-1663","T1 town","street","town-compass","west","town","Milton","false","false","sec:gettingAround","a street this far into Milton's western growth","For a street this far into Milton's western growth, the highway and the station are both reached without crossing town, and the drive to the onramp is short enough that peak-hour timing matters less than it does from deeper pockets."
"not-checkable","tyrone-crescent-milton","","","","proximity","none","road","the highway onramp","false","false","sec:gettingAround","the drive to the onramp is short","For a street this far into Milton's western growth, the highway and the station are both reached without crossing town, and the drive to the onramp is short enough that peak-hour timing matters less than it does from deeper pockets."
"not-checkable","tyrone-crescent-milton","","","","proximity","none","rail","the station","false","false","sec:gettingAround","a station that is close","The trade is a longer train ride east, offset by a station that is close and a highway that is closer."
"not-checkable","tyrone-crescent-milton","","","","proximity","none","road","the highway","false","false","sec:gettingAround","a highway that is closer","The trade is a longer train ride east, offset by a station that is close and a highway that is closer."
"not-refuted","willet-terrace-milton","-2531","T1 downtown","polygon:Harrison","anchor-compass","west","downtown","its older core","false","true","hero ld-place","filled in steadily as Milton has grown west and north of its older core","Willet Terrace is a short residential street in Milton's Harrison area, a pocket of the town that has filled in steadily as Milton has grown west and north of its older core."
"WRONG-reading-refuted","willet-terrace-milton","1954","T1 downtown","polygon:Harrison","anchor-compass","north","downtown","its older core","false","true","hero ld-place","filled in steadily as Milton has grown west and north of its older core","Willet Terrace is a short residential street in Milton's Harrison area, a pocket of the town that has filled in steadily as Milton has grown west and north of its older core."
"WRONG","labine-point-milton","782","T1 town","polygon:Cobban","town-compass","northwest","town","Milton","false","false","hero ld-place sec:about","a residential pocket in the town's northwest","Labine Point is a quiet cul-de-sac in Milton's Cobban neighbourhood, a residential pocket in the town's northwest."
"not-refuted","labine-point-milton","-4626","T1 town","street","town-compass","southeast","town","Milton","false","false","sec:market","The street sits inside Cobban, in Milton's newer southeast quadrant","The street sits inside Cobban, in Milton's newer southeast quadrant, with townhouse form dominating the recorded activity."
"not-refuted","labine-point-milton","-4743","T1 town","polygon:Cobban","town-compass","east","town","Milton","false","false","faq","Cobban, one of Milton's newer eastern subdivisions","Labine Point sits within Cobban, one of Milton's newer eastern subdivisions, and reads as recently built stock rather than an established pocket."
"MISPLACED","sugden-terrace-milton","-1154","T1 downtown","street","anchor-compass","west","downtown","the town's historic core","false","false","sec:about","Sugden Terrace sits west of the town's historic core","For anyone mapping Milton, Sugden Terrace sits west of the town's historic core, in the newer residential belt that runs toward the escarpment."
"not-refuted","devine-point-milton","-2330","T1 town","polygon:Ford","town-compass","west","town","Milton","false","false","hero ld-place sec:about","a pocket on the town's western side","Devine Point sits in the Ford area of Milton, a pocket on the town's western side where the street pattern loosens and the lots open up."
"no-geometry","devine-point-milton","","","","town-compass","west","town","Milton","false","false","sec:about","the town's western residential expansion","Beyond that, the surrounding grid is quiet and largely built out, with the town's western residential expansion sitting to the north and west."
"not-checkable","burgess-garden-milton","","","","proximity","none","commercial-corridor","the town's main commercial corridors","false","false","hero ld-place sec:about","now sits within easy reach of the town's main commercial corridors","Burgess Garden is a short residential street in Milton's Coates neighbourhood, a pocket of the town that grew outward from the older core and now sits within easy reach of the town's main commercial corridors."
"not-refuted","bronte-street-milton","-1318","T4 proximity (downtown)","street","proximity","none","downtown","Old Milton, the historic core of the town","false","false","hero ld-place","runs through Old Milton, the historic core of the town","Bronte Street runs through Old Milton, the historic core of the town, where the grid tightens and the streets carry names that predate the subdivisions around them."
"not-refuted","burrows-gate-milton","-790","T1 town","polygon:Coates","town-compass","west","town","Milton","false","false","hero ld-place sec:about","one of the established subdivisions on Milton's western side","Burrows Gate is a short residential street in Coates, one of the established subdivisions on Milton's western side."
"not-refuted","kendall-drive-milton","-4273","T1 town","polygon:Scott","town-compass","west","town","Milton","false","false","hero ld-place sec:about","a pocket of west Milton","Kendall Drive is a short residential street in Milton's Scott neighbourhood, a pocket of west Milton that sits between the town's older core and the newer subdivisions pushing toward the escarpment."
"not-checkable","kendall-drive-milton","","","","other-position","none","downtown","the town's older core","false","false","hero ld-place sec:about","sits between the town's older core and the newer subdivisions pushing toward the escarpment","Kendall Drive is a short residential street in Milton's Scott neighbourhood, a pocket of west Milton that sits between the town's older core and the newer subdivisions pushing toward the escarpment."
"not-refuted","kendall-drive-milton","-2529","T1 town","street","town-compass","west","town","Milton","false","false","sec:gettingAround","a street this far west in Milton","For a street this far west in Milton, the highway and the train are close to equally convenient, which is not true everywhere in the town."
"WRONG","gordon-heights-milton","1074","T1 town","street","town-compass","west","town","Milton","false","false","sec:about","It is close to the western edge of the town","It is close to the western edge of the town, with the surrounding landscape giving way to open fields and newer developments."
"not-refuted","guelph-line-milton","-21802","T1 town","street","town-compass","west","town","Milton","false","false","hero ld-place sec:about","cuts through the western edge of Milton","Guelph Line is a rural artery that cuts through the western edge of Milton, threading past farm fields, scattered woodlots, and the small communities of Campbellville, Brookville, and Haltonville."
"not-checkable","guelph-line-milton","","","","proximity","none","other","Campbellville, Brookville, and Haltonville","false","false","hero ld-place sec:about","threading past farm fields, scattered woodlots, and the small communities of Campbellville, Brookville, and Haltonville","Guelph Line is a rural artery that cuts through the western edge of Milton, threading past farm fields, scattered woodlots, and the small communities of Campbellville, Brookville, and Haltonville."
"not-checkable","guelph-line-milton","","","","orientation","none","none","","false","false","sec:about","The line runs north-south","The line runs north-south, linking the countryside to the broader Halton region, with the Niagara Escarpment rising to the west."
"not-checkable","guelph-line-milton","","","","anchor-compass","east","escarpment","Niagara Escarpment","false","false","sec:about","with the Niagara Escarpment rising to the west","The line runs north-south, linking the countryside to the broader Halton region, with the Niagara Escarpment rising to the west."
"no-geometry","guelph-line-milton","","","","proximity","none","downtown","town core","false","false","sec:differentPriorities","areas nearer the town core","Buyers who want closer access to daily amenities might look toward areas nearer the town core, where groceries and the hospital are within a shorter drive."
"not-checkable","huffman-crescent-milton","","","","anchor-compass","west","escarpment","the escarpment","false","false","hero ld-place sec:about","sits west of the escarpment","Huffman Crescent is a residential crescent in Milton's Beaty neighbourhood, a pocket of the town that sits west of the escarpment and north of the main commercial corridors."
"not-checkable","huffman-crescent-milton","","","","anchor-compass","north","commercial-corridor","the main commercial corridors","false","false","hero ld-place sec:about","north of the main commercial corridors","Huffman Crescent is a residential crescent in Milton's Beaty neighbourhood, a pocket of the town that sits west of the escarpment and north of the main commercial corridors."
"WRONG","huffman-crescent-milton","1764","T1 town","street","town-compass","west","town","Milton","false","false","sec:about","it sits in the western half of Milton","For a reader trying to place Huffman Crescent in the broader town, it sits in the western half of Milton, closer to the James Snow Parkway corridor than to the older downtown core."
"not-checkable","huffman-crescent-milton","","","","proximity","none","road","James Snow Parkway","false","false","sec:about","closer to the James Snow Parkway corridor","For a reader trying to place Huffman Crescent in the broader town, it sits in the western half of Milton, closer to the James Snow Parkway corridor than to the older downtown core."
"negated-not-judged","huffman-crescent-milton","","","","proximity","none","downtown","the older downtown core","true","true","sec:about","closer to the James Snow Parkway corridor than to the older downtown core","For a reader trying to place Huffman Crescent in the broader town, it sits in the western half of Milton, closer to the James Snow Parkway corridor than to the older downtown core."
"not-refuted","mountainview-drive-milton","-1397","T4 proximity (downtown)","polygon:Old Milton","proximity","none","downtown","the historic core","false","false","hero ld-place sec:about","Old Milton, the historic core of the town","Mountainview Drive is a residential street in Old Milton, the historic core of the town where the grid still bends around the creek rather than the other way around."
"not-checkable","penson-crescent-milton","","","","anchor-compass","south","escarpment","the escarpment","false","false","hero ld-place sec:about","sits south of the escarpment","Penson Crescent is a quiet residential crescent in Milton's Coates neighbourhood, a pocket of the town that sits south of the escarpment and west of the main commercial spine."
"not-checkable","penson-crescent-milton","","","","anchor-compass","west","commercial-corridor","the main commercial spine","false","false","hero ld-place sec:about","west of the main commercial spine","Penson Crescent is a quiet residential crescent in Milton's Coates neighbourhood, a pocket of the town that sits south of the escarpment and west of the main commercial spine."
"not-checkable","tupper-drive-milton","","","","anchor-compass","east","escarpment","the escarpment","false","false","hero ld-place sec:about","sits east of the escarpment","Tupper Drive is a residential street in Milton's Clarke neighbourhood, a pocket of the town that sits east of the escarpment and north of the main commercial spine."
"not-checkable","tupper-drive-milton","","","","anchor-compass","north","commercial-corridor","the main commercial spine","false","false","hero ld-place sec:about","north of the main commercial spine","Tupper Drive is a residential street in Milton's Clarke neighbourhood, a pocket of the town that sits east of the escarpment and north of the main commercial spine."
"not-refuted","mcferran-crescent-milton","-2585","T1 town","polygon:Willmott","town-compass","west","town","Milton","false","false","hero ld-place sec:about","a district in the town's western growth corridor","McFerran Crescent is a residential crescent in Milton's Willmott neighbourhood, a district in the town's western growth corridor."
"not-checkable","reece-court-milton","","","","anchor-compass","west","commercial-corridor","the commercial spine","false","false","hero ld-place sec:about","sits west of the commercial spine","Reece Court is a short residential court in Milton's Harrison area, a pocket of the town that sits west of the commercial spine and north of the older grid."
"WRONG","reece-court-milton","1954","T1 downtown","polygon:Harrison","anchor-compass","north","downtown","the older grid","false","false","hero ld-place sec:about","north of the older grid","Reece Court is a short residential court in Milton's Harrison area, a pocket of the town that sits west of the commercial spine and north of the older grid."
"not-checkable","earl-crescent-milton","","","","anchor-compass","west","escarpment","the escarpment","false","false","hero ld-place sec:about","sits west of the escarpment","Earl Crescent is a residential crescent in Milton's Beaty neighbourhood, a pocket of the town that sits west of the escarpment and north of the main commercial corridors."
"not-checkable","earl-crescent-milton","","","","anchor-compass","north","commercial-corridor","the main commercial corridors","false","false","hero ld-place sec:about","north of the main commercial corridors","Earl Crescent is a residential crescent in Milton's Beaty neighbourhood, a pocket of the town that sits west of the escarpment and north of the main commercial corridors."
"not-refuted","paupst-place-milton","-2197","T1 town","street","town-compass","west","town","Milton","false","false","sec:about","within Milton's growing west side","For those who value a contained, low-key setting, Paupst Place offers a distinct residential character within Milton's growing west side."
"WRONG","moorelands-crescent-milton","849","T1 downtown","street","anchor-compass","west","downtown","the town's older core","false","false","sec:about","It sits west of the town's older core","It sits west of the town's older core, in a pocket where the street pattern bends around parkland rather than running straight through."
"not-refuted","goutouski-crescent-milton","-3636","T1 town","polygon:Harrison","town-compass","west","town","Milton","false","false","hero ld-place sec:about","one of Milton's newer residential districts on the town's western edge","Goutouski Crescent sits within Harrison, one of Milton's newer residential districts on the town's western edge."
"not-checkable","goutouski-crescent-milton","","","","anchor-compass","east","water/park","the community's green corridors","false","false","sec:about","draws its daily orientation westward toward the community's green corridors","The street draws its daily orientation westward toward the community's green corridors and eastward toward the arterial routes that carry Milton to the wider region."
"no-geometry","goutouski-crescent-milton","","","","anchor-compass","west","road","the arterial routes","false","false","sec:about","eastward toward the arterial routes that carry Milton to the wider region","The street draws its daily orientation westward toward the community's green corridors and eastward toward the arterial routes that carry Milton to the wider region."
"no-geometry","goutouski-crescent-milton","","","","proximity","none","downtown","the town centre","false","false","faq","streets closer to the town centre","If proximity to the GO station or downtown grid matters most, streets closer to the town centre trade the newer-build feel for a shorter walk to those anchors."
"not-refuted","thomas-street-milton","-1397","T4 proximity (downtown)","polygon:Old Milton","proximity","none","downtown","the historic core","false","false","hero ld-place sec:about","Old Milton, the historic core of the town","Thomas Street is a residential street in Old Milton, the historic core of the town, where the grid tightens and the lots run shallow."
"not-refuted","sprague-place-milton","-240","T1 town","polygon:Coates","town-compass","northwest","town","Milton","false","false","hero ld-place sec:about","a residential pocket in the town's northwest","Sprague Place is a quiet cul-de-sac in Milton's Coates neighbourhood, a residential pocket in the town's northwest."
"not-refuted","highside-drive-milton","-1397","T4 proximity (downtown)","polygon:Old Milton","proximity","none","downtown","the historic core","false","false","hero ld-place sec:about","Old Milton, the historic core of the town","Highside Drive is a residential street in Old Milton, the historic core of the town, where the grid tightens and the streets run shorter than they do in the newer subdivisions to the south and west."
"not-refuted","highside-drive-milton","-1397","T4 proximity (downtown)","polygon:Old Milton","proximity","none","downtown","the historic core","false","false","sec:market","Old Milton is the historic core of Milton","Old Milton is the historic core of Milton, and Highside Drive sits within it, close to the parks and schools that define the area's established residential character."
"not-checkable","highside-drive-milton","","","","proximity","none","water/park","the parks and schools","false","false","sec:market","close to the parks and schools","Old Milton is the historic core of Milton, and Highside Drive sits within it, close to the parks and schools that define the area's established residential character."
"MISPLACED","sprucedale-lane-milton","419","T1 downtown","polygon:Dempsey","anchor-compass","west","downtown","the downtown core","false","false","hero ld-place sec:about","sits west of the downtown core","Sprucedale Lane is a short residential lane in Milton's Dempsey neighbourhood, a pocket of the town that sits west of the downtown core and north of the escarpment lands."
"not-checkable","sprucedale-lane-milton","","","","anchor-compass","north","escarpment","the escarpment lands","false","false","hero ld-place sec:about","north of the escarpment lands","Sprucedale Lane is a short residential lane in Milton's Dempsey neighbourhood, a pocket of the town that sits west of the downtown core and north of the escarpment lands."
"not-checkable","robarts-drive-milton","","","","anchor-compass","west","escarpment","the escarpment","false","false","hero ld-place sec:about","sits west of the escarpment","Robarts Drive is a residential street in Milton's Dempsey neighbourhood, a pocket of the town that sits west of the escarpment and north of the main commercial corridors."
"not-checkable","robarts-drive-milton","","","","anchor-compass","north","commercial-corridor","the main commercial corridors","false","false","hero ld-place sec:about","north of the main commercial corridors","Robarts Drive is a residential street in Milton's Dempsey neighbourhood, a pocket of the town that sits west of the escarpment and north of the main commercial corridors."
"MISPLACED","toletzka-landing-milton","-2256","T1 downtown","street","anchor-compass","west","downtown","the town's historic core","false","false","sec:about","west of the town's historic core","The street sits within the Harrison neighbourhood, west of the town's historic core and within reach of the green corridors that thread through this part of Milton."
"not-checkable","toletzka-landing-milton","","","","proximity","none","water/park","the green corridors","false","false","sec:about","within reach of the green corridors that thread through this part of Milton","The street sits within the Harrison neighbourhood, west of the town's historic core and within reach of the green corridors that thread through this part of Milton."
"MISPLACED","leatherleaf-landing-milton","632","T1 town","polygon:Cobban","town-compass","north","town","Milton","false","false","hero ld-place sec:about","a growing community in the town's north end","Leatherleaf Landing is a quiet residential street in the Cobban neighbourhood of Milton, a growing community in the town's north end."
"not-refuted","tough-gate-milton","-3604","T1 town","street","town-compass","east","town","Milton","false","false","sec:about","sits in the eastern part of Milton","The street sits in the eastern part of Milton, within easy reach of several parks and the Milton GO Station."
"not-checkable","tough-gate-milton","","","","proximity","none","water/park","several parks","false","false","sec:about","within easy reach of several parks","The street sits in the eastern part of Milton, within easy reach of several parks and the Milton GO Station."
"not-checkable","tough-gate-milton","","","","proximity","none","rail","Milton GO Station","false","false","sec:about","within easy reach of several parks and the Milton GO Station","The street sits in the eastern part of Milton, within easy reach of several parks and the Milton GO Station."
"not-refuted","henry-crescent-milton","-2585","T1 town","polygon:Willmott","town-compass","west","town","Milton","false","false","hero ld-place sec:about","a pocket of the town's western growth area","Henry Crescent is a residential crescent in Milton's Willmott neighbourhood, a pocket of the town's western growth area where the street pattern bends rather than runs straight."
"not-checkable","locker-place-milton","","","","anchor-compass","west","escarpment","Niagara Escarpment","false","false","hero ld-place sec:about","sits west of the Niagara Escarpment","Locker Place is a short residential street in Milton's Ford neighbourhood, a pocket of the town that sits west of the Niagara Escarpment and north of the main east-west corridors."
"no-geometry","locker-place-milton","","","","anchor-compass","north","road","the main east-west corridors","false","false","hero ld-place sec:about","north of the main east-west corridors","Locker Place is a short residential street in Milton's Ford neighbourhood, a pocket of the town that sits west of the Niagara Escarpment and north of the main east-west corridors."
"not-refuted","locker-place-milton","-2140","T1 town","street","town-compass","west","town","Milton","false","false","sec:about","It belongs to the newer western growth of Milton","It belongs to the newer western growth of Milton rather than the older grid closer to the downtown core."
"no-geometry","locker-place-milton","","","","proximity","none","downtown","the downtown core","false","false","sec:about","the older grid closer to the downtown core","It belongs to the newer western growth of Milton rather than the older grid closer to the downtown core."
"not-refuted","philbrook-drive-milton","-454","T1 town","polygon:Coates","town-compass","north","town","Milton","false","false","hero ld-place sec:about","the Coates neighbourhood in Milton's north end","Philbrook Drive runs through the Coates neighbourhood in Milton's north end, a residential street that carries a quiet, established rhythm."
"MISPLACED","strawberry-landing-milton","-3025","T1 town","polygon:Walker","town-compass","east","town","Milton","false","false","sec:about","a broad, established district on Milton's eastern side","Walker itself is a broad, established district on Milton's eastern side, framed by the escarpment to the north and the town's older grid to the west."
"not-checkable","strawberry-landing-milton","","","","anchor-compass","south","escarpment","the escarpment","false","false","sec:about","framed by the escarpment to the north","Walker itself is a broad, established district on Milton's eastern side, framed by the escarpment to the north and the town's older grid to the west."
"MISPLACED","strawberry-landing-milton","-3025","T1 downtown","polygon:Walker","anchor-compass","east","downtown","the town's older grid","false","false","sec:about","the town's older grid to the west","Walker itself is a broad, established district on Milton's eastern side, framed by the escarpment to the north and the town's older grid to the west."
"not-checkable","fleming-drive-milton","","","","anchor-compass","east","escarpment","the escarpment","false","false","hero ld-place sec:about","sits east of the escarpment","Fleming Drive is a short residential street in Milton's Dempsey district, a pocket of the town that sits east of the escarpment and north of the main east-west corridors."
"no-geometry","fleming-drive-milton","","","","anchor-compass","north","road","the main east-west corridors","false","false","hero ld-place sec:about","north of the main east-west corridors","Fleming Drive is a short residential street in Milton's Dempsey district, a pocket of the town that sits east of the escarpment and north of the main east-west corridors."
"MISPLACED","hollinrake-crescent-milton","591","T1 town","polygon:Beaty","town-compass","west","town","Milton","false","false","hero ld-place sec:about","a pocket of west Milton","Hollinrake Crescent is a residential crescent in Milton's Beaty neighbourhood, a pocket of west Milton that sits between the older grid streets closer to downtown and the newer subdivisions pushing toward the escarpment."
"not-refuted","donovan-heights-milton","-2422","T1 downtown","polygon:Scott","anchor-compass","west","downtown","the downtown core","false","false","hero ld-place sec:about","sits west of the downtown core","Donovan Heights is a residential street in Milton's Scott area, a pocket of the town that sits west of the downtown core and north of the main east-west corridors."
"no-geometry","donovan-heights-milton","","","","anchor-compass","north","road","the main east-west corridors","false","false","hero ld-place sec:about","north of the main east-west corridors","Donovan Heights is a residential street in Milton's Scott area, a pocket of the town that sits west of the downtown core and north of the main east-west corridors."
"not-checkable","gore-court-milton","","","","anchor-compass","west","commercial-corridor","the commercial spine","false","false","hero ld-place sec:about","sits west of the commercial spine","Gore Court is a short residential court in Milton's Ford neighbourhood, a pocket of the town that sits west of the commercial spine and north of the escarpment lands."
"not-checkable","gore-court-milton","","","","anchor-compass","north","escarpment","the escarpment lands","false","false","hero ld-place sec:about","north of the escarpment lands","Gore Court is a short residential court in Milton's Ford neighbourhood, a pocket of the town that sits west of the commercial spine and north of the escarpment lands."
"MISPLACED","gore-court-milton","-2211","T1 town","street","town-compass","west","town","Milton","false","false","sec:about","Gore Court belongs to the western residential fabric","For anyone mapping Milton, Gore Court belongs to the western residential fabric, close to the schools and parks that anchor daily life in this part of town."
"not-checkable","gore-court-milton","","","","proximity","none","other","the schools and parks","false","false","sec:about","close to the schools and parks that anchor daily life in this part of town","For anyone mapping Milton, Gore Court belongs to the western residential fabric, close to the schools and parks that anchor daily life in this part of town."
"MISPLACED","lower-base-line-milton","-2516","T1 town","street","town-compass","north","town","Milton","false","false","hero ld-place sec:about","through the northern edge of Milton","Lower Base Line runs as a quiet rural route through the northern edge of Milton, within the Rural Trafalgar area."
"negated-not-judged","lower-base-line-milton","","","","proximity","none","commercial-corridor","the main commercial corridors","true","false","sec:about","sits away from the main commercial corridors","The street sits away from the main commercial corridors, yet it remains connected to Milton's growing suburban neighbourhoods to the south."
"not-checkable","lower-base-line-milton","","","","anchor-compass","north","built-up-area","Milton's growing suburban neighbourhoods","false","false","sec:about","Milton's growing suburban neighbourhoods to the south","The street sits away from the main commercial corridors, yet it remains connected to Milton's growing suburban neighbourhoods to the south."
"not-checkable","lower-base-line-milton","","","","anchor-compass","north","commercial-corridor","Milton's main retail areas","false","false","sec:amenities","residents often head south into Milton's main retail areas","For everyday needs, residents often head south into Milton's main retail areas."
"WRONG","pozbou-crescent-milton","1448","T1 town","street","town-compass","north","town","Milton","false","false","sec:about","sits in the northern part of town","The street sits in the northern part of town, within easy reach of major roads and amenities, yet it feels removed from the busier through-routes."
"not-checkable","pozbou-crescent-milton","","","","proximity","none","road","major roads and amenities","false","false","sec:about","within easy reach of major roads and amenities","The street sits in the northern part of town, within easy reach of major roads and amenities, yet it feels removed from the busier through-routes."
"negated-not-judged","pozbou-crescent-milton","","","","proximity","none","road","the busier through-routes","true","true","sec:about","it feels removed from the busier through-routes","The street sits in the northern part of town, within easy reach of major roads and amenities, yet it feels removed from the busier through-routes."
"not-checkable","cathcart-crescent-milton","","","","other-position","none","downtown","the older core","false","false","hero ld-place sec:about","grew outward from the older core","Cathcart Crescent is a residential crescent in Milton's Willmott district, a pocket of the town that grew outward from the older core and now sits within easy reach of the town's main commercial and institutional anchors."
"MISPLACED","elsley-court-milton","591","T1 town","polygon:Beaty","town-compass","west","town","Milton","false","false","hero ld-place sec:about","a pocket of the town's western grid","Elsley Court is a short residential court in Milton's Beaty district, a pocket of the town's western grid where the street pattern turns quiet and inward."
"not-refuted","elsley-court-milton","-3125","T1 town","polygon:Beaty","town-compass","south","town","Milton","false","false","sec:market","a subdivision in Milton's south-central grid","The housing stock is townhouse, and the street sits within Beaty, a subdivision in Milton's south-central grid where the surrounding streets carry far more transaction history than this one does."
"MISPLACED","alexander-crescent-milton","-1508","T1 town","polygon:Dempsey","town-compass","west","town","Milton","false","false","hero ld-place sec:about","a pocket of west Milton","Alexander Crescent is a residential crescent in Milton's Dempsey neighbourhood, a pocket of west Milton that sits between the town's established grid and the newer edges pushing toward the escarpment."
"not-refuted","cedar-trail-milton","-13983","T1 downtown","street","anchor-compass","west","town","Brookville","false","false","sec:about","Brookville, a few minutes east","The nearest settlement of any size is Brookville, a few minutes east, and Campbellville sits to the southwest."
"MISPLACED","cedar-trail-milton","-930","T1 downtown","street","anchor-compass","northeast","town","Campbellville","false","false","sec:about","Campbellville sits to the southwest","The nearest settlement of any size is Brookville, a few minutes east, and Campbellville sits to the southwest."
"not-checkable","cedar-trail-milton","","","","orientation","none","other","the countryside","false","false","sec:market","the surrounding road network is oriented toward the countryside rather than the town centre","The street sits within Moffat, a rural-residential corner of Milton where lot sizes are generous and the surrounding road network is oriented toward the countryside rather than the town centre."
"not-checkable","cedar-trail-milton","","","","edge-of-town","none","town","Milton","false","false","sec:gettingAround","at the rural edge of Milton","Cedar Trail sits in Moffat, at the rural edge of Milton where the road network thins and the distances stretch."
"not-refuted","gervais-terrace-milton","-3648","T1 town","polygon:Coates","town-compass","east","town","Milton","false","false","hero ld-place sec:about","on Milton's eastern edge","Gervais Terrace is a short residential street in Coates, one of the newer residential quarters on Milton's eastern edge."
"not-checkable","schreyer-crescent-milton","","","","anchor-compass","west","commercial-corridor","the commercial spine","false","false","hero ld-place sec:about","sits west of the commercial spine","Schreyer Crescent is a residential crescent in Milton's Harrison area, a pocket of the town that sits west of the commercial spine and north of the older grid."
"WRONG","schreyer-crescent-milton","1954","T1 downtown","polygon:Harrison","anchor-compass","north","downtown","the older grid","false","false","hero ld-place sec:about","north of the older grid","Schreyer Crescent is a residential crescent in Milton's Harrison area, a pocket of the town that sits west of the commercial spine and north of the older grid."
"not-refuted","trafalgar-road-milton","-6705","T1 town","street","town-compass","north","town","Milton","false","false","hero ld-place sec:about","through the northern reaches of Milton","Trafalgar Road runs as a rural artery through the northern reaches of Milton, within the Rural Trafalgar neighbourhood."
"not-checkable","trafalgar-road-milton","","","","anchor-compass","north","built-up-area","the suburban grid of Milton","false","false","sec:about","To the south, the suburban grid of Milton begins to assert itself","To the south, the suburban grid of Milton begins to assert itself, while to the north, the land opens into rolling countryside."
"not-checkable","trafalgar-road-milton","","","","anchor-compass","south","other","rolling countryside","false","false","sec:about","to the north, the land opens into rolling countryside","To the south, the suburban grid of Milton begins to assert itself, while to the north, the land opens into rolling countryside."
"no-geometry","trafalgar-road-milton","","","","proximity","none","downtown","the town centre","false","false","sec:about","the denser residential streets closer to the town centre","It offers a distinct contrast to the denser residential streets closer to the town centre."
"no-geometry","brock-court-milton","","","","anchor-compass","south","road","the main east-west corridors","false","false","hero ld-place sec:about","sits south of the main east-west corridors","Brock Court is a short residential court in Milton's Dorset Park area, a pocket of the town that sits south of the main east-west corridors and west of the older village core."
"not-refuted","brock-court-milton","-457","T1 downtown","polygon:Dorset Park","anchor-compass","west","downtown","the older village core","false","false","hero ld-place sec:about","west of the older village core","Brock Court is a short residential court in Milton's Dorset Park area, a pocket of the town that sits south of the main east-west corridors and west of the older village core."
"not-checkable","edwards-avenue-milton","","","","anchor-compass","east","escarpment","the escarpment","false","false","hero ld-place sec:about","sits east of the escarpment","Edwards Avenue is a residential street in Milton's Beaty neighbourhood, a pocket of the town that sits east of the escarpment and north of the main commercial spine."
"not-checkable","edwards-avenue-milton","","","","anchor-compass","north","commercial-corridor","the main commercial spine","false","false","hero ld-place sec:about","north of the main commercial spine","Edwards Avenue is a residential street in Milton's Beaty neighbourhood, a pocket of the town that sits east of the escarpment and north of the main commercial spine."
"not-refuted","dalhousie-gate-milton","299","T1 town","polygon:Willmott","town-compass","north","town","Milton","false","false","hero ld-place sec:about","set within the broader grid of the town's north end","Dalhousie Gate is a quiet cul-de-sac in the Willmott neighbourhood of Milton, a residential pocket set within the broader grid of the town's north end."
"WRONG","victoria-street-milton","195","T3 road","street","anchor-compass","south","road","Main Street","false","false","sec:about","connects Main Street to the north","It is a quiet, tree-lined residential corridor that connects Main Street to the north with the escarpment edge to the south."
"not-checkable","victoria-street-milton","","","","anchor-compass","north","escarpment","the escarpment edge","false","false","sec:about","with the escarpment edge to the south","It is a quiet, tree-lined residential corridor that connects Main Street to the north with the escarpment edge to the south."
"not-refuted","victoria-street-milton","-1657","T4 proximity (downtown)","street","proximity","none","downtown","Milton's historic downtown core","false","false","sec:about","sits within walking distance of Milton's historic downtown core","The street sits within walking distance of Milton's historic downtown core, where century-old storefronts and civic buildings anchor the community."
"not-refuted","victoria-street-milton","-1657","T4 proximity (downtown)","street","proximity","none","downtown","downtown Milton","false","false","sec:amenities","the amenities of downtown Milton are easily reached on foot","While the street itself is quiet, the amenities of downtown Milton are easily reached on foot, offering cafes, restaurants, and services that shape the daily rhythm of the neighbourhood."
"not-checkable","deacon-drive-milton","","","","anchor-compass","west","escarpment","the escarpment","false","false","hero ld-place sec:about","sits west of the escarpment","Deacon Drive is a residential street in Milton's Beaty neighbourhood, a pocket of the town that sits west of the escarpment and north of the main east-west corridors."
"no-geometry","deacon-drive-milton","","","","anchor-compass","north","road","the main east-west corridors","false","false","hero ld-place sec:about","north of the main east-west corridors","Deacon Drive is a residential street in Milton's Beaty neighbourhood, a pocket of the town that sits west of the escarpment and north of the main east-west corridors."
"not-checkable","freeman-trail-milton","","","","anchor-compass","west","escarpment","the escarpment","false","false","hero ld-place sec:about","sits west of the escarpment","Freeman Trail is a residential street in Milton's Beaty neighbourhood, a pocket of the town that sits west of the escarpment and north of the main commercial corridors."
"not-checkable","freeman-trail-milton","","","","anchor-compass","north","commercial-corridor","the main commercial corridors","false","false","hero ld-place sec:about","north of the main commercial corridors","Freeman Trail is a residential street in Milton's Beaty neighbourhood, a pocket of the town that sits west of the escarpment and north of the main commercial corridors."
"not-checkable","dockray-drive-milton","","","","anchor-compass","west","escarpment","the escarpment","false","false","hero ld-place","sits west of the escarpment","Dockray Drive is a residential street in Milton's Beaty neighbourhood, a pocket of the town that sits west of the escarpment and north of the older core."
"MISPLACED","dockray-drive-milton","-1911","T1 downtown","polygon:Beaty","anchor-compass","north","downtown","the older core","false","false","hero ld-place","north of the older core","Dockray Drive is a residential street in Milton's Beaty neighbourhood, a pocket of the town that sits west of the escarpment and north of the older core."
"not-checkable","connaught-terrace-milton","","","","anchor-compass","west","escarpment","the escarpment","false","false","hero ld-place sec:about","sits west of the escarpment","Connaught Terrace is a short residential street in Milton's Ford neighbourhood, a pocket of the town that sits west of the escarpment and well within the built-up area."
"not-checkable","connaught-terrace-milton","","","","other-position","none","built-up-area","the built-up area","false","false","hero ld-place sec:about","well within the built-up area","Connaught Terrace is a short residential street in Milton's Ford neighbourhood, a pocket of the town that sits west of the escarpment and well within the built-up area."
"MISPLACED","connaught-terrace-milton","-1548","T1 town","street","town-compass","west","town","Milton","false","false","sec:about","comfortably inside Milton's established west side","The street's position places it comfortably inside Milton's established west side, with the town's amenities and the broader Halton region both within easy reach."
"not-checkable","connaught-terrace-milton","","","","proximity","none","other","the town's amenities and the broader Halton region","false","false","sec:about","with the town's amenities and the broader Halton region both within easy reach","The street's position places it comfortably inside Milton's established west side, with the town's amenities and the broader Halton region both within easy reach."
"not-checkable","connaught-terrace-milton","","","","orientation","west","none","","false","true","sec:gettingAround","rewards a week that points west or toward the airport more often than it points downtown","The street's geography rewards a week that points west or toward the airport more often than it points downtown."
"not-checkable","cobban-road-milton","","","","anchor-compass","west","escarpment","the escarpment","false","false","hero ld-place sec:about","sits west of the escarpment","Cobban Road is a short residential street in Milton's Dempsey neighbourhood, a pocket of the town that sits west of the escarpment and south of the older core."
"MISPLACED","cobban-road-milton","-304","T1 downtown","polygon:Dempsey","anchor-compass","south","downtown","the older core","false","false","hero ld-place sec:about","south of the older core","Cobban Road is a short residential street in Milton's Dempsey neighbourhood, a pocket of the town that sits west of the escarpment and south of the older core."
"not-refuted","gifford-crescent-milton","-454","T1 town","polygon:Coates","town-compass","north","town","Milton","false","false","hero ld-place sec:about","a residential pocket in the town's north end","Gifford Crescent is a quiet loop in Milton's Coates neighbourhood, a residential pocket in the town's north end."
"not-refuted","parkway-drive-milton","-1092","T4 proximity (downtown)","street","proximity","none","downtown","the historic core","false","false","sec:about","sits close to the historic core","The street sits close to the historic core, where mature trees line quiet residential blocks and the pace of life feels measured."
"WRONG","ferguson-drive-milton","1255","T1 town","street","town-compass","west","town","Milton","false","false","hero ld-place sec:about","sits in Milton's western reach","Ferguson Drive sits in Milton's western reach, where the Bowes and Beaty neighbourhoods meet."
"not-checkable","ferguson-drive-milton","","","","other-position","none","neighbourhood","Bowes and Beaty","false","false","hero ld-place sec:about","where the Bowes and Beaty neighbourhoods meet","Ferguson Drive sits in Milton's western reach, where the Bowes and Beaty neighbourhoods meet."
"not-checkable","laidlaw-drive-milton","","","","anchor-compass","west","escarpment","the escarpment","false","false","hero ld-place sec:about","sits west of the escarpment","Laidlaw Drive is a residential street in Milton's Clarke neighbourhood, a pocket of the town that sits west of the escarpment and north of the main east-west arteries."
"no-geometry","laidlaw-drive-milton","","","","anchor-compass","north","road","the main east-west arteries","false","false","hero ld-place sec:about","north of the main east-west arteries","Laidlaw Drive is a residential street in Milton's Clarke neighbourhood, a pocket of the town that sits west of the escarpment and north of the main east-west arteries."
"not-refuted","proud-drive-milton","-4832","T1 town","polygon:Cobban","town-compass","south","town","Milton","false","false","hero ld-place sec:about","one of Milton's newer growth areas on the town's southern edge","Proud Drive is a residential street in Cobban, one of Milton's newer growth areas on the town's southern edge."
"not-refuted","proud-drive-milton","-3610","T1 town","street","town-compass","south","town","Milton","false","false","sec:gettingAround","a street this far into Milton's southern edge","For a street this far into Milton's southern edge, the highway connection is the quiet advantage: the onramp is reached without crossing town, so the drive out holds up at peak times in a way that cross-town routes do not."
"not-checkable","cranberry-crescent-milton","","","","proximity","none","neighbourhood","Cobban","false","false","sec:about","within reach of the broader Cobban grid","It sits within reach of the broader Cobban grid, with the town's western residential expansion wrapping around it."
"MISPLACED","cranberry-crescent-milton","163","T1 town","street","town-compass","west","town","Milton","false","false","sec:about","with the town's western residential expansion wrapping around it","It sits within reach of the broader Cobban grid, with the town's western residential expansion wrapping around it."
"not-checkable","cranberry-crescent-milton","","","","proximity","none","road","the highway","false","false","sec:gettingAround","the highway, the station, and the western GTA all fall within a short reach","For a crescent of this size, the geography is quietly efficient: the highway, the station, and the western GTA all fall within a short reach."
"not-checkable","cranberry-crescent-milton","","","","proximity","none","rail","the station","false","false","sec:gettingAround","the highway, the station, and the western GTA all fall within a short reach","For a crescent of this size, the geography is quietly efficient: the highway, the station, and the western GTA all fall within a short reach."
"not-checkable","cranberry-crescent-milton","","","","proximity","none","other","the western GTA","false","false","sec:gettingAround","the highway, the station, and the western GTA all fall within a short reach","For a crescent of this size, the geography is quietly efficient: the highway, the station, and the western GTA all fall within a short reach."
"not-checkable","archer-way-milton","","","","anchor-compass","west","commercial-corridor","the commercial spine","false","false","hero ld-place sec:about","sits west of the commercial spine","Archer Way is a short residential way in Milton's Clarke area, a pocket of the town that sits west of the commercial spine and north of the older grid."
"MISPLACED","archer-way-milton","-2316","T1 downtown","polygon:Clarke","anchor-compass","north","downtown","the older grid","false","false","hero ld-place sec:about","north of the older grid","Archer Way is a short residential way in Milton's Clarke area, a pocket of the town that sits west of the commercial spine and north of the older grid."
"not-checkable","charlton-way-milton","","","","anchor-compass","west","escarpment","the escarpment","false","false","hero ld-place sec:about","sits west of the escarpment","Charlton Way is a short residential way in Milton's Dempsey neighbourhood, a pocket of the town that sits west of the escarpment and north of the main east-west corridors."
"no-geometry","charlton-way-milton","","","","anchor-compass","north","road","the main east-west corridors","false","false","hero ld-place sec:about","north of the main east-west corridors","Charlton Way is a short residential way in Milton's Dempsey neighbourhood, a pocket of the town that sits west of the escarpment and north of the main east-west corridors."
"MISPLACED","charlton-way-milton","-1177","T1 town","street","town-compass","west","town","Milton","false","false","sec:gettingAround","a street this far west in Milton","For a street this far west in Milton, the highway and the station are unusually close together, and that pairing shapes how the address reads on a map."
"not-checkable","andrews-trail-milton","","","","anchor-compass","east","escarpment","the escarpment","false","false","hero ld-place sec:about","sits east of the escarpment","Andrews Trail is a residential street in Milton's Clarke neighbourhood, a pocket of the town that sits east of the escarpment and north of the main commercial spine."
"not-checkable","andrews-trail-milton","","","","anchor-compass","north","commercial-corridor","the main commercial spine","false","false","hero ld-place sec:about","north of the main commercial spine","Andrews Trail is a residential street in Milton's Clarke neighbourhood, a pocket of the town that sits east of the escarpment and north of the main commercial spine."
"not-refuted","graham-bell-court-milton","78","T1 downtown","polygon:Dorset Park","anchor-compass","south","downtown","the downtown core","false","false","hero ld-place sec:about","sits south of the downtown core","Graham Bell Court is a short residential court in Milton's Dorset Park area, a pocket of the town that sits south of the downtown core and east of the main north-south corridors."
"no-geometry","graham-bell-court-milton","","","","anchor-compass","east","road","the main north-south corridors","false","false","hero ld-place sec:about","east of the main north-south corridors","Graham Bell Court is a short residential court in Milton's Dorset Park area, a pocket of the town that sits south of the downtown core and east of the main north-south corridors."
"not-checkable","baylis-court-milton","","","","anchor-compass","west","escarpment","the escarpment","false","false","hero ld-place sec:about","sits west of the escarpment","Baylis Court is a small residential court in Milton's Scott neighbourhood, a pocket of the town that sits west of the escarpment and north of the main commercial spine."
"not-checkable","baylis-court-milton","","","","anchor-compass","north","commercial-corridor","the main commercial spine","false","false","hero ld-place sec:about","north of the main commercial spine","Baylis Court is a small residential court in Milton's Scott neighbourhood, a pocket of the town that sits west of the escarpment and north of the main commercial spine."
"not-checkable","dow-landing-milton","","","","anchor-compass","west","escarpment","the escarpment","false","false","hero ld-place sec:about","sits west of the escarpment","Dow Landing is a short residential street in the Coates neighbourhood of Milton, a pocket of the town that sits west of the escarpment and north of the main commercial corridors."
"not-checkable","dow-landing-milton","","","","anchor-compass","north","commercial-corridor","the main commercial corridors","false","false","hero ld-place sec:about","north of the main commercial corridors","Dow Landing is a short residential street in the Coates neighbourhood of Milton, a pocket of the town that sits west of the escarpment and north of the main commercial corridors."
"not-refuted","connors-landing-milton","-2007","T1 town","polygon:Coates","town-compass","southwest","town","Milton","false","false","hero ld-place sec:about","a residential pocket in Milton's expanding southwest","Connors Landing sits in the Coates neighbourhood, a residential pocket in Milton's expanding southwest."
"no-geometry","starflower-place-milton","","","","proximity","none","downtown","Milton's core","false","false","sec:differentPriorities","look closer to Milton's core","If you're considering alternatives in similar pockets, buyers who want a shorter walk to the GO station might look closer to Milton's core, where streets offer better transit access but often trade off the quiet cul-de-sac feel."
"no-geometry","starflower-place-milton","","","","proximity","none","downtown","Milton's core","false","false","faq","streets closer to Milton's core","Buyers who want a shorter walk to the GO station might consider streets closer to Milton's core."
"not-refuted","mcclenahan-crescent-milton","-2368","T1 town","street","town-compass","east","town","Milton","false","false","sec:about","close to the town's eastern commercial and retail edge","The crescent's position puts it close to the town's eastern commercial and retail edge while keeping the immediate surroundings quiet and low-rise."
"not-refuted","sellers-path-milton","-3636","T1 town","polygon:Harrison","town-compass","west","town","Milton","false","false","hero ld-place","a pocket of the town's western grid","Sellers Path is a residential street in Milton's Harrison neighbourhood, a pocket of the town's western grid where the street pattern turns residential and the lots settle into a quieter register."
"not-refuted","sellers-path-milton","-2616","T1 town","street","town-compass","west","town","Milton","false","false","sec:gettingAround","a street this far west in town","For a street this far west in town, the highway and the station are the two anchors, and both are close enough that the choice between them is a real one rather than a compromise."
"not-checkable","sellers-path-milton","","","","proximity","none","road","the highway","false","false","sec:gettingAround","both are close enough","For a street this far west in town, the highway and the station are the two anchors, and both are close enough that the choice between them is a real one rather than a compromise."
"not-checkable","sellers-path-milton","","","","proximity","none","rail","the station","false","false","sec:gettingAround","both are close enough","For a street this far west in town, the highway and the station are the two anchors, and both are close enough that the choice between them is a real one rather than a compromise."
"not-refuted","guelph-junction-road-milton","-11342","T1 town","street","town-compass","west","town","Milton","false","false","hero ld-place sec:about","in the western reach of Milton","Guelph Junction Road is a rural road in the western reach of Milton, sitting within the Rural Milton West area where the town gives way to open country."
"not-checkable","guelph-junction-road-milton","","","","edge-of-town","none","built-up-area","the built-up subdivisions that define Milton's centre","false","false","sec:about","set well beyond the built-up subdivisions that define Milton's centre","It is a road of distance and quiet, set well beyond the built-up subdivisions that define Milton's centre."
"WRONG","blinco-terrace-milton","886","T1 town","street","town-compass","west","town","Milton","false","false","hero ld-place sec:about","near the western edge of the town","Blinco Terrace is a quiet, short residential street in Milton's Clarke neighbourhood, near the western edge of the town."
"not-refuted","mckim-gate-milton","-3636","T1 town","polygon:Harrison","town-compass","west","town","Milton","false","true","hero ld-place sec:about","has filled in steadily as Milton has grown westward and northward","McKim Gate is a short residential street in Milton's Harrison area, a pocket of the town that has filled in steadily as Milton has grown westward and northward."
"MISPLACED","mckim-gate-milton","492","T1 town","polygon:Harrison","town-compass","north","town","Milton","false","true","hero ld-place sec:about","has filled in steadily as Milton has grown westward and northward","McKim Gate is a short residential street in Milton's Harrison area, a pocket of the town that has filled in steadily as Milton has grown westward and northward."
"not-refuted","mckim-gate-milton","-3568","T1 town","street","town-compass","west","town","Milton","false","false","sec:gettingAround","The street's western Milton placement","The street's western Milton placement keeps the highway onramp within easy reach without crossing town."
"not-checkable","mckim-gate-milton","","","","proximity","none","road","the highway onramp","false","false","sec:gettingAround","keeps the highway onramp within easy reach","The street's western Milton placement keeps the highway onramp within easy reach without crossing town."
"not-checkable","celandine-terrace-milton","","","","proximity","none","escarpment","the escarpment country","false","false","sec:about","with the escarpment country and the older town centre both sitting a comfortable drive away","The street runs a modest course through the subdivision grid, with the escarpment country and the older town centre both sitting a comfortable drive away."
"not-checkable","celandine-terrace-milton","","","","proximity","none","downtown","the older town centre","false","false","sec:about","with the escarpment country and the older town centre both sitting a comfortable drive away","The street runs a modest course through the subdivision grid, with the escarpment country and the older town centre both sitting a comfortable drive away."
"not-refuted","jackman-gate-milton","-790","T1 town","polygon:Coates","town-compass","west","town","Milton","false","false","hero ld-place sec:about","the Coates neighbourhood of west Milton","Jackman Gate is a short residential street in the Coates neighbourhood of west Milton, a pocket of the town that grew outward from the older grid toward the escarpment side."
"not-checkable","jackman-gate-milton","","","","other-position","none","escarpment","the escarpment side","false","true","hero ld-place sec:about","grew outward from the older grid toward the escarpment side","Jackman Gate is a short residential street in the Coates neighbourhood of west Milton, a pocket of the town that grew outward from the older grid toward the escarpment side."
"not-refuted","riverplace-crescent-milton","-1397","T4 proximity (downtown)","polygon:Old Milton","proximity","none","downtown","the historic core of the town","false","false","hero ld-place sec:about","in Old Milton, the historic core of the town","Riverplace Crescent is a residential crescent in Old Milton, the historic core of the town, where the street grid gives way to quieter loops and curves."
"not-checkable","riverplace-crescent-milton","","","","proximity","none","other","the everyday infrastructure of the older town: schools, a hospital, and the commercial strip along the main corridors","false","false","sec:about","its position keeps it close to the everyday infrastructure of the older town","It sits within a pocket of Milton that predates the large suburban expansions to the south and west, and its position keeps it close to the everyday infrastructure of the older town: schools, a hospital, and the commercial strip along the main corridors."
"not-checkable","farrington-crossing-milton","","","","proximity","none","other","parks, schools and the town's core services","false","false","faq","surrounded by parks, schools and the town's core services","The street sits within the established Scott area of Milton, surrounded by parks, schools and the town's core services."
"not-refuted","fulton-street-milton","-1397","T4 proximity (downtown)","polygon:Old Milton","proximity","none","downtown","the historic core of the town","false","false","hero ld-place sec:about","in Old Milton, the historic core of the town","Fulton Street is a residential street in Old Milton, the historic core of the town, where the grid tightens and the lots run shallow."
"not-refuted","fulton-street-milton","-1748","T4 proximity (downtown)","street","proximity","none","downtown","the downtown commercial strip","false","false","sec:about","sits within walking distance of the downtown commercial strip","It sits within walking distance of the downtown commercial strip and the everyday services that cluster around it."
"not-refuted","fulton-street-milton","-1397","T4 proximity (downtown)","polygon:Old Milton","proximity","none","downtown","the historic core of the town","false","false","sec:market","It sits within Old Milton, the historic core of the town","It sits within Old Milton, the historic core of the town, where the housing stock is established rather than new and the street grid predates the subdivisions that ring it."
"not-checkable","fulton-street-milton","","","","other-position","none","built-up-area","the subdivisions that ring it","false","false","sec:market","the subdivisions that ring it","It sits within Old Milton, the historic core of the town, where the housing stock is established rather than new and the street grid predates the subdivisions that ring it."
"not-refuted","fulton-street-milton","-1397","T4 proximity (downtown)","polygon:Old Milton","proximity","none","downtown","the older core of the town","false","false","faq","Fulton Street sits within Old Milton, the older core of the town","Fulton Street sits within Old Milton, the older core of the town, where the surrounding fabric is long established rather than newly built."
"not-checkable","caldwell-crescent-milton","","","","anchor-compass","east","escarpment","the escarpment","false","false","hero ld-place sec:about","sits east of the escarpment","Caldwell Crescent is a quiet residential crescent in Milton's Beaty neighbourhood, a pocket of the town that sits east of the escarpment and west of the commercial spine along Main Street."
"not-checkable","caldwell-crescent-milton","","","","anchor-compass","west","commercial-corridor","the commercial spine along Main Street","false","false","hero ld-place sec:about","west of the commercial spine along Main Street","Caldwell Crescent is a quiet residential crescent in Milton's Beaty neighbourhood, a pocket of the town that sits east of the escarpment and west of the commercial spine along Main Street."
"not-checkable","zimmerman-crescent-milton","","","","anchor-compass","west","escarpment","the escarpment","false","false","hero ld-place sec:about","sits west of the escarpment","Zimmerman Crescent is a residential crescent in Milton's Beaty neighbourhood, a pocket of the town that sits west of the escarpment and north of the main commercial corridors."
"not-checkable","zimmerman-crescent-milton","","","","anchor-compass","north","commercial-corridor","the main commercial corridors","false","false","hero ld-place sec:about","north of the main commercial corridors","Zimmerman Crescent is a residential crescent in Milton's Beaty neighbourhood, a pocket of the town that sits west of the escarpment and north of the main commercial corridors."
"not-refuted","halton-avenue-milton","-1397","T4 proximity (downtown)","polygon:Old Milton","proximity","none","downtown","the historic core of Milton","false","false","hero ld-place sec:about","in Old Milton, the historic core of Milton","Halton Avenue is a residential street in Old Milton, the historic core of Milton where the town's grid still holds its original shape."
"not-checkable","halton-avenue-milton","","","","proximity","none","water/park","the Mill Pond","false","false","sec:about","sits within walking distance of the Mill Pond","The street sits within walking distance of the Mill Pond and the older commercial blocks along Main Street, a part of town where the street pattern predates the subdivisions that spread east and south in later decades."
"not-checkable","halton-avenue-milton","","","","proximity","none","commercial-corridor","the older commercial blocks along Main Street","false","false","sec:about","within walking distance of ... the older commercial blocks along Main Street","The street sits within walking distance of the Mill Pond and the older commercial blocks along Main Street, a part of town where the street pattern predates the subdivisions that spread east and south in later decades."
"not-checkable","halton-avenue-milton","","","","proximity","none","rail","the GO Station","false","false","sec:about","What it offers is proximity: to the GO Station","What it offers is proximity: to the GO Station, to the hospital, to the parks and schools that cluster around the old town centre."
"not-checkable","halton-avenue-milton","","","","proximity","none","other","the hospital","false","false","sec:about","to the hospital","What it offers is proximity: to the GO Station, to the hospital, to the parks and schools that cluster around the old town centre."
"not-refuted","halton-avenue-milton","-1139","T4 proximity (central)","street","proximity","none","downtown","the old town centre","false","false","sec:about","to the parks and schools that cluster around the old town centre","What it offers is proximity: to the GO Station, to the hospital, to the parks and schools that cluster around the old town centre."
"not-checkable","bundy-drive-milton","","","","anchor-compass","east","escarpment","the escarpment","false","false","hero ld-place sec:about","sits east of the escarpment","Bundy Drive is a short residential street in Milton's Clarke neighbourhood, a pocket of the town that sits east of the escarpment and north of the main commercial spine."
"not-checkable","bundy-drive-milton","","","","anchor-compass","north","commercial-corridor","the main commercial spine","false","false","hero ld-place sec:about","north of the main commercial spine","Bundy Drive is a short residential street in Milton's Clarke neighbourhood, a pocket of the town that sits east of the escarpment and north of the main commercial spine."
"not-refuted","bundy-drive-milton","-3684","T1 town","street","town-compass","east","town","Milton","false","false","sec:about","For a buyer looking at Milton's eastern half, Bundy Drive sits in a part of town","For a buyer looking at Milton's eastern half, Bundy Drive sits in a part of town where the grid is compact and the distances to schools, shops, and the GO line are measured in minutes rather than kilometres."
"not-checkable","bundy-drive-milton","","","","proximity","none","rail","the GO line","false","false","sec:about","the distances to schools, shops, and the GO line are measured in minutes rather than kilometres","For a buyer looking at Milton's eastern half, Bundy Drive sits in a part of town where the grid is compact and the distances to schools, shops, and the GO line are measured in minutes rather than kilometres."
"not-checkable","bundy-drive-milton","","","","proximity","none","other","schools, shops","false","false","sec:about","the distances to schools, shops, and the GO line are measured in minutes rather than kilometres","For a buyer looking at Milton's eastern half, Bundy Drive sits in a part of town where the grid is compact and the distances to schools, shops, and the GO line are measured in minutes rather than kilometres."
"not-refuted","hatton-crossing-milton","-3608","T1 town","polygon:Dempsey","town-compass","east","town","Milton","false","false","hero ld-place sec:about","one of Milton's established residential pockets on the town's eastern side","Hatton Crossing sits within Dempsey, one of Milton's established residential pockets on the town's eastern side."
"not-refuted","elmwood-crescent-milton","-1227","T4 proximity (central)","street","proximity","none","downtown","the heart of Milton","false","false","sec:about","The street sits close to the heart of Milton","The street sits close to the heart of Milton, where the grid of older neighbourhoods gives way to mature trees and established homes."
"not-checkable","baverstock-crescent-milton","","","","other-position","none","road","Wettlaufer Terrace","false","false","sec:about","forms a gentle crescent off Wettlaufer Terrace","The street forms a gentle crescent off Wettlaufer Terrace, just north of Derry Road."
"not-refuted","baverstock-crescent-milton","-585","T3 road","street","anchor-compass","north","road","Derry Road","false","false","sec:about","just north of Derry Road","The street forms a gentle crescent off Wettlaufer Terrace, just north of Derry Road."
"not-refuted","kearns-drive-milton","-2209","T1 town","street","town-compass","north","town","Milton","false","false","hero ld-place sec:about","runs through a settled part of the town's north end","Kearns Drive sits in the Clarke neighbourhood of Milton, a residential street that runs through a settled part of the town's north end."
"not-refuted","harrison-road-milton","428","T1 downtown","polygon:Timberlea","anchor-compass","west","downtown","the downtown core","false","false","hero ld-place sec:about","sits west of the downtown core","Harrison Road is a residential street in Milton's Timberlea neighbourhood, a pocket of the town that sits west of the downtown core and north of the escarpment lands."
"not-checkable","harrison-road-milton","","","","anchor-compass","north","escarpment","the escarpment lands","false","false","hero ld-place sec:about","north of the escarpment lands","Harrison Road is a residential street in Milton's Timberlea neighbourhood, a pocket of the town that sits west of the downtown core and north of the escarpment lands."
"not-checkable","frank-place-milton","","","","anchor-compass","west","escarpment","the escarpment","false","false","hero ld-place","sits west of the escarpment","Frank Place is a short residential street in Milton's Harrison area, a pocket of the town that sits west of the escarpment and north of the main commercial spine."
"not-checkable","frank-place-milton","","","","anchor-compass","north","commercial-corridor","the main commercial spine","false","false","hero ld-place","north of the main commercial spine","Frank Place is a short residential street in Milton's Harrison area, a pocket of the town that sits west of the escarpment and north of the main commercial spine."
"not-checkable","murlock-heights-milton","","","","anchor-compass","west","escarpment","the escarpment line","false","false","hero ld-place sec:about","sits west of the escarpment line","Murlock Heights is a residential street in Milton's Ford area, a pocket of the town that sits west of the escarpment line and north of the older core."
"WRONG","murlock-heights-milton","1863","T1 downtown","polygon:Ford","anchor-compass","north","downtown","the older core","false","false","hero ld-place sec:about","north of the older core","Murlock Heights is a residential street in Milton's Ford area, a pocket of the town that sits west of the escarpment line and north of the older core."
"MISPLACED","marley-crescent-milton","591","T1 town","polygon:Beaty","town-compass","west","town","Milton","false","false","hero ld-place sec:about","the Beaty area of west Milton","Marley Crescent is a short residential crescent in the Beaty area of west Milton, a pocket of the town that fills the grid between Derry Road and the escarpment side of the municipality."
"not-checkable","marley-crescent-milton","","","","other-position","none","road","Derry Road and the escarpment side of the municipality","false","false","hero ld-place sec:about","fills the grid between Derry Road and the escarpment side of the municipality","Marley Crescent is a short residential crescent in the Beaty area of west Milton, a pocket of the town that fills the grid between Derry Road and the escarpment side of the municipality."
"MISPLACED","gibson-crescent-milton","508","T1 town","street","town-compass","northwest","town","Milton","false","false","sec:about","It sits in the city's northwest","It sits in the city's northwest, framed by the open spaces of Featherstone Park and Coates Linear Park."
"not-checkable","gibson-crescent-milton","","","","other-position","none","water/park","Featherstone Park and Coates Linear Park","false","false","sec:about","framed by the open spaces of Featherstone Park and Coates Linear Park","It sits in the city's northwest, framed by the open spaces of Featherstone Park and Coates Linear Park."
"not-refuted","harwood-drive-milton","-3950","T1 town","polygon:Clarke","town-compass","east","town","Milton","false","false","hero ld-place","a residential pocket in the town's eastern expanse","Harwood Drive runs through the Clarke neighbourhood of Milton, a residential pocket in the town's eastern expanse."
"not-refuted","lavery-heights-milton","-2422","T1 downtown","polygon:Scott","anchor-compass","west","downtown","the downtown core","false","false","hero ld-place sec:about","sits west of the downtown core","Lavery Heights is a short residential street in Milton's Scott area, a pocket of the town that sits west of the downtown core and north of the escarpment lands."
"not-checkable","lavery-heights-milton","","","","anchor-compass","north","escarpment","the escarpment lands","false","false","hero ld-place sec:about","north of the escarpment lands","Lavery Heights is a short residential street in Milton's Scott area, a pocket of the town that sits west of the downtown core and north of the escarpment lands."
"not-checkable","lavery-heights-milton","","","","proximity","none","other","schools","false","false","sec:about","proximity: to schools","What defines it is proximity: to schools, to green space, and to the road and rail links that carry Milton residents toward Toronto and the western GTA."
"not-checkable","lavery-heights-milton","","","","proximity","none","water/park","green space","false","false","sec:about","to green space","What defines it is proximity: to schools, to green space, and to the road and rail links that carry Milton residents toward Toronto and the western GTA."
"not-refuted","lavery-heights-milton","-2448","T1 town","street","town-compass","west","town","Milton","false","false","sec:gettingAround","The street's western Milton placement","The street's western Milton placement keeps the highway and the station both close, and the drive south to the lake communities stays straightforward outside peak windows."
"not-checkable","lavery-heights-milton","","","","proximity","none","road","the highway","false","false","sec:gettingAround","keeps the highway and the station both close","The street's western Milton placement keeps the highway and the station both close, and the drive south to the lake communities stays straightforward outside peak windows."
"not-checkable","lavery-heights-milton","","","","proximity","none","rail","the station","false","false","sec:gettingAround","keeps the highway and the station both close","The street's western Milton placement keeps the highway and the station both close, and the drive south to the lake communities stays straightforward outside peak windows."
"not-refuted","collis-court-milton","-2456","T1 town","polygon:Clarke","town-compass","north","town","Milton","false","false","hero ld-place sec:about","a residential pocket in the town's north end","Collis Court is a quiet cul-de-sac in Milton's Clarke neighbourhood, a residential pocket in the town's north end."
"not-refuted","campbellville-road-milton","-12672","T1 town","street","town-compass","west","town","Milton","false","false","hero ld-place sec:about","runs through the rural west of Milton","Campbellville Road runs through the rural west of Milton, where the grid loosens and the town gives way to open country."
"not-checkable","campbellville-road-milton","","","","anchor-compass","west","built-up-area","Milton's urban edge","false","false","sec:about","Milton's urban edge lies well to the east","Milton's urban edge lies well to the east; here the surrounding frame is farmland, treelines, and the Niagara Escarpment country that defines this corner of Halton."
"not-checkable","campbellville-road-milton","","","","other-position","none","escarpment","the Niagara Escarpment country","false","false","sec:about","here the surrounding frame is farmland, treelines, and the Niagara Escarpment country","Milton's urban edge lies well to the east; here the surrounding frame is farmland, treelines, and the Niagara Escarpment country that defines this corner of Halton."
"WRONG","harris-boulevard-milton","1227","T3 road","polygon:Dempsey","anchor-compass","south","road","Derry Road","false","false","hero ld-place sec:about","fills the grid south of Derry Road","Harris Boulevard is a residential street in Milton's Dempsey district, a pocket of the town that fills the grid south of Derry Road and east of the escarpment lands."
"not-checkable","harris-boulevard-milton","","","","anchor-compass","east","escarpment","the escarpment lands","false","false","hero ld-place sec:about","east of the escarpment lands","Harris Boulevard is a residential street in Milton's Dempsey district, a pocket of the town that fills the grid south of Derry Road and east of the escarpment lands."
"not-refuted","huddlestone-crescent-milton","-2422","T1 downtown","polygon:Scott","anchor-compass","west","downtown","the downtown core","false","false","hero ld-place sec:about","sits west of the downtown core","Huddlestone Crescent is a residential crescent in Milton's Scott area, a pocket of the town that sits west of the downtown core and north of the escarpment lands."
"not-checkable","huddlestone-crescent-milton","","","","anchor-compass","north","escarpment","the escarpment lands","false","false","hero ld-place sec:about","north of the escarpment lands","Huddlestone Crescent is a residential crescent in Milton's Scott area, a pocket of the town that sits west of the downtown core and north of the escarpment lands."
"WRONG","hemlock-drive-milton","915","T1 town","street","town-compass","south","town","Milton","false","false","hero ld-place","sitting within the town's established southern grid","Hemlock Drive is a residential street in Milton's Dorset Park area, sitting within the town's established southern grid."
"not-checkable","huntingford-gate-milton","","","","anchor-compass","west","commercial-corridor","the commercial spine","false","false","hero ld-place","sits west of the commercial spine","Huntingford Gate is a short residential street in Milton's Scott area, a pocket of the town that sits west of the commercial spine and north of the creek system."
"not-checkable","huntingford-gate-milton","","","","anchor-compass","north","water/park","the creek system","false","false","hero ld-place","north of the creek system","Huntingford Gate is a short residential street in Milton's Scott area, a pocket of the town that sits west of the commercial spine and north of the creek system."
"not-refuted","gooding-crescent-milton","-2892","T3 road","street","anchor-compass","south","road","Derry Road","false","false","sec:about","The street sits south of Derry Road","The street sits south of Derry Road and west of Thompson Road, within easy reach of the area's main arteries."
"not-refuted","gooding-crescent-milton","-2005","T3 road","street","anchor-compass","west","road","Thompson Road","false","false","sec:about","west of Thompson Road","The street sits south of Derry Road and west of Thompson Road, within easy reach of the area's main arteries."
"not-checkable","gooding-crescent-milton","","","","proximity","none","road","the area's main arteries","false","false","sec:about","within easy reach of the area's main arteries","The street sits south of Derry Road and west of Thompson Road, within easy reach of the area's main arteries."
"not-checkable","beaver-court-milton","","","","anchor-compass","west","escarpment","the escarpment","false","false","hero ld-place sec:about","sits west of the escarpment","Beaver Court is a short residential court in Milton's Timberlea neighbourhood, a pocket of the town that sits west of the escarpment and north of the main commercial corridors."
"not-checkable","beaver-court-milton","","","","anchor-compass","north","commercial-corridor","the main commercial corridors","false","false","hero ld-place sec:about","north of the main commercial corridors","Beaver Court is a short residential court in Milton's Timberlea neighbourhood, a pocket of the town that sits west of the escarpment and north of the main commercial corridors."
"not-checkable","belmore-court-milton","","","","anchor-compass","west","commercial-corridor","the commercial spine","false","false","hero ld-place sec:about","sits west of the commercial spine","Belmore Court is a short residential court in Milton's Ford area, a pocket of the town that sits west of the commercial spine and north of the older settlement grid."
"WRONG","belmore-court-milton","1863","T1 downtown","polygon:Ford","anchor-compass","north","downtown","the older settlement grid","false","false","hero ld-place sec:about","north of the older settlement grid","Belmore Court is a short residential court in Milton's Ford area, a pocket of the town that sits west of the commercial spine and north of the older settlement grid."
"not-checkable","dewar-court-milton","","","","anchor-compass","west","escarpment","the escarpment","false","false","ld-place","sits west of the escarpment","Dewar Court is a small residential court in Milton's Dempsey neighbourhood, a pocket of the town that sits west of the escarpment and north of the older core."
"not-refuted","dewar-court-milton","-3179","T1 downtown","polygon:Dempsey","anchor-compass","north","downtown","the older core","false","false","ld-place","north of the older core","Dewar Court is a small residential court in Milton's Dempsey neighbourhood, a pocket of the town that sits west of the escarpment and north of the older core."
"not-checkable","pettigrew-trail-milton","","","","anchor-compass","west","escarpment","the escarpment","false","false","hero ld-place sec:about","sits west of the escarpment","Pettigrew Trail is a residential street in Milton's Dempsey neighbourhood, a pocket of the town that sits west of the escarpment and south of the main east-west corridors."
"no-geometry","pettigrew-trail-milton","","","","anchor-compass","south","road","the main east-west corridors","false","false","hero ld-place sec:about","south of the main east-west corridors","Pettigrew Trail is a residential street in Milton's Dempsey neighbourhood, a pocket of the town that sits west of the escarpment and south of the main east-west corridors."
"MISPLACED","pettigrew-trail-milton","-1303","T1 town","street","town-compass","west","town","Milton","false","false","sec:about","this is west Milton","For a reader trying to place it: this is west Milton, close enough to the GO station and the hospital that both are routine errands rather than journeys."
"not-checkable","pettigrew-trail-milton","","","","proximity","none","rail","the GO station","false","false","sec:about","close enough to the GO station","For a reader trying to place it: this is west Milton, close enough to the GO station and the hospital that both are routine errands rather than journeys."
"not-checkable","pettigrew-trail-milton","","","","proximity","none","other","the hospital","false","false","sec:about","close enough to the GO station and the hospital","For a reader trying to place it: this is west Milton, close enough to the GO station and the hospital that both are routine errands rather than journeys."
"not-checkable","maddocks-trail-milton","","","","anchor-compass","west","escarpment","the escarpment","false","false","hero ld-place sec:about","sits west of the escarpment","Maddocks Trail is a short residential street in Milton's Coates neighbourhood, a pocket of the town that sits west of the escarpment and north of the main east-west corridors."
"no-geometry","maddocks-trail-milton","","","","anchor-compass","north","road","the main east-west corridors","false","false","hero ld-place sec:about","north of the main east-west corridors","Maddocks Trail is a short residential street in Milton's Coates neighbourhood, a pocket of the town that sits west of the escarpment and north of the main east-west corridors."
"not-checkable","maddocks-trail-milton","","","","proximity","none","other","the town's core services","false","false","sec:about","close enough to the town's core services to be practical","Maddocks Trail sits within that grid, close enough to the town's core services to be practical, far enough from the arterial traffic to stay calm."
"negated-not-judged","maddocks-trail-milton","","","","proximity","none","road","the arterial traffic","true","false","sec:about","far enough from the arterial traffic to stay calm","Maddocks Trail sits within that grid, close enough to the town's core services to be practical, far enough from the arterial traffic to stay calm."
"MISPLACED","maddocks-trail-milton","550","T1 town","street","town-compass","west","town","Milton","false","false","sec:gettingAround","a street this far west in Milton","For a street this far west in Milton, the highway and the train are both close, and that pairing shapes how the address reads on a map."
"not-checkable","maddocks-trail-milton","","","","proximity","none","road","the highway","false","false","sec:gettingAround","the highway and the train are both close","For a street this far west in Milton, the highway and the train are both close, and that pairing shapes how the address reads on a map."
"not-checkable","maddocks-trail-milton","","","","proximity","none","rail","the train","false","false","sec:gettingAround","the highway and the train are both close","For a street this far west in Milton, the highway and the train are both close, and that pairing shapes how the address reads on a map."
"not-refuted","melville-bonus-crescent-milton","-2039","T3 road","polygon:Bowes","anchor-compass","west","road","James Snow Parkway","false","false","ld-place","sits west of the James Snow Parkway corridor","Melville Bonus Crescent is a short residential crescent in Milton's Bowes area, a pocket of the town that sits west of the James Snow Parkway corridor and north of the Derry Road line."
"WRONG","melville-bonus-crescent-milton","1514","T3 road","polygon:Bowes","anchor-compass","north","road","Derry Road","false","false","ld-place","north of the Derry Road line","Melville Bonus Crescent is a short residential crescent in Milton's Bowes area, a pocket of the town that sits west of the James Snow Parkway corridor and north of the Derry Road line."
"not-refuted","watercress-way-milton","-3583","T1 town","street","town-compass","west","town","Milton","false","false","sec:gettingAround","on the western side of Milton where the town's street grid still opens onto farmland","Watercress Way sits in Walker, on the western side of Milton where the town's street grid still opens onto farmland before it meets the highway."
"not-refuted","marcellus-avenue-milton","428","T1 downtown","polygon:Timberlea","anchor-compass","west","downtown","the older core","false","false","hero ld-place sec:about","took shape as the community pushed west of the older core","Marcellus Avenue is a residential street in Milton's Timberlea neighbourhood, a part of town that took shape as the community pushed west of the older core."
"not-refuted","nassagaweya-esquesing-townline-milton","-16239","T1 town","street","town-compass","west","town","Milton","false","false","ld-place","in Milton's far western reaches","Nassagaweya Esquesing Townline is a rural road in Milton's far western reaches, running through the open country of Rural Nassagaweya."
"not-refuted","lydia-avenue-milton","-1692","T4 proximity (downtown)","street","proximity","none","downtown","the downtown blocks","false","false","sec:about","within walking distance of the downtown blocks","It sits within walking distance of the downtown blocks, close enough that the older street pattern still governs how the avenue reads: narrow, quiet, and folded into the surrounding fabric rather than set apart from it."
"not-refuted","hayward-crescent-milton","-481","T1 town","street","town-compass","north","town","Milton","false","false","sec:about","It sits in the northern part of town","It sits in the northern part of town, where streets curve gently and mature trees line the boulevards."
"not-refuted","basswood-crescent-milton","-4832","T1 town","polygon:Cobban","town-compass","southeast","town","Milton","false","false","hero ld-place sec:about","a pocket of the town's southeast quadrant","Basswood Crescent is a residential crescent in Milton's Cobban neighbourhood, a pocket of the town's southeast quadrant where the street grid softens into curves and courts."
"MISPLACED","basswood-crescent-milton","-699","T1 town","street","town-compass","west","town","Milton","false","false","sec:gettingAround","The street's western placement in Milton","The street's western placement in Milton means the highway approach avoids crossing town at peak, a small but real advantage on a weekday morning."
"not-checkable","mcguffin-gate-milton","","","","anchor-compass","west","commercial-corridor","the commercial spine","false","false","hero ld-place sec:about","sits west of the commercial spine","McGuffin Gate is a short residential street in Milton's Beaty neighbourhood, a pocket of the town that sits west of the commercial spine and south of the escarpment lands."
"not-checkable","mcguffin-gate-milton","","","","anchor-compass","south","escarpment","the escarpment lands","false","false","hero ld-place sec:about","south of the escarpment lands","McGuffin Gate is a short residential street in Milton's Beaty neighbourhood, a pocket of the town that sits west of the commercial spine and south of the escarpment lands."
"not-checkable","inglis-drive-milton","","","","other-position","none","built-up-area","the town's built-up edge and the Niagara Escarpment country","false","false","hero ld-place sec:about","sitting in the rural-residential belt that separates the town's built-up edge from the Niagara Escarpment country","Inglis Drive is a residential street in the Campbellville area of Milton, sitting in the rural-residential belt that separates the town's built-up edge from the Niagara Escarpment country to the west."
"not-checkable","inglis-drive-milton","","","","anchor-compass","east","escarpment","the Niagara Escarpment country","false","false","hero ld-place sec:about","the Niagara Escarpment country to the west","Inglis Drive is a residential street in the Campbellville area of Milton, sitting in the rural-residential belt that separates the town's built-up edge from the Niagara Escarpment country to the west."
"not-refuted","mander-place-milton","-2422","T1 downtown","polygon:Scott","anchor-compass","west","downtown","the downtown core","false","false","hero ld-place sec:about","sits west of the downtown core","Mander Place is a short residential street in Milton's Scott neighbourhood, a pocket of the town that sits west of the downtown core and south of the escarpment."
"not-checkable","mander-place-milton","","","","anchor-compass","south","escarpment","the escarpment","false","false","hero ld-place sec:about","south of the escarpment","Mander Place is a short residential street in Milton's Scott neighbourhood, a pocket of the town that sits west of the downtown core and south of the escarpment."
"not-refuted","richardson-way-milton","-2039","T3 road","polygon:Bowes","anchor-compass","west","road","James Snow Parkway","false","false","ld-place","sits west of James Snow Parkway","Richardson Way is a short residential way in Milton's Bowes area, a pocket of the town that sits west of James Snow Parkway and north of the Derry Road corridor."
"WRONG","richardson-way-milton","1514","T3 road","polygon:Bowes","anchor-compass","north","road","Derry Road","false","false","ld-place","north of the Derry Road corridor","Richardson Way is a short residential way in Milton's Bowes area, a pocket of the town that sits west of James Snow Parkway and north of the Derry Road corridor."
"not-checkable","random-acres-road-milton","","","","anchor-compass","north","built-up-area","the town's built-up edge","false","false","ld-place","sits well north of the town's built-up edge","Random Acres Road is a rural road in the Rural Nassagaweya area of Milton, a stretch of countryside that sits well north of the town's built-up edge."
"not-refuted","farmstead-drive-milton","-1560","T1 town","street","town-compass","west","town","Milton","false","false","hero ld-place sec:about","runs through the western edge of Milton","Farmstead Drive runs through the western edge of Milton, where the Willmott, Ford, and Bronte Meadows neighbourhoods meet."
"not-checkable","farmstead-drive-milton","","","","other-position","none","neighbourhood","Willmott, Ford, and Bronte Meadows","false","false","hero ld-place sec:about","where the Willmott, Ford, and Bronte Meadows neighbourhoods meet","Farmstead Drive runs through the western edge of Milton, where the Willmott, Ford, and Bronte Meadows neighbourhoods meet."
"MISPLACED","farmstead-drive-milton","-456","T1 downtown","street","anchor-compass","west","downtown","the older core","false","false","sec:about","set among the subdivisions that spread west from the older core","It is a residential street in the established part of town, set among the subdivisions that spread west from the older core."
"not-checkable","hanson-crescent-milton","","","","proximity","none","town","Milton","false","false","sec:differentPriorities","a more central location with older stock, the Old Milton area","For buyers who prefer a more central location with older stock, the Old Milton area provides a different character."
"not-refuted","rowe-terrace-milton","-2422","T1 downtown","polygon:Scott","anchor-compass","west","downtown","the downtown core","false","false","hero ld-place sec:about","sits west of the downtown core","Rowe Terrace is a short residential street in Milton's Scott area, a pocket of the town that sits west of the downtown core and north of the main east-west corridors."
"no-geometry","rowe-terrace-milton","","","","anchor-compass","north","road","the main east-west corridors","false","false","hero ld-place sec:about","north of the main east-west corridors","Rowe Terrace is a short residential street in Milton's Scott area, a pocket of the town that sits west of the downtown core and north of the main east-west corridors."
"not-refuted","holmes-crescent-milton","-2422","T1 downtown","polygon:Scott","anchor-compass","west","downtown","the town's older core","false","false","sec:about","The Scott neighbourhood sits west of the town's older core","The Scott neighbourhood sits west of the town's older core, close enough to the established grid that daily errands run in short distances."
"not-refuted","holmes-crescent-milton","-1216","T4 proximity (central)","polygon:Scott","proximity","none","downtown","the established grid","false","false","sec:about","close enough to the established grid","The Scott neighbourhood sits west of the town's older core, close enough to the established grid that daily errands run in short distances."
"not-refuted","rutland-crescent-milton","-6050","T1 town","polygon:Bowes","town-compass","east","town","Milton","false","false","sec:about","part of Milton's eastern expansion","The neighbourhood itself is part of Milton's eastern expansion, where curving roads and cul-de-sacs define the rhythm of daily life."
"not-refuted","lamont-crescent-milton","-2544","T1 town","street","town-compass","east","town","Milton","false","false","sec:about","The street sits in the town's eastern residential grid","The street sits in the town's eastern residential grid, where the street pattern turns inward and traffic stays local."
"not-refuted","lingen-crescent-milton","-454","T1 town","polygon:Coates","town-compass","north","town","Milton","false","false","hero ld-place sec:about","a residential pocket in the town's north end","Lingen Crescent is a quiet, short loop in the Coates neighbourhood of Milton, a residential pocket in the town's north end."
"not-checkable","pitcher-place-milton","","","","anchor-compass","south","escarpment","the escarpment","false","false","hero ld-place sec:about","sits south of the escarpment","Pitcher Place is a short residential street in Milton's Coates neighbourhood, a pocket of the town that sits south of the escarpment and west of the main commercial spine."
"not-checkable","pitcher-place-milton","","","","anchor-compass","west","commercial-corridor","the main commercial spine","false","false","hero ld-place sec:about","west of the main commercial spine","Pitcher Place is a short residential street in Milton's Coates neighbourhood, a pocket of the town that sits south of the escarpment and west of the main commercial spine."
"MISPLACED","weston-drive-milton","-1093","T1 downtown","polygon:Scott","anchor-compass","north","downtown","the core","false","false","hero ld-place sec:about","sits north of the core","Weston Drive is a residential street in Milton's Scott neighbourhood, a pocket of the town that sits north of the core and west of the escarpment lands."
"not-checkable","weston-drive-milton","","","","anchor-compass","west","escarpment","the escarpment lands","false","false","hero ld-place sec:about","west of the escarpment lands","Weston Drive is a residential street in Milton's Scott neighbourhood, a pocket of the town that sits north of the core and west of the escarpment lands."
"not-refuted","pitfield-road-milton","-2215","T1 downtown","polygon:Dorset Park","anchor-compass","east","downtown","the historic core","false","false","hero ld-place sec:about","sits east of the historic core","Pitfield Road is a residential road in Milton's Dorset Park area, a pocket of the town that sits east of the historic core and south of the main east-west corridors."
"no-geometry","pitfield-road-milton","","","","anchor-compass","south","road","the main east-west corridors","false","false","hero ld-place sec:about","south of the main east-west corridors","Pitfield Road is a residential road in Milton's Dorset Park area, a pocket of the town that sits east of the historic core and south of the main east-west corridors."
"not-refuted","hinton-terrace-milton","-2330","T1 town","polygon:Ford","town-compass","west","town","Milton","false","false","hero ld-place sec:about","a pocket of the town's western grid","Hinton Terrace sits in the Ford area of Milton, a pocket of the town's western grid where residential streets run off the main arterial spine and settle into a quieter rhythm."
"MISPLACED","kennedy-circle-milton","8","T1 town","street","town-compass","west","town","Milton","false","false","hero ld-place sec:about","set in Milton's western growth corridor","Kennedy Circle is a residential loop set in Milton's western growth corridor, where the Cobban, Beaty, and Coates neighbourhoods meet."
"not-checkable","kennedy-circle-milton","","","","other-position","none","neighbourhood","Cobban, Beaty, and Coates","false","false","hero ld-place sec:about","where the Cobban, Beaty, and Coates neighbourhoods meet","Kennedy Circle is a residential loop set in Milton's western growth corridor, where the Cobban, Beaty, and Coates neighbourhoods meet."
"not-refuted","inman-heights-milton","-2422","T1 downtown","polygon:Scott","anchor-compass","west","downtown","the downtown core","false","false","hero ld-place sec:about","sits west of the downtown core","Inman Heights is a residential street in Milton's Scott area, a pocket of the town that sits west of the downtown core and north of the escarpment lands."
"not-checkable","inman-heights-milton","","","","anchor-compass","north","escarpment","the escarpment lands","false","false","hero ld-place sec:about","north of the escarpment lands","Inman Heights is a residential street in Milton's Scott area, a pocket of the town that sits west of the downtown core and north of the escarpment lands."
"not-checkable","sydney-street-milton","","","","other-position","none","town","Milton","false","false","sec:about","a settled, central position in Milton","Sydney Street offers a settled, central position in Milton, close to the amenities that define daily life here."
"not-checkable","sydney-street-milton","","","","proximity","none","other","the amenities","false","false","sec:about","close to the amenities that define daily life here","Sydney Street offers a settled, central position in Milton, close to the amenities that define daily life here."
"not-checkable","knight-trail-milton","","","","anchor-compass","south","escarpment","the escarpment","false","false","hero ld-place sec:about","sits south of the escarpment","Knight Trail is a short residential street in Milton's Dempsey neighbourhood, a pocket of the town that sits south of the escarpment and west of the main north-south corridors."
"no-geometry","knight-trail-milton","","","","anchor-compass","west","road","the main north-south corridors","false","false","hero ld-place sec:about","west of the main north-south corridors","Knight Trail is a short residential street in Milton's Dempsey neighbourhood, a pocket of the town that sits south of the escarpment and west of the main north-south corridors."
"not-checkable","knight-trail-milton","","","","proximity","none","water/park","Dempsey Neighbourhood Park","false","false","sec:market","near Knight Trail Park and Dempsey Neighbourhood Park","Knight Trail sits within that neighbourhood context, and its position near Knight Trail Park and Dempsey Neighbourhood Park places it in the established residential fabric of south Milton."
"MISPLACED","knight-trail-milton","629","T1 town","street","town-compass","south","town","Milton","false","false","sec:market","places it in the established residential fabric of south Milton","Knight Trail sits within that neighbourhood context, and its position near Knight Trail Park and Dempsey Neighbourhood Park places it in the established residential fabric of south Milton."
"MISPLACED","colville-place-milton","-144","T1 town","polygon:Ford","town-compass","northwest","town","Milton","false","false","hero ld-place sec:about","a residential pocket in the town's northwest","Colville Place is a quiet cul-de-sac in Milton's Ford neighbourhood, a residential pocket in the town's northwest."
"not-checkable","mcjannett-avenue-milton","","","","other-position","none","downtown","the older core","false","false","hero ld-place","fills the space between the older core and the newer subdivisions pushing north and west","McJannett Avenue is a short residential street in Milton's Harrison area, a pocket of the town that fills the space between the older core and the newer subdivisions pushing north and west."
"not-checkable","deverell-place-milton","","","","anchor-compass","west","escarpment","the escarpment line","false","false","hero ld-place","sits west of the escarpment line","Deverell Place is a short residential street in Milton's Coates neighbourhood, a pocket of the town that sits west of the escarpment line and north of the main east-west corridors."
"no-geometry","deverell-place-milton","","","","anchor-compass","north","road","the main east-west corridors","false","false","hero ld-place","north of the main east-west corridors","Deverell Place is a short residential street in Milton's Coates neighbourhood, a pocket of the town that sits west of the escarpment line and north of the main east-west corridors."
"WRONG","dawson-crescent-milton","730","T1 downtown","street","anchor-compass","north","downtown","the town's historic core","false","false","hero ld-place sec:about","just north of the town's historic core","Dawson Crescent is a quiet residential loop in the Old Milton neighbourhood, just north of the town's historic core."
"not-checkable","dawson-crescent-milton","","","","other-position","none","town","Milton","false","false","sec:homes","central location","The street's quiet character and central location make it a practical choice for those seeking a compact home in an established setting."
"no-geometry","dent-terrace-milton","","","","proximity","none","downtown","Milton's core","false","true","sec:differentPriorities","might look closer to Milton's core","If you're considering alternatives in similar pockets, buyers who want a shorter walk to the GO station might look closer to Milton's core, where the tradeoff is more street noise and tighter lots."
"not-refuted","foster-court-milton","-2968","T3 road","polygon:Timberlea","anchor-compass","west","road","James Snow Parkway","false","false","hero ld-place sec:about","sits west of the James Snow Parkway corridor","Foster Court is a short residential court in Milton's Timberlea neighbourhood, a pocket of the town that sits west of the James Snow Parkway corridor and north of the main east-west arterial grid."
"no-geometry","foster-court-milton","","","","anchor-compass","north","road","the main east-west arterial grid","false","false","hero ld-place sec:about","north of the main east-west arterial grid","Foster Court is a short residential court in Milton's Timberlea neighbourhood, a pocket of the town that sits west of the James Snow Parkway corridor and north of the main east-west arterial grid."
"not-refuted","melanson-heights-milton","-4273","T1 town","polygon:Scott","town-compass","west","town","Milton","false","false","hero ld-place sec:about","a pocket of the town's established west side","Melanson Heights sits in the Scott area of Milton, a pocket of the town's established west side where the street grid gives way to quieter residential blocks."
"not-refuted","cedar-hedge-road-milton","-3950","T1 downtown","polygon:Clarke","anchor-compass","east","downtown","the older settlement core","false","true","hero ld-place sec:about","filled in around the green corridors running east from the older settlement core","Cedar Hedge Road is a residential street in Milton's Clarke neighbourhood, a pocket of the town that has filled in around the green corridors running east from the older settlement core."
"not-checkable","cedar-hedge-road-milton","","","","proximity","none","water/park","the green corridors","false","false","hero ld-place sec:about","has filled in around the green corridors","Cedar Hedge Road is a residential street in Milton's Clarke neighbourhood, a pocket of the town that has filled in around the green corridors running east from the older settlement core."
"not-refuted","limestone-road-milton","-9268","T1 town","street","town-compass","west","town","Milton","false","false","hero ld-place sec:about","traces a quiet line through the western edge of Milton","Limestone Road traces a quiet line through the western edge of Milton, where the suburban grid gives way to open farmland and the escarpment's low ridges."
"not-checkable","limestone-road-milton","","","","proximity","none","escarpment","the escarpment's low ridges","false","false","hero ld-place sec:about","where the suburban grid gives way to open farmland and the escarpment's low ridges","Limestone Road traces a quiet line through the western edge of Milton, where the suburban grid gives way to open farmland and the escarpment's low ridges."
"not-refuted","whaley-way-milton","-3636","T1 town","polygon:Harrison","town-compass","west","town","Milton","false","false","hero ld-place sec:about","a pocket of west Milton","Whaley Way is a short residential way in Milton's Harrison neighbourhood, a pocket of west Milton that sits between the town's established grid and the newer edges pushing toward the escarpment."
"not-checkable","whaley-way-milton","","","","other-position","none","built-up-area","the town's established grid","false","false","hero ld-place sec:about","sits between the town's established grid and the newer edges pushing toward the escarpment","Whaley Way is a short residential way in Milton's Harrison neighbourhood, a pocket of west Milton that sits between the town's established grid and the newer edges pushing toward the escarpment."
"not-refuted","stoutt-crescent-milton","-790","T1 town","polygon:Coates","town-compass","west","town","Milton","false","false","hero ld-place sec:about","a pocket of the town's western edge","Stoutt Crescent is a short residential curve in Milton's Coates neighbourhood, a pocket of the town's western edge where the street network bends rather than runs straight."
"not-checkable","stoutt-crescent-milton","","","","proximity","none","other","the town's established western amenities","false","false","sec:about","sits within reach of the town's established western amenities","Coates itself sits within reach of the town's established western amenities, with the escarpment country opening up not far beyond."
"not-checkable","stoutt-crescent-milton","","","","proximity","none","escarpment","the escarpment country","false","false","sec:about","with the escarpment country opening up not far beyond","Coates itself sits within reach of the town's established western amenities, with the escarpment country opening up not far beyond."
"not-refuted","maquire-terrace-milton","-790","T1 town","polygon:Coates","town-compass","west","town","Milton","false","false","hero ld-place","the western pocket of Milton","Maquire Terrace is a short residential street in Coates, the western pocket of Milton that grew up around the escarpment side of town."
"not-checkable","maquire-terrace-milton","","","","proximity","none","escarpment","the escarpment side of town","false","false","hero ld-place","grew up around the escarpment side of town","Maquire Terrace is a short residential street in Coates, the western pocket of Milton that grew up around the escarpment side of town."
"MISPLACED","logan-drive-milton","44","T1 town","street","town-compass","west","town","Milton","false","false","sec:about","Milton's western edge is where the town has absorbed most of its recent growth, and Logan Drive belongs to that layer of the map","Milton's western edge is where the town has absorbed most of its recent growth, and Logan Drive belongs to that layer of the map rather than to the historic centre."
"negated-not-judged","logan-drive-milton","","","","proximity","none","downtown","the historic centre","true","false","sec:about","rather than to the historic centre","Milton's western edge is where the town has absorbed most of its recent growth, and Logan Drive belongs to that layer of the map rather than to the historic centre."
"no-geometry","logan-drive-milton","","","","town-compass","west","town","Milton","false","false","sec:homes","the newer western Milton streets","That balance is characteristic of the newer western Milton streets, where detached and attached housing were planned side by side rather than separated into distinct pockets."
"MISPLACED","luxton-drive-milton","-86","T1 town","polygon:Beaty","town-compass","northwest","town","Milton","false","false","hero ld-place sec:about","the Beaty neighbourhood in Milton's northwest","Luxton Drive runs through the Beaty neighbourhood in Milton's northwest, a residential street that carries a quiet, established rhythm."
"not-refuted","babcock-crescent-milton","-3179","T1 downtown","polygon:Dempsey","anchor-compass","north","downtown","the downtown core","false","false","hero ld-place sec:about","sits north of the downtown core","Babcock Crescent is a short residential crescent in Milton's Dempsey neighbourhood, a pocket of the town that sits north of the downtown core and west of the escarpment lands."
"not-checkable","babcock-crescent-milton","","","","anchor-compass","west","escarpment","the escarpment lands","false","false","hero ld-place sec:about","west of the escarpment lands","Babcock Crescent is a short residential crescent in Milton's Dempsey neighbourhood, a pocket of the town that sits north of the downtown core and west of the escarpment lands."
"not-refuted","babcock-crescent-milton","-3319","T1 town","polygon:Dempsey","town-compass","north","town","Milton","false","true","sec:about","laid out in the years when the town's northern edge was still filling in","Dempsey itself is a settled part of Milton, laid out in the years when the town's northern edge was still filling in, and Babcock sits within that established fabric rather than at its frontier."
"negated-not-judged","babcock-crescent-milton","","","","edge-of-town","none","built-up-area","that established fabric","true","false","sec:about","Babcock sits within that established fabric rather than at its frontier","Dempsey itself is a settled part of Milton, laid out in the years when the town's northern edge was still filling in, and Babcock sits within that established fabric rather than at its frontier."
"not-checkable","ellis-crescent-milton","","","","anchor-compass","east","escarpment","the escarpment","false","false","hero ld-place sec:about","sits east of the escarpment","Ellis Crescent is a residential crescent in Milton's Dempsey neighbourhood, a pocket of the town that sits east of the escarpment and north of the main commercial corridors."
"not-checkable","ellis-crescent-milton","","","","anchor-compass","north","commercial-corridor","the main commercial corridors","false","false","hero ld-place sec:about","north of the main commercial corridors","Ellis Crescent is a residential crescent in Milton's Dempsey neighbourhood, a pocket of the town that sits east of the escarpment and north of the main commercial corridors."
"not-refuted","elliott-crescent-milton","-457","T1 downtown","polygon:Dorset Park","anchor-compass","west","downtown","the town's historic core","false","false","hero ld-place sec:about","sits west of the town's historic core","Elliott Crescent is a residential crescent in Milton's Dorset Park, a pocket that sits west of the town's historic core and north of the rail corridor."
"not-checkable","elliott-crescent-milton","","","","anchor-compass","north","rail","the rail corridor","false","false","hero ld-place sec:about","north of the rail corridor","Elliott Crescent is a residential crescent in Milton's Dorset Park, a pocket that sits west of the town's historic core and north of the rail corridor."
"not-refuted","hazel-way-milton","-4832","T1 town","polygon:Cobban","town-compass","southeast","town","Milton","false","false","hero ld-place sec:about","a pocket of the town's southeast quadrant","Hazel Way is a short residential way in Milton's Cobban neighbourhood, a pocket of the town's southeast quadrant where the street grid gives way to quieter residential loops."
"MISPLACED","no-1-side-road-milton","-5385","T1 town","street","town-compass","west","town","Milton","false","false","sec:about","what surrounds it, with the rural west stretching out","The street's setting is defined less by what sits on it than by what surrounds it, with the rural west stretching out toward the escarpment and the town's edge."
"not-checkable","no-1-side-road-milton","","","","anchor-compass","west","built-up-area","Milton's built-up edge","false","false","sec:market","The street's position, west of Milton's built-up edge","The street's position, west of Milton's built-up edge and among the rural-residential pockets that define this part of town, means its housing stock and its setting differ from the town's denser subdivisions."
"not-checkable","lloyd-landing-milton","","","","anchor-compass","west","commercial-corridor","the commercial spine","false","false","ld-place","sits west of the commercial spine","Lloyd Landing is a short residential street in Milton's Ford area, a pocket of the town that sits west of the commercial spine and north of the older grid."
"WRONG","lloyd-landing-milton","1863","T1 downtown","polygon:Ford","anchor-compass","north","downtown","the older grid","false","false","ld-place","north of the older grid","Lloyd Landing is a short residential street in Milton's Ford area, a pocket of the town that sits west of the commercial spine and north of the older grid."
"MISPLACED","woodlawn-crescent-milton","-1182","T1 downtown","polygon:Bronte Meadows","anchor-compass","west","downtown","the downtown core","false","false","hero ld-place sec:about","sits west of the downtown core","Woodlawn Crescent is a residential crescent in Milton's Bronte Meadows neighbourhood, a pocket of the town that sits west of the downtown core and north of the main east-west arterial roads."
"no-geometry","woodlawn-crescent-milton","","","","anchor-compass","north","road","the main east-west arterial roads","false","false","hero ld-place sec:about","north of the main east-west arterial roads","Woodlawn Crescent is a residential crescent in Milton's Bronte Meadows neighbourhood, a pocket of the town that sits west of the downtown core and north of the main east-west arterial roads."
"not-refuted","stover-crescent-milton","-3911","T1 town","street","town-compass","east","town","Milton","false","false","hero ld-place sec:about","set within the town's established eastern grid","Stover Crescent is a residential crescent in the Clarke area of Milton, a short, curving street set within the town's established eastern grid."
"not-checkable","first-line-nassagaweya-milton","","","","anchor-compass","west","built-up-area","Milton's built-up edge","false","false","ld-place","running through the countryside west of Milton's built-up edge","First Line Nassagaweya is a rural road running through the countryside west of Milton's built-up edge, in the Nassagaweya area of Rural Milton West."
"not-checkable","stagg-garden-milton","","","","anchor-compass","west","escarpment","the escarpment","false","false","hero ld-place","sits west of the escarpment","Stagg Garden is a small residential street in Milton's Harrison area, a pocket of the town that sits west of the escarpment and north of the main east-west corridors."
"no-geometry","stagg-garden-milton","","","","anchor-compass","north","road","the main east-west corridors","false","false","hero ld-place","north of the main east-west corridors","Stagg Garden is a small residential street in Milton's Harrison area, a pocket of the town that sits west of the escarpment and north of the main east-west corridors."
"not-checkable","french-garden-milton","","","","anchor-compass","west","escarpment","the escarpment","false","false","ld-place","sits west of the escarpment","French Garden is a residential street in Milton's Beaty neighbourhood, a pocket of the town that sits west of the escarpment and north of the main east-west corridors."
"no-geometry","french-garden-milton","","","","anchor-compass","north","road","the main east-west corridors","false","false","ld-place","north of the main east-west corridors","French Garden is a residential street in Milton's Beaty neighbourhood, a pocket of the town that sits west of the escarpment and north of the main east-west corridors."
"not-refuted","nunn-court-milton","-2422","T1 downtown","polygon:Scott","anchor-compass","west","downtown","the downtown core","false","false","hero ld-place","sits west of the downtown core","Nunn Court is a short residential court in Milton's Scott neighbourhood, a pocket of the town that sits west of the downtown core and north of the main east-west arteries."
"no-geometry","nunn-court-milton","","","","anchor-compass","north","road","the main east-west arteries","false","false","hero ld-place","north of the main east-west arteries","Nunn Court is a short residential court in Milton's Scott neighbourhood, a pocket of the town that sits west of the downtown core and north of the main east-west arteries."
"not-refuted","pine-view-trail-milton","-12929","T1 town","street","town-compass","west","town","Milton","false","false","ld-place","a rural road in the western reach of Milton","Pine View Trail is a rural road in the western reach of Milton, sitting within the Rural Milton West area where the town gives way to open country."
"not-checkable","pine-view-trail-milton","","","","edge-of-town","none","town","Milton","false","false","ld-place","where the town gives way to open country","Pine View Trail is a rural road in the western reach of Milton, sitting within the Rural Milton West area where the town gives way to open country."
"not-refuted","mcdougall-crossing-milton","-3179","T1 town","street","town-compass","west","town","Milton","false","false","ld-place","on the western side of Milton","McDougall Crossing sits in Harrison, on the western side of Milton where the town's newer residential edges meet the older street grid."
"not-checkable","mcdougall-crossing-milton","","","","other-position","none","downtown","the older street grid","false","false","ld-place","where the town's newer residential edges meet the older street grid","McDougall Crossing sits in Harrison, on the western side of Milton where the town's newer residential edges meet the older street grid."
"not-refuted","mclaren-road-milton","-24395","T1 town","polygon:Nassagaweya","town-compass","west","town","Milton","false","false","hero ld-place sec:about","the village of Campbellville, at the western edge of Milton","McLaren Road runs through the village of Campbellville, at the western edge of Milton."
"not-checkable","mclaren-road-milton","","","","anchor-compass","west","built-up-area","the suburban grid","false","false","sec:about","removed from the suburban grid to the east","It is a quiet country road, framed by open fields and mature trees, with a pace that feels removed from the suburban grid to the east."
"no-geometry","mclaren-road-milton","","","","town-compass","east","town","Milton","false","false","sec:differentPriorities","subdivisions on the eastern side of Milton","For those prioritizing newer construction or different lot configurations, subdivisions on the eastern side of Milton present a contrast in era and layout."
"not-checkable","sauble-court-milton","","","","anchor-compass","east","commercial-corridor","the commercial spine","false","false","hero ld-place sec:about","sits east of the commercial spine","Sauble Court is a short residential court in Milton's Bowes area, a pocket of the town that sits east of the commercial spine and north of the Derry Road corridor."
"WRONG","sauble-court-milton","1514","T3 road","polygon:Bowes","anchor-compass","north","road","Derry Road","false","false","hero ld-place sec:about","north of the Derry Road corridor","Sauble Court is a short residential court in Milton's Bowes area, a pocket of the town that sits east of the commercial spine and north of the Derry Road corridor."
"not-checkable","sauble-court-milton","","","","orientation","west","none","","false","false","sec:gettingAround","By car the street opens up westward","By car the street opens up westward."
"not-refuted","peregrine-way-milton","-4273","T1 town","polygon:Scott","town-compass","west","town","Milton","false","false","hero ld-place sec:about","a pocket of west Milton","Peregrine Way is a short residential way in Milton's Scott neighbourhood, a pocket of west Milton where the street grid gives way to quieter internal roads."
"not-checkable","peregrine-way-milton","","","","proximity","none","water/park","Scott Neighbourhood Park - West","false","false","sec:about","with Scott Neighbourhood Park - West a few minutes on foot","It sits among the established residential fabric that defines this part of town, with Scott Neighbourhood Park - West a few minutes on foot and the broader Scott area framing daily life."
"MISPLACED","featherstone-road-milton","-1508","T1 town","polygon:Dempsey","town-compass","west","town","Milton","false","false","hero ld-place sec:about","a pocket of the town's western edge","Featherstone Road is a residential street in Milton's Dempsey neighbourhood, a pocket of the town's western edge where the street grid runs between the escarpment side and the James Snow corridor."
"not-refuted","plum-place-milton","-4832","T1 town","polygon:Cobban","town-compass","south","town","Milton","false","false","hero ld-place sec:about","one of Milton's newer neighbourhoods on the town's southern edge","Plum Place is a short residential street in Cobban, one of Milton's newer neighbourhoods on the town's southern edge."
"not-refuted","coulson-avenue-milton","-1500","T1 town","polygon:Timberlea","town-compass","west","town","Milton","false","false","hero ld-place sec:about","a pocket of west Milton","Coulson Avenue is a residential street in Milton's Timberlea neighbourhood, a pocket of west Milton that sits between the green corridors of the Sam Sherratt trail system and the commercial spine along Main Street East."
"not-checkable","coulson-avenue-milton","","","","anchor-compass","east","water/park","parkland","false","false","sec:about","The street's western edge opens onto parkland","The street's western edge opens onto parkland rather than a hard line of arterial road."
"not-refuted","coulson-avenue-milton","-1500","T1 town","polygon:Timberlea","town-compass","west","town","Milton","false","false","sec:about","one of Milton's established west-side neighbourhoods","Timberlea itself is one of Milton's established west-side neighbourhoods, and Coulson Avenue reads as a quiet interior street within it."
"not-refuted","portch-gate-milton","-3022","T1 downtown","polygon:Scott","anchor-compass","south","downtown","the downtown core","false","false","hero ld-place sec:about","sits south of the downtown core","Portch Gate is a short residential street in the Scott area of Milton, a pocket of the town that sits south of the downtown core and east of the escarpment ridge."
"not-checkable","portch-gate-milton","","","","anchor-compass","east","escarpment","the escarpment ridge","false","false","hero ld-place sec:about","east of the escarpment ridge","Portch Gate is a short residential street in the Scott area of Milton, a pocket of the town that sits south of the downtown core and east of the escarpment ridge."
"not-refuted","nassagaweya-puslinch-townline-milton","-23325","T1 town","street","town-compass","west","town","Milton","false","false","ld-place","running through the western reach of Milton","Nassagaweya Puslinch Townline is a rural road running through the western reach of Milton, in the open country that sits between the town's built edge and the farmland beyond it."
"not-checkable","nassagaweya-puslinch-townline-milton","","","","other-position","none","built-up-area","the town's built edge and the farmland beyond it","false","false","ld-place","the open country that sits between the town's built edge and the farmland beyond it","Nassagaweya Puslinch Townline is a rural road running through the western reach of Milton, in the open country that sits between the town's built edge and the farmland beyond it."
"not-checkable","gleave-terrace-milton","","","","anchor-compass","west","escarpment","the escarpment","false","false","hero ld-place sec:about","sits west of the escarpment","Gleave Terrace is a short residential street in Milton's Harrison area, a pocket of the town that sits west of the escarpment and north of the older core."
"WRONG","gleave-terrace-milton","1954","T1 downtown","polygon:Harrison","anchor-compass","north","downtown","the older core","false","false","hero ld-place sec:about","north of the older core","Gleave Terrace is a short residential street in Milton's Harrison area, a pocket of the town that sits west of the escarpment and north of the older core."
"not-refuted","fourth-line-nassagaweya-milton","-24395","T1 town","polygon:Nassagaweya","town-compass","west","town","Milton","false","false","ld-place","the Nassagaweya countryside in Milton's western reaches","Fourth Line Nassagaweya is a rural road running through the Nassagaweya countryside in Milton's western reaches, where the grid gives way to open land and long stretches between neighbours."
"not-refuted","monaghan-crescent-milton","-2585","T1 town","polygon:Willmott","town-compass","west","town","Milton","false","true","hero ld-place sec:about","has filled in steadily as Milton has grown westward","Monaghan Crescent is a residential crescent in Milton's Willmott neighbourhood, a pocket of the town that has filled in steadily as Milton has grown westward."
"not-refuted","oak-street-milton","-1397","T4 proximity (downtown)","polygon:Old Milton","proximity","none","downtown","the historic core of the town","false","false","hero ld-place sec:about","Old Milton, the historic core of the town","Oak Street is a short residential street in Old Milton, the historic core of the town, where the grid tightens and the streets run narrow."
"negated-not-judged","oak-street-milton","","","","edge-of-town","none","town","Milton","true","false","sec:about","central rather than peripheral","The street's position is central rather than peripheral, which shapes how it functions day to day."
"MISPLACED","pears-court-milton","-959","T1 town","polygon:Bowes","town-compass","north","town","Milton","false","false","hero ld-place sec:about","a residential pocket in the north end of town","Pears Court is a quiet cul-de-sac in Milton's Bowes neighbourhood, a residential pocket in the north end of town."
"not-checkable","fitzgerald-crescent-milton","","","","anchor-compass","west","escarpment","the escarpment line","false","false","hero ld-place sec:about","sits west of the escarpment line","Fitzgerald Crescent is a short residential curve in Milton's Dempsey neighbourhood, a pocket of the town that sits west of the escarpment line and north of the main east-west arteries."
"no-geometry","fitzgerald-crescent-milton","","","","anchor-compass","north","road","the main east-west arteries","false","false","hero ld-place sec:about","north of the main east-west arteries","Fitzgerald Crescent is a short residential curve in Milton's Dempsey neighbourhood, a pocket of the town that sits west of the escarpment line and north of the main east-west arteries."
"MISPLACED","fitzgerald-crescent-milton","-1132","T1 town","street","town-compass","west","town","Milton","false","false","sec:about","For anyone learning Milton's west side, Fitzgerald Crescent is a useful reference point","For anyone learning Milton's west side, Fitzgerald Crescent is a useful reference point: small, established, and firmly inside the Dempsey frame."
"not-refuted","menzies-court-milton","-24395","T1 town","polygon:Nassagaweya","town-compass","west","town","Milton","false","false","ld-place","a rural-edge pocket on the western side of town","Menzies Court is a small residential court in Milton's Brookville/Haltonville area, a rural-edge pocket on the western side of town where the street grid gives way to quieter, low-traffic addresses."
"not-refuted","fox-crescent-milton","-3608","T1 town","polygon:Dempsey","town-compass","east","town","Milton","false","false","hero ld-place sec:about","a pocket of the town's eastern edge","Fox Crescent is a residential curve in Milton's Dempsey district, a pocket of the town's eastern edge where the street grid softens into bends and cul-de-sacs."
"MISPLACED","fox-crescent-milton","-596","T1 town","street","town-compass","west","town","Milton","false","false","sec:gettingAround","this far into Milton's western grid","For a street this far into Milton's western grid, the highway and the station are both close enough that neither errand nor departure feels like a production."
"not-checkable","fox-crescent-milton","","","","proximity","none","road","the highway","false","false","sec:gettingAround","the highway and the station are both close enough","For a street this far into Milton's western grid, the highway and the station are both close enough that neither errand nor departure feels like a production."
"not-checkable","fox-crescent-milton","","","","proximity","none","rail","the station","false","false","sec:gettingAround","the highway and the station are both close enough","For a street this far into Milton's western grid, the highway and the station are both close enough that neither errand nor departure feels like a production."
"MISPLACED","wallbrook-crescent-milton","591","T1 town","polygon:Beaty","town-compass","west","town","Milton","false","false","hero ld-place sec:about","a pocket of west Milton","Wallbrook Crescent is a residential crescent in Milton's Beaty neighbourhood, a pocket of west Milton that sits between the town's older core and the newer subdivisions pushing toward the escarpment."
"not-checkable","wallbrook-crescent-milton","","","","other-position","none","downtown","the town's older core","false","false","hero ld-place sec:about","sits between the town's older core and the newer subdivisions pushing toward the escarpment","Wallbrook Crescent is a residential crescent in Milton's Beaty neighbourhood, a pocket of west Milton that sits between the town's older core and the newer subdivisions pushing toward the escarpment."
"not-checkable","14-side-road-milton","","","","anchor-compass","west","built-up-area","Milton's built-up edge","false","false","sec:market","west of Milton's built-up edge","The street sits within Rural Milton West, west of Milton's built-up edge, and its detached character places it alongside the low-density residential fabric that defines this part of the town."
"not-checkable","symons-crossing-milton","","","","anchor-compass","south","escarpment","the escarpment","false","false","hero ld-place sec:about","sits south of the escarpment","Symons Crossing is a residential street in Milton's Coates neighbourhood, a pocket of the town that sits south of the escarpment and west of the main north-south corridors."
"no-geometry","symons-crossing-milton","","","","anchor-compass","west","road","the main north-south corridors","false","false","hero ld-place sec:about","west of the main north-south corridors","Symons Crossing is a residential street in Milton's Coates neighbourhood, a pocket of the town that sits south of the escarpment and west of the main north-south corridors."
"not-refuted","britton-crescent-milton","-3876","T1 town","polygon:Ford","town-compass","east","town","Milton","false","false","faq","one of Milton's east-side residential pockets","Britton Crescent sits within Ford, one of Milton's east-side residential pockets that filled in during the neighbourhood's build-out phase."
"MISPLACED","copley-court-milton","-91","T1 town","street","town-compass","north","town","Milton","false","false","sec:about","sits in the northern part of town","The court sits in the northern part of town, close to the wide green corridors and parkland that define this pocket of Milton."
"not-checkable","copley-court-milton","","","","proximity","none","water/park","the wide green corridors and parkland","false","false","sec:about","close to the wide green corridors and parkland","The court sits in the northern part of town, close to the wide green corridors and parkland that define this pocket of Milton."
"not-checkable","van-fleet-terrace-milton","","","","anchor-compass","north","escarpment","the escarpment edge","false","false","hero ld-place sec:about","sits north of the escarpment edge","Van Fleet Terrace is a short residential street in Milton's Harrison area, a pocket of the town that sits north of the escarpment edge and west of the main north-south corridors."
"no-geometry","van-fleet-terrace-milton","","","","anchor-compass","west","road","the main north-south corridors","false","false","hero ld-place sec:about","west of the main north-south corridors","Van Fleet Terrace is a short residential street in Milton's Harrison area, a pocket of the town that sits north of the escarpment edge and west of the main north-south corridors."
"not-checkable","gorham-way-milton","","","","anchor-compass","east","escarpment","the escarpment","false","false","hero ld-place sec:about","sits east of the escarpment","Gorham Way is a short residential way in Milton's Clarke neighbourhood, a pocket of the town that sits east of the escarpment and north of the main commercial corridors."
"not-checkable","gorham-way-milton","","","","anchor-compass","north","commercial-corridor","the main commercial corridors","false","false","hero ld-place sec:about","north of the main commercial corridors","Gorham Way is a short residential way in Milton's Clarke neighbourhood, a pocket of the town that sits east of the escarpment and north of the main commercial corridors."
"not-refuted","15-side-road-milton","-11647","T1 town","street","town-compass","north","town","Milton","false","false","sec:about","the working landscape of north Milton","What frames it is space, separation, and the working landscape of north Milton."
"not-checkable","bonin-crescent-milton","","","","anchor-compass","west","escarpment","the escarpment","false","false","hero ld-place sec:about","sits west of the escarpment","Bonin Crescent is a short residential crescent in Milton's Clarke neighbourhood, a pocket of the town that sits west of the escarpment and north of the main commercial spine."
"not-checkable","bonin-crescent-milton","","","","anchor-compass","north","commercial-corridor","the main commercial spine","false","false","hero ld-place sec:about","north of the main commercial spine","Bonin Crescent is a short residential crescent in Milton's Clarke neighbourhood, a pocket of the town that sits west of the escarpment and north of the main commercial spine."
"MISPLACED","bonin-crescent-milton","62","T1 town","street","town-compass","west","town","Milton","false","false","sec:about","the newer western expansion of Milton","It belongs to the newer western expansion of Milton, where the grid loosens and the streets take on the shapes of the land around them."
"not-checkable","10-side-road-milton","","","","edge-of-town","none","town","Milton","false","false","sec:about","the rural edge of town","What frames it is farmland, tree lines, and the low density that comes with the rural edge of town."
"not-checkable","10-side-road-milton","","","","anchor-compass","west","built-up-area","Milton's built-up core","false","false","sec:about","sits well west of Milton's built-up core","The street sits well west of Milton's built-up core, closer to the hamlets of Campbellville and Brookville than to the town centre."
"not-checkable","10-side-road-milton","","","","proximity","none","other","the hamlets of Campbellville and Brookville","false","false","sec:about","closer to the hamlets of Campbellville and Brookville than to the town centre","The street sits well west of Milton's built-up core, closer to the hamlets of Campbellville and Brookville than to the town centre."
"not-refuted","10-side-road-milton","-13253","T1 town","polygon:Rural Milton West","town-compass","west","town","Milton","false","false","sec:market","the rural western flank of Milton","The street sits within Rural Milton West, the rural western flank of Milton, where the housing stock is dominated by detached homes on larger parcels rather than the denser forms found closer to the town centre."
"no-geometry","10-side-road-milton","","","","proximity","none","downtown","the town centre","false","false","sec:market","the denser forms found closer to the town centre","The street sits within Rural Milton West, the rural western flank of Milton, where the housing stock is dominated by detached homes on larger parcels rather than the denser forms found closer to the town centre."
"not-refuted","10-side-road-milton","-14718","T1 town","street","town-compass","west","town","Milton","false","false","faq","a western-edge address","The street is a western-edge address, and Toronto is a planned trip rather than a quick one."
"not-refuted","valleyview-crescent-milton","-1397","T4 proximity (downtown)","polygon:Old Milton","proximity","none","downtown","the historic core of the town","false","false","hero ld-place sec:about","Old Milton, the historic core of the town","Valleyview Crescent is a residential crescent in Old Milton, the historic core of the town, where the street grid loosens into curving residential pockets."
"not-refuted","walnut-landing-milton","-4832","T1 town","polygon:Cobban","town-compass","south","town","Milton","false","false","hero ld-place sec:about","on the town's southern edge","Walnut Landing is a short residential street in Cobban, one of Milton's newer growth areas on the town's southern edge."
"not-refuted","walnut-landing-milton","-4832","T1 town","polygon:Cobban","town-compass","south","town","Milton","false","false","sec:market","a pocket of south Milton","Walnut Landing sits in Cobban, a pocket of south Milton where the housing runs to townhouse rows and the street pattern is compact."
"MISPLACED","walnut-landing-milton","-66","T1 town","street","town-compass","west","town","Milton","false","false","sec:gettingAround","a street this far west in Milton","For a street this far west in Milton, the highway and the station are both reached without crossing town."
"not-refuted","hood-terrace-milton","530","T1 town","street","town-compass","west","town","Milton","false","false","sec:about","sits in the western part of Milton","The street sits in the western part of Milton, framed by a network of local roads and parks that give the area a settled, suburban feel."
"not-refuted","hood-terrace-milton","530","T1 town","street","town-compass","west","town","Milton","false","false","sec:gettingAround","on the west side of Milton","Hood Terrace sits in Coates, on the west side of Milton, and its position makes highway access the defining commute fact."
"not-refuted","hood-terrace-milton","-790","T1 town","polygon:Coates","town-compass","west","town","Milton","false","false","faq","one of the newer residential pockets in west Milton","Hood Terrace sits within Coates, one of the newer residential pockets in west Milton, and the housing stock reads as established rather than actively under construction."
"WRONG","pratt-heights-milton","1723","T1 town","polygon:Ford","town-compass","north","town","Milton","false","false","hero ld-place sec:about","a residential enclave in the town's northern reaches","Pratt Heights sits in Milton's Ford neighbourhood, a residential enclave in the town's northern reaches."
"not-refuted","shepherd-place-milton","-4079","T1 town","polygon:Beaty","town-compass","northeast","town","Milton","false","false","hero ld-place sec:about","a residential pocket in the city's northeast","Shepherd Place is a quiet cul-de-sac in the Beaty neighbourhood of Milton, a residential pocket in the city's northeast."
"not-checkable","shepherd-place-milton","","","","other-position","none","road","Beaty Boulevard and Thompson Road South","false","false","sec:about","framed by the broader grid of Beaty Boulevard and Thompson Road South","The street runs a short, contained course, framed by the broader grid of Beaty Boulevard and Thompson Road South."
"not-refuted","ware-crescent-milton","-3636","T1 town","polygon:Harrison","town-compass","west","town","Milton","false","false","hero ld-place sec:about","a pocket of west Milton","Ware Crescent is a short residential crescent in Milton's Harrison area, a pocket of west Milton that sits between the town's established grid and the newer edges pushing outward."
"not-checkable","ware-crescent-milton","","","","other-position","none","built-up-area","the town's established grid and the newer edges","false","false","hero ld-place sec:about","sits between the town's established grid and the newer edges pushing outward","Ware Crescent is a short residential crescent in Milton's Harrison area, a pocket of west Milton that sits between the town's established grid and the newer edges pushing outward."
"not-checkable","speck-crossing-milton","","","","anchor-compass","west","escarpment","the escarpment","false","false","hero ld-place","sits west of the escarpment","Speck Crossing is a residential street in Milton's Coates neighbourhood, a pocket of the town that sits west of the escarpment and south of the main east-west corridors."
"no-geometry","speck-crossing-milton","","","","anchor-compass","south","road","the main east-west corridors","false","false","hero ld-place","south of the main east-west corridors","Speck Crossing is a residential street in Milton's Coates neighbourhood, a pocket of the town that sits west of the escarpment and south of the main east-west corridors."
"not-checkable","brandon-terrace-milton","","","","anchor-compass","east","escarpment","the escarpment","false","false","hero ld-place sec:about","sits east of the escarpment","Brandon Terrace is a short residential street in Milton's Dempsey neighbourhood, a pocket of the town that sits east of the escarpment and north of the main commercial corridors."
"not-checkable","brandon-terrace-milton","","","","anchor-compass","north","commercial-corridor","the main commercial corridors","false","false","hero ld-place sec:about","north of the main commercial corridors","Brandon Terrace is a short residential street in Milton's Dempsey neighbourhood, a pocket of the town that sits east of the escarpment and north of the main commercial corridors."
"not-refuted","brandon-terrace-milton","-3187","T1 town","street","town-compass","east","town","Milton","false","false","sec:about","For anyone learning the geography of east Milton, Brandon Terrace reads as a local address","For anyone learning the geography of east Milton, Brandon Terrace reads as a local address first and a commuter address second, though the connections to the wider region are close at hand."
"not-checkable","brandon-terrace-milton","","","","proximity","none","other","the connections to the wider region","false","false","sec:about","the connections to the wider region are close at hand","For anyone learning the geography of east Milton, Brandon Terrace reads as a local address first and a commuter address second, though the connections to the wider region are close at hand."
"not-refuted","murray-meadows-place-milton","-3950","T1 downtown","polygon:Clarke","anchor-compass","east","downtown","the town's historic core","false","false","hero ld-place sec:about","sits east of the town's historic core","Murray Meadows Place is a short residential street in the Clarke area of Milton, a pocket that sits east of the town's historic core and north of the Derry Road corridor."
"not-refuted","murray-meadows-place-milton","-1361","T3 road","polygon:Clarke","anchor-compass","north","road","Derry Road","false","false","hero ld-place sec:about","north of the Derry Road corridor","Murray Meadows Place is a short residential street in the Clarke area of Milton, a pocket that sits east of the town's historic core and north of the Derry Road corridor."
"not-checkable","parent-place-milton","","","","anchor-compass","east","commercial-corridor","the main commercial arteries","false","false","sec:about","It sits east of the main commercial arteries","It sits east of the main commercial arteries, yet close enough to the everyday conveniences that shape a routine."
"not-checkable","parent-place-milton","","","","proximity","none","other","the everyday conveniences","false","false","sec:about","close enough to the everyday conveniences","It sits east of the main commercial arteries, yet close enough to the everyday conveniences that shape a routine."
"not-refuted","cargill-path-milton","-790","T1 town","polygon:Coates","town-compass","west","town","Milton","false","false","hero ld-place sec:about","a pocket of west Milton","Cargill Path is a short residential street in Milton's Coates neighbourhood, a pocket of west Milton that sits between Derry Road and the escarpment side of town."
"not-checkable","cargill-path-milton","","","","other-position","none","road","Derry Road and the escarpment side of town","false","false","hero ld-place sec:about","sits between Derry Road and the escarpment side of town","Cargill Path is a short residential street in Milton's Coates neighbourhood, a pocket of west Milton that sits between Derry Road and the escarpment side of town."
"not-refuted","sideroad-10-milton","-14718","T1 town","street","town-compass","west","town","Milton","false","false","hero ld-place sec:about","a rural road in the west of Milton","Side Road is a rural road in the west of Milton, sitting within the Rural Milton West area where the town's street grid gives way to open country."
"not-checkable","sideroad-10-milton","","","","edge-of-town","none","built-up-area","the town's street grid","false","false","hero ld-place sec:about","where the town's street grid gives way to open country","Side Road is a rural road in the west of Milton, sitting within the Rural Milton West area where the town's street grid gives way to open country."
"not-refuted","sinclair-boulevard-milton","-3608","T1 downtown","polygon:Dempsey","anchor-compass","east","downtown","its historic core","false","false","hero ld-place sec:about","took shape as the town pushed east of its historic core","Sinclair Boulevard is a residential street in Milton's Dempsey neighbourhood, a district that took shape as the town pushed east of its historic core."
"not-refuted","sinclair-boulevard-milton","-3608","T1 town","polygon:Dempsey","town-compass","east","town","Milton","false","false","sec:homes","the surrounding pocket of east Milton","What the street holds is a small stock of low-rise residential housing within the Dempsey neighbourhood, consistent with the surrounding pocket of east Milton."
"not-checkable","second-line-nassagaweya-milton","","","","anchor-compass","north","built-up-area","Milton's built-up area","false","false","hero ld-place sec:about","running through the countryside north of Milton's built-up area","Second Line Nassagaweya is a rural road running through the countryside north of Milton's built-up area."
"no-geometry","second-line-nassagaweya-milton","","","","within-area-compass","north","other","Halton","false","false","sec:about","places it at the northern edge of Halton","The street's position places it at the northern edge of Halton rather than within the town grid."
"negated-not-judged","second-line-nassagaweya-milton","","","","other-position","none","built-up-area","the town grid","true","false","sec:about","rather than within the town grid","The street's position places it at the northern edge of Halton rather than within the town grid."
"not-checkable","second-line-nassagaweya-milton","","","","anchor-compass","west","built-up-area","Milton's built edge","false","false","sec:market","Rural Nassagaweya, the low-density agricultural and estate country west of Milton's built edge","It runs through Rural Nassagaweya, the low-density agricultural and estate country west of Milton's built edge, where detached houses on generous lots are the dominant form and the housing stock is established rather than new."
"MISPLACED","morse-place-milton","-1593","T1 town","street","town-compass","north","town","Milton","false","false","sec:about","a settled, low-traffic street in Milton's north end","For those seeking a settled, low-traffic street in Milton's north end, Morse Place presents a straightforward, unassuming address."
"not-checkable","stevenson-street-milton","","","","anchor-compass","west","escarpment","the escarpment","false","false","hero ld-place sec:about","sits west of the escarpment","Stevenson Street is a residential street in Milton's Beaty neighbourhood, a pocket of the town that sits west of the escarpment and north of the main commercial corridors."
"not-checkable","stevenson-street-milton","","","","anchor-compass","north","commercial-corridor","the main commercial corridors","false","false","hero ld-place sec:about","north of the main commercial corridors","Stevenson Street is a residential street in Milton's Beaty neighbourhood, a pocket of the town that sits west of the escarpment and north of the main commercial corridors."
"not-checkable","rutledge-way-milton","","","","proximity","none","other","the western arc","false","false","sec:gettingAround","By car the street is well placed for the western arc","By car the street is well placed for the western arc."
"not-refuted","ontario-street-milton","-2385","T1 town","street","town-compass","west","town","Milton","false","false","hero ld-place sec:about","Ontario Street runs through the western edge of Milton","Ontario Street runs through the western edge of Milton, where the town's older residential fabric meets the newer subdivisions pushing outward from the core."
"not-checkable","ontario-street-milton","","","","other-position","none","built-up-area","the town's older residential fabric and the newer subdivisions","false","false","hero ld-place sec:about","where the town's older residential fabric meets the newer subdivisions pushing outward from the core","Ontario Street runs through the western edge of Milton, where the town's older residential fabric meets the newer subdivisions pushing outward from the core."
"not-refuted","ontario-street-milton","-457","T1 downtown","street","anchor-compass","west","downtown","Old Milton","false","false","sec:about","Old Milton lies to the east, its shorter blocks and mature trees marking the historic centre","Old Milton lies to the east, its shorter blocks and mature trees marking the historic centre."
"not-checkable","ontario-street-milton","","","","anchor-compass","west","other","Ontario Street (implied)","false","false","sec:about","Dorset Park rounds out the western approach","Dorset Park rounds out the western approach."
"not-refuted","sherwood-road-milton","-3319","T1 town","polygon:Dempsey","town-compass","north","town","Milton","false","false","hero ld-place sec:about","the Dempsey neighbourhood in Milton's north end","Sherwood Road runs through the Dempsey neighbourhood in Milton's north end."
"not-checkable","van-allen-gate-milton","","","","anchor-compass","west","escarpment","the escarpment","false","false","hero ld-place sec:about","sits west of the escarpment","Van Allen Gate is a short residential street in Milton's Dempsey neighbourhood, a pocket of the town that sits west of the escarpment and north of the older core."
"not-refuted","van-allen-gate-milton","-3179","T1 downtown","polygon:Dempsey","anchor-compass","north","downtown","the older core","false","false","hero ld-place sec:about","north of the older core","Van Allen Gate is a short residential street in Milton's Dempsey neighbourhood, a pocket of the town that sits west of the escarpment and north of the older core."
"MISPLACED","van-allen-gate-milton","-1071","T1 town","street","town-compass","west","town","Milton","false","false","sec:gettingAround","a street this far west in Milton","For a street this far west in Milton, the highway and the train are close to equally convenient, and the choice between them tends to come down to where the day is going."
"not-checkable","reichert-court-milton","","","","other-position","west","downtown","the older core","false","false","hero ld-place sec:about","fills the ground between the older core and the newer edges to the west","Reichert Court is a short residential court in Milton's Willmott neighbourhood, a pocket of the town that fills the ground between the older core and the newer edges to the west."
"not-refuted","reichert-court-milton","-2430","T1 town","street","town-compass","west","town","Milton","false","false","sec:about","a quiet, self-contained piece of the western town","It is a quiet, self-contained piece of the western town, and it reads that way from the sidewalk."
"negated-not-judged","20th-side-road-milton","","","","proximity","none","downtown","the core","true","false","sec:gettingAround","distance from the core","For a rural address, the trade is straightforward: distance from the core, but a clean line to the west and the airport."
"not-refuted","potts-terrace-milton","-2531","T1 downtown","polygon:Harrison","anchor-compass","west","downtown","the downtown core","false","false","hero ld-place sec:about","sits west of the downtown core","Potts Terrace is a short residential street in Milton's Harrison area, a pocket of the town that sits west of the downtown core and north of the escarpment lands."
"not-checkable","potts-terrace-milton","","","","anchor-compass","north","escarpment","the escarpment lands","false","false","hero ld-place sec:about","north of the escarpment lands","Potts Terrace is a short residential street in Milton's Harrison area, a pocket of the town that sits west of the downtown core and north of the escarpment lands."
"not-refuted","potts-terrace-milton","-3259","T1 town","street","town-compass","west","town","Milton","false","true","sec:gettingAround","The street's western tilt","The street's western tilt keeps the highway close and the lake communities within a short run."
"not-checkable","potts-terrace-milton","","","","proximity","none","road","the highway","false","false","sec:gettingAround","keeps the highway close","The street's western tilt keeps the highway close and the lake communities within a short run."
"not-checkable","potts-terrace-milton","","","","proximity","none","other","the lake communities","false","false","sec:gettingAround","the lake communities within a short run","The street's western tilt keeps the highway close and the lake communities within a short run."
"not-refuted","harkin-place-milton","-3454","T1 town","street","town-compass","southwest","town","Milton","false","false","hero ld-place sec:about","a short residential close in Milton's established southwest","Harkin Place sits in the Scott neighbourhood, a short residential close in Milton's established southwest."
"not-checkable","lancaster-boulevard-milton","","","","anchor-compass","west","escarpment","the escarpment","false","false","hero ld-place sec:about","sits west of the escarpment","Lancaster Boulevard is a residential street in Milton's Beaty neighbourhood, a pocket of the town that sits west of the escarpment and north of the main east-west corridors."
"no-geometry","lancaster-boulevard-milton","","","","anchor-compass","north","road","the main east-west corridors","false","false","hero ld-place sec:about","north of the main east-west corridors","Lancaster Boulevard is a residential street in Milton's Beaty neighbourhood, a pocket of the town that sits west of the escarpment and north of the main east-west corridors."
"not-refuted","charles-street-milton","-1397","T4 proximity (downtown)","polygon:Old Milton","proximity","none","downtown","the historic core of the town","false","false","hero ld-place sec:about","Old Milton, the historic core of the town","Charles Street is a short residential street in Old Milton, the historic core of the town, where the grid tightens and the lots run shallow."
"not-refuted","charles-street-milton","-1936","T4 proximity (downtown)","street","proximity","none","downtown","the downtown blocks","false","false","sec:about","within walking distance of the downtown blocks","It sits within walking distance of the downtown blocks, close enough that the commercial spine and the older residential fabric share the same few minutes on foot."
"not-checkable","charles-street-milton","","","","proximity","none","commercial-corridor","the commercial spine","false","false","sec:about","close enough that the commercial spine and the older residential fabric share the same few minutes on foot","It sits within walking distance of the downtown blocks, close enough that the commercial spine and the older residential fabric share the same few minutes on foot."
"not-refuted","country-lane-court-milton","-22086","T1 town","polygon:Nassagaweya","town-compass","north","town","Milton","false","false","hero ld-place sec:about","the rural hamlet in Milton's northern reaches","Country Lane Court is a short residential cul-de-sac in Moffat, the rural hamlet in Milton's northern reaches where the town grid gives way to concession roads and open agricultural land."
"negated-not-judged","country-lane-court-milton","","","","proximity","none","downtown","Milton's urban core","true","false","sec:about","Moffat sits well removed from Milton's urban core","Moffat sits well removed from Milton's urban core, closer in rhythm to Campbellville and the surrounding escarpment lands than to the newer subdivisions south of Derry."
"no-geometry","country-lane-court-milton","","","","anchor-compass","south","road","Derry Road","false","false","sec:about","the newer subdivisions south of Derry","Moffat sits well removed from Milton's urban core, closer in rhythm to Campbellville and the surrounding escarpment lands than to the newer subdivisions south of Derry."
"not-checkable","country-lane-court-milton","","","","proximity","none","neighbourhood","Campbellville","false","false","sec:amenities","Campbellville, closer than the town core","Campbellville, closer than the town core, offers a smaller cluster of village amenities and a pair of local parks."
"not-refuted","country-lane-court-milton","-22086","T1 town","polygon:Nassagaweya","town-compass","north","town","Milton","false","false","sec:market","the broader north-Milton hamlet pattern","Detached homes make up the recorded stock here, consistent with the surrounding rural residential fabric of Moffat and the broader north-Milton hamlet pattern."
"not-checkable","country-lane-court-milton","","","","anchor-compass","north","built-up-area","Milton's built-up core","false","false","sec:gettingAround","a rural pocket well north of Milton's built-up core","Country Lane Court sits in Moffat, a rural pocket well north of Milton's built-up core, and that geography defines every trip in and out."
"not-checkable","country-lane-court-milton","","","","anchor-compass","north","other","the in-town schools","false","false","sec:differentPriorities","the in-town schools further south","And buyers prioritizing walking distance to a public elementary should consider addresses within the school-walk radius of Brookville ES or the in-town schools further south."
"not-checkable","country-lane-court-milton","","","","anchor-compass","north","built-up-area","newer Milton","false","false","faq","much of newer Milton to the south","The setting is quiet and low-density, quite different from the townhome and semi-detached streets that define much of newer Milton to the south."
"no-geometry","country-lane-court-milton","","","","proximity","none","built-up-area","Milton's built-up edge","false","false","faq","addresses closer to Milton's built-up edge","Buyers who like the Moffat setting but want shorter runs to grocery and the GO station should look at addresses closer to Milton's built-up edge, where every errand compresses considerably."
"not-refuted","shortreed-crescent-milton","-454","T1 town","polygon:Coates","town-compass","north","town","Milton","false","false","hero ld-place sec:about","the Coates neighbourhood in north Milton","Shortreed Crescent traces a quiet arc through the Coates neighbourhood in north Milton."
"not-refuted","crawford-crescent-milton","-24395","T1 town","polygon:Nassagaweya","town-compass","west","town","Milton","false","false","hero ld-place sec:about","the village-scale community at Milton's western edge","Crawford Crescent is a short residential crescent in Campbellville, the village-scale community at Milton's western edge."
"not-refuted","crawford-crescent-milton","-10503","T1 town","street","town-compass","west","town","Milton","false","false","sec:about","this is the far western flank","For anyone mapping Milton, this is the far western flank, not the centre."
"negated-not-judged","crawford-crescent-milton","","","","proximity","none","downtown","the centre","true","false","sec:about","not the centre","For anyone mapping Milton, this is the far western flank, not the centre."
"not-refuted","court-street-milton","-1403","T4 proximity (central)","polygon:Old Milton","proximity","none","downtown","Milton's centre","false","false","sec:homes","one of Milton's most central and storied areas","Detached homes on Court Street offer a foothold in one of Milton's most central and storied areas."
"not-refuted","detlor-heights-milton","-3079","T1 town","street","town-compass","west","town","Milton","false","false","sec:gettingAround","The street's western Milton placement","The street's western Milton placement means most of these runs head south or east rather than across town, and the drive to the highway rarely involves a long arterial crawl."
"not-refuted","coxe-boulevard-milton","-1757","T1 town","polygon:Timberlea","town-compass","north","town","Milton","false","false","hero ld-place sec:about","the Timberlea neighbourhood in north Milton","Coxe Boulevard runs through the Timberlea neighbourhood in north Milton."
"not-refuted","christie-circle-milton","-2051","T1 town","polygon:Beaty","town-compass","north","town","Milton","false","false","hero ld-place sec:about","a residential pocket in the north end of town","Christie Circle is a quiet loop in Milton's Beaty neighbourhood, a residential pocket in the north end of town."
"not-refuted","conservation-road-milton","-12973","T1 town","street","town-compass","west","town","Milton","false","false","hero ld-place sec:about","a rural road in the west of Milton","Conservation Road is a rural road in the west of Milton, sitting within the Rural Milton West area."
"not-refuted","conservation-road-milton","-12973","T1 town","street","town-compass","west","town","Milton","false","true","sec:about","the rural parcels of west Milton shaping the approach from almost every direction","The surrounding landscape is what frames daily life here, with the Niagara Escarpment and the rural parcels of west Milton shaping the approach from almost every direction."
"not-checkable","conservation-road-milton","","","","proximity","none","escarpment","the Niagara Escarpment","false","true","sec:about","with the Niagara Escarpment and the rural parcels of west Milton shaping the approach","The surrounding landscape is what frames daily life here, with the Niagara Escarpment and the rural parcels of west Milton shaping the approach from almost every direction."
"MISPLACED","crozier-crescent-milton","591","T1 town","polygon:Beaty","town-compass","west","town","Milton","false","false","hero ld-place","a pocket of west Milton","Crozier Crescent is a residential crescent in Milton's Beaty neighbourhood, a pocket of west Milton that sits between the town's older core and the newer growth pushing toward the escarpment."
"not-checkable","crozier-crescent-milton","","","","other-position","none","downtown","the town's older core and the newer growth pushing toward the escarpment","false","false","hero ld-place","sits between the town's older core and the newer growth pushing toward the escarpment","Crozier Crescent is a residential crescent in Milton's Beaty neighbourhood, a pocket of west Milton that sits between the town's older core and the newer growth pushing toward the escarpment."
"MISPLACED","clifford-point-milton","-144","T1 town","polygon:Ford","town-compass","northwest","town","Milton","false","false","hero ld-place sec:about","a residential pocket set within the town's growing northwest","Clifford Point is a quiet cul-de-sac in the Ford neighbourhood of Milton, a residential pocket set within the town's growing northwest."
"MISPLACED","first-line-milton","-2638","T1 town","street","town-compass","west","town","Milton","false","false","hero ld-place sec:about","runs through the rural west of Milton","First Line runs through the rural west of Milton, a stretch of countryside held within Campbellville, Moffat, and Rural Nassagaweya."
"not-checkable","first-line-milton","","","","edge-of-town","none","town","Milton","false","false","sec:about","where the town's edge gives way to working land","This is a road of open parcels and long views, where the town's edge gives way to working land and scattered residential holdings."
"MISPLACED","first-line-milton","-2638","T1 town","street","town-compass","west","town","Milton","false","false","sec:gettingAround","runs through Campbellville and the rural edge of west Milton","First Line runs through Campbellville and the rural edge of west Milton, and that position shapes how the street reaches the rest of the region."
"negated-not-judged","first-line-milton","","","","proximity","none","downtown","a town centre","true","false","sec:gettingAround","trades the walkability of a town centre","The street trades the walkability of a town centre for quick westbound access, and the drive times reflect that trade."
"not-refuted","geddes-landing-milton","-3247","T1 town","street","town-compass","west","town","Milton","false","false","sec:market","sits within Scott, on the west side of Milton","Geddes Landing sits within Scott, on the west side of Milton, and the street's recent trading record is essentially silent."
"not-refuted","geddes-landing-milton","-4273","T1 town","polygon:Scott","town-compass","west","town","Milton","false","false","sec:neighbourhoodComparable","one of Milton's larger west-side pockets","The neighbourhood is one of Milton's larger west-side pockets, well served by schools on both the public and Catholic sides, and its resale activity tends to be steadier and deeper than any single quiet street within it."
"not-refuted","geddes-landing-milton","-2142","T1 downtown","street","anchor-compass","west","downtown","Milton's older grid","false","false","sec:differentPriorities","might look east into Milton's older grid, where the housing stock predates the western build-out","Those drawn to more established streetscapes with mature trees might look east into Milton's older grid, where the housing stock predates the western build-out."
"not-refuted","donnelly-street-milton","-2051","T1 town","polygon:Beaty","town-compass","north","town","Milton","false","false","hero ld-place","the Beaty neighbourhood in Milton's north end","Donnelly Street runs through the Beaty neighbourhood in Milton's north end, a residential pocket shaped by the town's recent expansion."
"not-refuted","millside-drive-milton","-1397","T4 proximity (downtown)","polygon:Old Milton","proximity","none","downtown","the historic core of the town","false","false","hero ld-place sec:about","in Old Milton, the historic core of the town","Millside Drive is a short residential drive in Old Milton, the historic core of the town, where the street grid tightens around the older commercial spine and the residential blocks that grew up beside it."
"not-checkable","brush-road-milton","","","","anchor-compass","west","escarpment","the escarpment","false","false","hero ld-place sec:about","sits west of the escarpment","Brush Road is a residential street in Milton's Dempsey neighbourhood, a pocket of the town that sits west of the escarpment and north of the main commercial corridors."
"not-checkable","brush-road-milton","","","","anchor-compass","north","commercial-corridor","the main commercial corridors","false","false","hero ld-place sec:about","north of the main commercial corridors","Brush Road is a residential street in Milton's Dempsey neighbourhood, a pocket of the town that sits west of the escarpment and north of the main commercial corridors."
"not-refuted","miles-street-milton","-1397","T4 proximity (downtown)","polygon:Old Milton","proximity","none","downtown","the historic core of the town","false","false","hero ld-place sec:about","sits in Old Milton, the historic core of the town","Miles Street sits in Old Milton, the historic core of the town, where the street grid predates the subdivisions that now ring it."
"not-checkable","clements-drive-milton","","","","anchor-compass","west","escarpment","the escarpment","false","false","hero ld-place sec:about","sits west of the escarpment","Clements Drive is a residential street in Milton's Timberlea neighbourhood, a pocket of the town that sits west of the escarpment and north of the main commercial corridors."
"not-checkable","clements-drive-milton","","","","anchor-compass","north","commercial-corridor","the main commercial corridors","false","false","hero ld-place sec:about","north of the main commercial corridors","Clements Drive is a residential street in Milton's Timberlea neighbourhood, a pocket of the town that sits west of the escarpment and north of the main commercial corridors."
"MISPLACED","stearn-place-milton","-86","T1 town","polygon:Beaty","town-compass","northwest","town","Milton","false","false","hero ld-place sec:about","a residential pocket in the northwest of the town","Stearn Place is a short, quiet cul-de-sac in Milton's Beaty neighbourhood, a residential pocket in the northwest of the town."
"not-checkable","willow-avenue-milton","","","","proximity","none","commercial-corridor","the town's central corridors","false","false","sec:about","close to the town's central corridors","The street sits within a grid of similar lanes and crescents, close to the town's central corridors."
"not-checkable","wickson-way-milton","","","","anchor-compass","west","escarpment","the escarpment line","false","false","hero ld-place sec:about","sits west of the escarpment line","Wickson Way is a short residential way in Milton's Beaty neighbourhood, a pocket of the town that sits west of the escarpment line and north of the main east-west corridors."
"no-geometry","wickson-way-milton","","","","anchor-compass","north","road","the main east-west corridors","false","false","hero ld-place sec:about","north of the main east-west corridors","Wickson Way is a short residential way in Milton's Beaty neighbourhood, a pocket of the town that sits west of the escarpment line and north of the main east-west corridors."
"WRONG","wickson-way-milton","872","T1 town","street","town-compass","west","town","Milton","false","false","sec:gettingAround","a street this far west in Milton","For a street this far west in Milton, the highway and the station are the two facts that shape most of the getting-around."
"MISPLACED","fullum-landing-milton","-964","T1 town","polygon:Cobban","town-compass","west","town","Milton","false","false","hero ld-place sec:about","a pocket of the town's western edge","Fullum Landing is a residential street in Milton's Cobban neighbourhood, a pocket of the town's western edge where the street grid gives way to quieter residential blocks."
"MISPLACED","fullum-landing-milton","141","T1 downtown","polygon:Cobban","anchor-compass","west","downtown","the older core","false","true","sec:about","as Milton's growth pushed westward from the older core","The street sits within a community that has taken shape over the past decade as Milton's growth pushed westward from the older core."
"MISPLACED","fullum-landing-milton","-651","T1 town","street","town-compass","west","town","Milton","false","false","sec:gettingAround","Fullum Landing sits in Cobban, west Milton","Fullum Landing sits in Cobban, west Milton, and the position shapes the commute arithmetic."
"not-checkable","moira-crescent-milton","","","","anchor-compass","west","commercial-corridor","the commercial spine","false","false","hero ld-place sec:about","sits west of the commercial spine","Moira Crescent is a residential crescent in Milton's Bowes area, a pocket of the town that sits west of the commercial spine and north of the older settlement core."
"MISPLACED","moira-crescent-milton","-820","T1 downtown","polygon:Bowes","anchor-compass","north","downtown","the older settlement core","false","false","hero ld-place sec:about","north of the older settlement core","Moira Crescent is a residential crescent in Milton's Bowes area, a pocket of the town that sits west of the commercial spine and north of the older settlement core."
"not-checkable","tonelli-lane-milton","","","","proximity","none","other","the town's western amenities","false","false","sec:about","within easy reach of the town's western amenities","Its position places it within easy reach of the town's western amenities, yet the immediate surroundings feel distinctly residential."
"not-refuted","tonelli-lane-milton","-3026","T1 town","street","town-compass","west","town","Milton","false","true","sec:about","within easy reach of the town's western amenities","Its position places it within easy reach of the town's western amenities, yet the immediate surroundings feel distinctly residential."
"MISPLACED","havelock-garden-milton","-820","T1 downtown","polygon:Bowes","anchor-compass","north","downtown","the older settlement grid","false","false","hero ld-place sec:about","the older settlement grid to the south","Havelock Garden is a short residential street in Milton's Bowes area, a pocket of the town that fills the ground between the commercial spine of Derry Road and the older settlement grid to the south."
"not-refuted","havelock-garden-milton","-3060","T3 road","polygon:Bowes","anchor-compass","south","road","Derry Road","false","false","hero ld-place sec:about","between the commercial spine of Derry Road and the older settlement grid to the south","Havelock Garden is a short residential street in Milton's Bowes area, a pocket of the town that fills the ground between the commercial spine of Derry Road and the older settlement grid to the south."
"MISPLACED","dinsmore-drive-milton","591","T1 town","polygon:Beaty","town-compass","west","town","Milton","false","false","hero ld-place sec:about","a pocket of west Milton","Dinsmore Drive is a residential street in Milton's Beaty neighbourhood, a pocket of west Milton that fills the grid between the escarpment side of town and the commercial spine along Steeles Avenue."
"not-checkable","dinsmore-drive-milton","","","","other-position","none","escarpment","the escarpment side of town","false","false","hero ld-place sec:about","fills the grid between the escarpment side of town and the commercial spine along Steeles Avenue","Dinsmore Drive is a residential street in Milton's Beaty neighbourhood, a pocket of west Milton that fills the grid between the escarpment side of town and the commercial spine along Steeles Avenue."
"WRONG","dinsmore-drive-milton","1801","T1 town","street","town-compass","west","town","Milton","false","false","sec:gettingAround","a street this far west in Milton","For a street this far west in Milton, the highway and the station are the two facts that shape most trips."
"MISPLACED","ellenton-crescent-milton","-86","T1 town","polygon:Beaty","town-compass","northwest","town","Milton","false","false","hero ld-place sec:about","a residential pocket in the northwest of the town","Ellenton Crescent is a quiet, winding street in Milton's Beaty neighbourhood, a residential pocket in the northwest of the town."
"WRONG","holbrook-court-milton","1723","T1 town","polygon:Ford","town-compass","north","town","Milton","false","false","hero ld-place sec:about","a residential pocket in the town's north end","Holbrook Court is a quiet cul-de-sac in Milton's Ford neighbourhood, a residential pocket in the town's north end."
"not-checkable","holbrook-court-milton","","","","proximity","none","commercial-corridor","Main Street East","false","false","sec:about","close to the retail and services that line Thompson Road South and Main Street East","The court sits within a network of similarly scaled streets, close to the retail and services that line Thompson Road South and Main Street East."
"not-checkable","cahoun-terrace-milton","","","","anchor-compass","west","escarpment","the escarpment line","false","false","hero ld-place sec:about","sits west of the escarpment line","Cahoun Terrace is a short residential street in Milton's Coates neighbourhood, a pocket of the town that sits west of the escarpment line and north of the main east-west corridors."
"no-geometry","cahoun-terrace-milton","","","","anchor-compass","north","road","the main east-west corridors","false","false","hero ld-place sec:about","north of the main east-west corridors","Cahoun Terrace is a short residential street in Milton's Coates neighbourhood, a pocket of the town that sits west of the escarpment line and north of the main east-west corridors."
"not-checkable","hume-way-milton","","","","anchor-compass","west","escarpment","the escarpment","false","false","hero ld-place sec:about","sits west of the escarpment","Hume Way is a short residential street in Milton's Beaty neighbourhood, a pocket of the town that sits west of the escarpment and north of the main commercial corridors."
"not-checkable","hume-way-milton","","","","anchor-compass","north","commercial-corridor","the main commercial corridors","false","false","hero ld-place sec:about","north of the main commercial corridors","Hume Way is a short residential street in Milton's Beaty neighbourhood, a pocket of the town that sits west of the escarpment and north of the main commercial corridors."
"not-refuted","reid-side-road-milton","-11239","T1 town","street","town-compass","west","town","Milton","false","false","hero ld-place sec:about","a rural road in the western reach of Milton","Reid Side Road is a rural road in the western reach of Milton, sitting within the Rural Milton West area where the town gives way to open country."
"not-checkable","reid-side-road-milton","","","","edge-of-town","none","town","Milton","false","false","hero ld-place sec:about","where the town gives way to open country","Reid Side Road is a rural road in the western reach of Milton, sitting within the Rural Milton West area where the town gives way to open country."
"not-refuted","reid-side-road-milton","-9312","T1 downtown","street","anchor-compass","west","downtown","Milton's urban core","false","false","sec:about","Milton's urban core ... all sit a drive to the east","Milton's urban core, its GO Station, and its highway connections all sit a drive to the east."
"not-checkable","reid-side-road-milton","","","","anchor-compass","west","rail","Milton GO Station","false","false","sec:about","its GO Station ... all sit a drive to the east","Milton's urban core, its GO Station, and its highway connections all sit a drive to the east."
"no-geometry","reid-side-road-milton","","","","anchor-compass","west","road","its highway connections","false","false","sec:about","its highway connections all sit a drive to the east","Milton's urban core, its GO Station, and its highway connections all sit a drive to the east."
"not-refuted","robinwood-crescent-milton","-983","T4 proximity (downtown)","street","proximity","none","downtown","Milton's historic core","false","false","sec:about","proximity to Milton's historic core","For those who value proximity to Milton's historic core while enjoying a settled, leafy atmosphere, Robinwood Crescent offers a distinct address."
"not-refuted","robinwood-crescent-milton","-1397","T4 proximity (downtown)","polygon:Old Milton","proximity","none","downtown","downtown Milton","false","false","sec:neighbourhoodComparable","their proximity to parks, schools, and the convenience of downtown Milton","Homes in Old Milton tend to attract attention for their proximity to parks, schools, and the convenience of downtown Milton, and the sales data confirms that buyers are willing to pay a solid premium for that positioning."
"not-refuted","stringer-circle-milton","-4273","T1 town","polygon:Scott","town-compass","west","town","Milton","false","false","hero ld-place sec:about","a pocket of west Milton","Stringer Circle is a residential circle in Milton's Scott neighbourhood, a pocket of west Milton that sits between the town's established grid and its newer western edge."
"not-refuted","stringer-circle-milton","-2422","T1 downtown","polygon:Scott","anchor-compass","west","downtown","the town's established grid","false","false","hero ld-place sec:about","between the town's established grid and its newer western edge","Stringer Circle is a residential circle in Milton's Scott neighbourhood, a pocket of west Milton that sits between the town's established grid and its newer western edge."
"MISPLACED","leriche-way-milton","-959","T1 town","polygon:Bowes","town-compass","north","town","Milton","false","false","hero ld-place sec:about","the Bowes neighbourhood in Milton's north end","Leriche Way runs through the Bowes neighbourhood in Milton's north end, a residential street lined with a mix of townhomes and detached houses."
"not-checkable","doran-crescent-milton","","","","anchor-compass","west","commercial-corridor","the commercial spine","false","false","hero ld-place sec:about","sits west of the commercial spine","Doran Crescent is a quiet residential curve in Milton's Ford neighbourhood, a pocket of the town that sits west of the commercial spine and north of the older grid."
"WRONG","doran-crescent-milton","1863","T1 downtown","polygon:Ford","anchor-compass","north","downtown","the older grid","false","false","hero ld-place sec:about","north of the older grid","Doran Crescent is a quiet residential curve in Milton's Ford neighbourhood, a pocket of the town that sits west of the commercial spine and north of the older grid."
"not-checkable","brothers-crescent-milton","","","","anchor-compass","west","escarpment","the escarpment","false","false","hero ld-place sec:about","sits west of the escarpment","Brothers Crescent is a quiet residential crescent in Milton's Coates neighbourhood, a pocket of the town that sits west of the escarpment and north of the main commercial corridors."
"not-checkable","brothers-crescent-milton","","","","anchor-compass","north","commercial-corridor","the main commercial corridors","false","false","hero ld-place sec:about","north of the main commercial corridors","Brothers Crescent is a quiet residential crescent in Milton's Coates neighbourhood, a pocket of the town that sits west of the escarpment and north of the main commercial corridors."
"WRONG","john-street-milton","370","T3 road","street","anchor-compass","north","road","Main Street","false","false","sec:about","The street sits just north of Main Street","The street sits just north of Main Street, within walking distance of Milton's historic downtown core."
"not-refuted","john-street-milton","-1446","T4 proximity (downtown)","street","proximity","none","downtown","Milton's historic downtown core","false","false","sec:about","within walking distance of Milton's historic downtown core","The street sits just north of Main Street, within walking distance of Milton's historic downtown core."
"not-checkable","john-street-milton","","","","edge-of-town","none","town","Milton","false","false","sec:about","the newer subdivisions spreading across the town's periphery","Its compact scale and deep-rooted character set it apart from the newer subdivisions spreading across the town's periphery."
"not-refuted","whetham-heights-milton","-3636","T1 town","polygon:Harrison","town-compass","west","town","Milton","false","false","hero ld-place sec:about","a pocket that sits within the town's established western grid","Whetham Heights is a residential street in Milton's Harrison area, a pocket that sits within the town's established western grid."
"not-refuted","whetham-heights-milton","-2830","T1 town","street","town-compass","west","town","Milton","false","false","sec:about","For a buyer looking at Milton's west side, Whetham Heights sits","For a buyer looking at Milton's west side, Whetham Heights sits in a quiet, fully formed part of the town rather than at its expanding fringe."
"negated-not-judged","whetham-heights-milton","","","","edge-of-town","none","town","Milton","true","false","sec:about","rather than at its expanding fringe","For a buyer looking at Milton's west side, Whetham Heights sits in a quiet, fully formed part of the town rather than at its expanding fringe."
"not-refuted","syer-drive-milton","-1500","T1 town","polygon:Timberlea","town-compass","west","town","Milton","false","false","hero ld-place sec:about","a residential pocket in the town's western expanse","Syer Drive runs through the Timberlea neighbourhood of Milton, a residential pocket in the town's western expanse."
"not-refuted","syer-drive-milton","98","T1 town","street","town-compass","west","town","Milton","false","false","sec:about","a foothold in Milton's established west end, Syer Drive offers","For those seeking a foothold in Milton's established west end, Syer Drive offers a straightforward introduction to the area's residential landscape."
"MISPLACED","pollock-gate-milton","591","T1 town","polygon:Beaty","town-compass","west","town","Milton","false","false","hero ld-place sec:about","a pocket of the town's western edge","Pollock Gate is a short residential street in Milton's Beaty district, a pocket of the town's western edge where the street grid gives way to quieter internal roads."
"not-checkable","megson-terrace-milton","","","","other-position","none","escarpment","the escarpment edge","false","false","hero ld-place sec:about","fills the ground between the escarpment edge and the town's eastern approach","Megson Terrace sits in Willmott, the stretch of Milton that fills the ground between the escarpment edge and the town's eastern approach."
"not-checkable","sloan-drive-milton","","","","anchor-compass","west","escarpment","the escarpment","false","false","hero ld-place sec:about","sits west of the escarpment","Sloan Drive is a short residential street in Milton's Dempsey neighbourhood, a pocket of the town that sits west of the escarpment and north of the main east-west corridors."
"no-geometry","sloan-drive-milton","","","","anchor-compass","north","road","the main east-west corridors","false","false","hero ld-place sec:about","north of the main east-west corridors","Sloan Drive is a short residential street in Milton's Dempsey neighbourhood, a pocket of the town that sits west of the escarpment and north of the main east-west corridors."
"not-checkable","powys-street-milton","","","","anchor-compass","east","escarpment","the escarpment","false","false","hero ld-place","sits east of the escarpment","Powys Street is a residential street in Milton's Clarke area, a pocket of the town that sits east of the escarpment and west of the industrial lands along James Snow Parkway."
"not-checkable","powys-street-milton","","","","anchor-compass","west","other","the industrial lands along James Snow Parkway","false","false","hero ld-place","west of the industrial lands along James Snow Parkway","Powys Street is a residential street in Milton's Clarke area, a pocket of the town that sits east of the escarpment and west of the industrial lands along James Snow Parkway."
"untestable-beyond-road","gooch-crescent-milton","","T3 road","street","anchor-compass","east","road","Martin Street","false","false","sec:about","The crescent sits east of Martin Street","The crescent sits east of Martin Street, just north of the Milton GO line, and feels removed from the busier arterial roads."
"not-checkable","gooch-crescent-milton","","","","anchor-compass","north","rail","the Milton GO line","false","false","sec:about","just north of the Milton GO line","The crescent sits east of Martin Street, just north of the Milton GO line, and feels removed from the busier arterial roads."
"negated-not-judged","gooch-crescent-milton","","","","proximity","none","road","the busier arterial roads","true","true","sec:about","feels removed from the busier arterial roads","The crescent sits east of Martin Street, just north of the Milton GO line, and feels removed from the busier arterial roads."
"not-refuted","kelso-road-milton","-6884","T1 town","street","town-compass","west","town","Milton","false","false","hero ld-place sec:about","a rural road in Milton's west end","Kelso Road is a rural road in Milton's west end, sitting within the Rural Milton West area where the grid gives way to open country."
"not-checkable","kelso-road-milton","","","","anchor-compass","west","built-up-area","the built-up town","false","false","sec:market","sitting west of the built-up town","What the record does show is a street of detached houses in Rural Milton West, sitting west of the built-up town where the lots run larger and the spacing between homes is wider."
"no-geometry","moreau-lane-milton","","","","anchor-compass","west","road","the main north-south corridors","false","false","hero ld-place sec:about","sits west of the main north-south corridors","Moreau Lane is a short residential lane in Milton's Coates neighbourhood, a pocket of the town that sits west of the main north-south corridors and east of the greenbelt edge."
"not-checkable","moreau-lane-milton","","","","anchor-compass","east","water/park","the greenbelt edge","false","false","hero ld-place sec:about","east of the greenbelt edge","Moreau Lane is a short residential lane in Milton's Coates neighbourhood, a pocket of the town that sits west of the main north-south corridors and east of the greenbelt edge."
"negated-not-judged","moreau-lane-milton","","","","other-position","none","road","a main road","true","false","sec:about","without putting it on a main road","The street's position places it within reach of Milton's core amenities without putting it on a main road."
"not-checkable","broadway-avenue-milton","","","","proximity","none","downtown","Milton's downtown core","false","false","sec:about","It sits within easy reach of Milton's downtown core","It sits within easy reach of Milton's downtown core, where local shops, cafés, and services cluster along Main Street."
"WRONG","grey-landing-milton","2666","T1 town","street","town-compass","north","town","Milton","false","false","sec:about","The street sits in the northern part of town","The street sits in the northern part of town, where the grid gives way to winding crescents and cul-de-sacs."
"not-refuted","meadowland-crescent-milton","-24395","T1 town","polygon:Nassagaweya","town-compass","west","town","Milton","false","false","hero ld-place sec:about","the rural-edge community at the western reach of Milton","Meadowland Crescent is a residential crescent in Campbellville, the rural-edge community at the western reach of Milton."
"not-checkable","meadowland-crescent-milton","","","","anchor-compass","east","escarpment","the Niagara Escarpment country","false","false","sec:about","the Niagara Escarpment country begins almost immediately to the west","Campbellville's core is close by, and the Niagara Escarpment country begins almost immediately to the west."
"not-refuted","meadowland-crescent-milton","-10178","T1 town","street","town-compass","west","town","Milton","false","false","sec:gettingAround","For a crescent this far west","For a crescent this far west, the trade is straightforward: longer rail commutes, shorter drives to the lakefront towns."
"not-refuted","main-street-milton","-2000","T4 proximity (downtown)","street","proximity","none","downtown","the older heart of Milton","false","false","hero ld-place","Main Street runs through the older heart of Milton","Main Street runs through the older heart of Milton, threading the ground between Old Milton and the neighbourhoods that grew outward from it."
"not-checkable","main-street-milton","","","","other-position","none","neighbourhood","Old Milton","false","false","hero ld-place","threading the ground between Old Milton and the neighbourhoods that grew outward from it","Main Street runs through the older heart of Milton, threading the ground between Old Milton and the neighbourhoods that grew outward from it."
"not-refuted","kingsway-place-milton","-1397","T4 proximity (downtown)","polygon:Old Milton","proximity","none","downtown","the historic core of the town","false","false","hero ld-place sec:about","Old Milton, the historic core of the town","Kingsway Place is a short residential street in Old Milton, the historic core of the town where the grid is tight and the streets tend to end rather than run on."
"no-geometry","kingsway-place-milton","","","","anchor-compass","south","neighbourhood","Old Milton","false","false","sec:about","the subdivision boom to the south and east","Old Milton itself is the town's original settlement area, and its streets reflect that: narrower lots, mature trees, and a scale that predates the subdivision boom to the south and east."
"no-geometry","kingsway-place-milton","","","","anchor-compass","east","neighbourhood","Old Milton","false","false","sec:about","the subdivision boom to the south and east","Old Milton itself is the town's original settlement area, and its streets reflect that: narrower lots, mature trees, and a scale that predates the subdivision boom to the south and east."
"not-refuted","norris-circle-milton","-2039","T3 road","polygon:Beaty","anchor-compass","west","road","James Snow Parkway","false","false","hero ld-place sec:about","sits west of the James Snow Parkway corridor","Norris Circle is a residential circle in Milton's Beaty neighbourhood, a pocket of the town that sits west of the James Snow Parkway corridor and north of the Derry Road spine."
"not-refuted","norris-circle-milton","-8","T3 road","polygon:Beaty","anchor-compass","north","road","Derry Road","false","false","hero ld-place sec:about","north of the Derry Road spine","Norris Circle is a residential circle in Milton's Beaty neighbourhood, a pocket of the town that sits west of the James Snow Parkway corridor and north of the Derry Road spine."
"WRONG","norris-circle-milton","2494","T1 town","street","town-compass","west","town","Milton","false","false","sec:gettingAround","a street this far west in Milton","For a street this far west in Milton, the highway and the rail line do most of the heavy lifting."
"not-refuted","king-street-milton","-1397","T4 proximity (downtown)","polygon:Old Milton","proximity","none","downtown","the historic core of town","false","false","hero ld-place sec:about","Old Milton, the historic core of town","King Street is one of the older residential threads running through Old Milton, the historic core of town where the street grid predates the subdivisions that now ring it."
"not-checkable","king-street-milton","","","","other-position","none","neighbourhood","Old Milton","false","false","hero ld-place sec:about","the subdivisions that now ring it","King Street is one of the older residential threads running through Old Milton, the historic core of town where the street grid predates the subdivisions that now ring it."
"not-checkable","king-street-milton","","","","edge-of-town","none","town","Milton","false","false","sec:about","the newer growth on the town's periphery","Old Milton itself is a compact, established pocket, and King Street reads as part of that older fabric rather than the newer growth on the town's periphery."
"not-refuted","king-street-milton","-1724","T4 proximity (downtown)","street","proximity","none","downtown","the historic core","false","false","sec:homes","an established residential street within the historic core","What is clear is that King Street is an established residential street within the historic core, and its homes sit within the broader Old Milton market rather than apart from it."
"not-refuted","king-street-milton","-1397","T4 proximity (downtown)","polygon:Old Milton","proximity","none","downtown","the historic core of the town","false","false","sec:market","King Street sits within Old Milton, the historic core of the town","King Street sits within Old Milton, the historic core of the town, where the housing stock is predominantly older and the lot pattern is set."
"not-checkable","peacock-lane-milton","","","","anchor-compass","west","escarpment","the escarpment","false","false","hero ld-place sec:about","sits west of the escarpment","Peacock Lane is a short residential lane in Milton's Beaty neighbourhood, a pocket of the town that sits west of the escarpment and north of the main east-west corridors."
"no-geometry","peacock-lane-milton","","","","anchor-compass","north","road","the main east-west corridors","false","false","hero ld-place sec:about","north of the main east-west corridors","Peacock Lane is a short residential lane in Milton's Beaty neighbourhood, a pocket of the town that sits west of the escarpment and north of the main east-west corridors."
"not-checkable","peacock-lane-milton","","","","proximity","none","other","the town's western commercial and institutional anchors","false","false","sec:about","within easy reach of the town's western commercial and institutional anchors","The lane's position places it within easy reach of the town's western commercial and institutional anchors without sitting on top of them."
"no-geometry","peacock-lane-milton","","","","town-compass","west","town","Milton","false","false","sec:about","the town's western commercial and institutional anchors","The lane's position places it within easy reach of the town's western commercial and institutional anchors without sitting on top of them."
"WRONG","peacock-lane-milton","1726","T1 town","street","town-compass","west","town","Milton","false","false","sec:gettingAround","a street this far west in Milton","For a street this far west in Milton, the highway geometry is unusually direct: no crossing town, no backtracking."
"not-refuted","mcnabb-crescent-milton","78","T1 downtown","polygon:Dorset Park","anchor-compass","south","downtown","the core","false","false","hero ld-place sec:about","sits south of the core","McNabb Crescent is a short residential crescent in Milton's Dorset Park area, a pocket of the town that sits south of the core and east of the escarpment corridor."
"not-checkable","mcnabb-crescent-milton","","","","anchor-compass","east","escarpment","the escarpment corridor","false","false","hero ld-place sec:about","east of the escarpment corridor","McNabb Crescent is a short residential crescent in Milton's Dorset Park area, a pocket of the town that sits south of the core and east of the escarpment corridor."
"not-checkable","winn-trail-milton","","","","anchor-compass","east","escarpment","the escarpment","false","false","hero ld-place sec:about","sits east of the escarpment","Winn Trail is a residential street in Milton's Coates neighbourhood, a pocket of the town that sits east of the escarpment and west of the industrial lands along James Snow Parkway."
"not-checkable","winn-trail-milton","","","","anchor-compass","west","other","the industrial lands along James Snow Parkway","false","false","hero ld-place sec:about","west of the industrial lands along James Snow Parkway","Winn Trail is a residential street in Milton's Coates neighbourhood, a pocket of the town that sits east of the escarpment and west of the industrial lands along James Snow Parkway."
"not-refuted","winn-trail-milton","-790","T1 town","polygon:Coates","town-compass","west","town","Milton","false","false","faq","typical of Milton's newer west-end subdivisions","The surrounding Coates area is predominantly low-rise residential, with a blend of detached homes and townhomes typical of Milton's newer west-end subdivisions."
"not-refuted","winn-trail-milton","-790","T1 town","polygon:Coates","town-compass","west","town","Milton","false","false","faq","Coates, one of Milton's newer west-end residential areas","Winn Trail sits within Coates, one of Milton's newer west-end residential areas, so the surrounding streets are largely built out rather than actively under construction."
"not-refuted","bennett-boulevard-milton","-2051","T1 town","polygon:Beaty","town-compass","north","town","Milton","false","false","hero ld-place sec:about","the Beaty neighbourhood in Milton's north end","Bennett Boulevard runs through the Beaty neighbourhood in Milton's north end, a residential street lined with detached homes."
"not-checkable","lemieux-court-milton","","","","anchor-compass","west","commercial-corridor","the commercial spine","false","false","hero ld-place","sits west of the commercial spine","Lemieux Court is a short residential court in Milton's Ford area, a pocket of the town that sits west of the commercial spine and north of the Derry Road corridor."
"WRONG","lemieux-court-milton","1504","T3 road","polygon:Ford","anchor-compass","north","road","Derry Road","false","false","hero ld-place","north of the Derry Road corridor","Lemieux Court is a short residential court in Milton's Ford area, a pocket of the town that sits west of the commercial spine and north of the Derry Road corridor."
"not-checkable","barr-crescent-milton","","","","proximity","none","water/park","Beaty Neighbourhood Park - South","false","false","sec:amenities","Beaty Neighbourhood Park - South is also close","Beaty Neighbourhood Park - South is also close, adding to the network of trails and playgrounds that thread through the community."
"not-refuted","centennial-forest-drive-milton","-1757","T1 town","polygon:Timberlea","town-compass","north","town","Milton","false","false","hero ld-place sec:about","the Timberlea neighbourhood in Milton's north end","Centennial Forest Drive runs through the Timberlea neighbourhood in Milton's north end, a residential street lined with a mix of housing types."
"not-checkable","thimbleweed-court-milton","","","","proximity","none","road","the main thoroughfares that connect to Milton's core","false","false","sec:about","a few minutes' drive from the main thoroughfares that connect to Milton's core","Thimbleweed Court is a few minutes' drive from the main thoroughfares that connect to Milton's core, yet it retains a sense of separation from the busier arterial roads."
"not-checkable","thimbleweed-court-milton","","","","other-position","none","road","the busier arterial roads","false","false","sec:about","retains a sense of separation from the busier arterial roads","Thimbleweed Court is a few minutes' drive from the main thoroughfares that connect to Milton's core, yet it retains a sense of separation from the busier arterial roads."
"WRONG-reading-refuted","haws-crescent-milton","1610","T1 downtown","polygon:Clarke","anchor-compass","west","downtown","its historic core","false","true","hero ld-place sec:about","filled in steadily as Milton has grown westward and northward from its historic core","Haws Crescent is a residential crescent in Milton's Clarke neighbourhood, a pocket of the town that has filled in steadily as Milton has grown westward and northward from its historic core."
"MISPLACED","haws-crescent-milton","-2316","T1 downtown","polygon:Clarke","anchor-compass","north","downtown","its historic core","false","true","hero ld-place sec:about","filled in steadily as Milton has grown westward and northward from its historic core","Haws Crescent is a residential crescent in Milton's Clarke neighbourhood, a pocket of the town that has filled in steadily as Milton has grown westward and northward from its historic core."
"not-checkable","houston-drive-milton","","","","anchor-compass","east","escarpment","the escarpment","false","false","hero ld-place sec:about","sits east of the escarpment","Houston Drive is a short residential street in Milton's Clarke neighbourhood, a pocket of the town that sits east of the escarpment and north of the main commercial spine."
"not-checkable","houston-drive-milton","","","","anchor-compass","north","commercial-corridor","the main commercial spine","false","false","hero ld-place sec:about","north of the main commercial spine","Houston Drive is a short residential street in Milton's Clarke neighbourhood, a pocket of the town that sits east of the escarpment and north of the main commercial spine."
"not-checkable","eden-place-milton","","","","anchor-compass","west","escarpment","the escarpment","false","false","hero ld-place sec:about","sits west of the escarpment","Eden Place is a short residential street in Milton's Beaty neighbourhood, a pocket of the town that sits west of the escarpment and north of the main commercial corridors."
"not-checkable","eden-place-milton","","","","anchor-compass","north","commercial-corridor","the main commercial corridors","false","false","hero ld-place sec:about","north of the main commercial corridors","Eden Place is a short residential street in Milton's Beaty neighbourhood, a pocket of the town that sits west of the escarpment and north of the main commercial corridors."
"MISPLACED","chretien-street-milton","-2154","T1 town","street","town-compass","west","town","Milton","false","false","sec:gettingAround","a street this far west in Milton","For a street this far west in Milton, the highway and the station are the two anchors, and both are close enough that neither errand nor commute requires much planning."
"not-checkable","chretien-street-milton","","","","proximity","none","road","the highway","false","false","sec:gettingAround","the highway and the station are the two anchors, and both are close enough","For a street this far west in Milton, the highway and the station are the two anchors, and both are close enough that neither errand nor commute requires much planning."
"not-checkable","chretien-street-milton","","","","proximity","none","rail","the station","false","false","sec:gettingAround","the highway and the station are the two anchors, and both are close enough","For a street this far west in Milton, the highway and the station are the two anchors, and both are close enough that neither errand nor commute requires much planning."
"MISPLACED","primrose-crescent-milton","-3025","T1 town","polygon:Walker","town-compass","east","town","Milton","false","false","sec:about","Walker itself sits in Milton's eastern half","Walker itself sits in Milton's eastern half, within reach of the town's established commercial spine and the newer retail along the regional roads."
"not-checkable","primrose-crescent-milton","","","","proximity","none","commercial-corridor","the newer retail along the regional roads","false","false","sec:about","within reach of ... the newer retail along the regional roads","Walker itself sits in Milton's eastern half, within reach of the town's established commercial spine and the newer retail along the regional roads."
"not-checkable","orr-terrace-milton","","","","anchor-compass","west","escarpment","the escarpment","false","false","hero ld-place sec:about","a pocket of the town that sits west of the escarpment","Orr Terrace is a short residential street in Milton's Ford neighbourhood, a pocket of the town that sits west of the escarpment and north of the main east-west corridors."
"no-geometry","orr-terrace-milton","","","","anchor-compass","north","road","the main east-west corridors","false","false","hero ld-place sec:about","north of the main east-west corridors","Orr Terrace is a short residential street in Milton's Ford neighbourhood, a pocket of the town that sits west of the escarpment and north of the main east-west corridors."
"not-refuted","mccuaig-drive-milton","-2456","T1 town","polygon:Clarke","town-compass","north","town","Milton","false","false","hero ld-place sec:about","the Clarke neighbourhood in Milton's north end","McCuaig Drive runs through the Clarke neighbourhood in Milton's north end, a residential street lined with detached homes."
"not-refuted","rottenburg-court-milton","-2585","T1 town","polygon:Willmott","town-compass","west","town","Milton","false","false","hero ld-place sec:about","a pocket of the town's western growth corridor","Rottenburg Court is a small residential court in Milton's Willmott neighbourhood, a pocket of the town's western growth corridor where the street grid gives way to quieter, self-contained addresses."
"not-checkable","fifth-line-milton","","","","anchor-compass","north","built-up-area","Milton's built-up edge","false","false","hero ld-place sec:about","running through the countryside north of Milton's built-up edge","Fifth Line is a rural road running through the countryside north of Milton's built-up edge, threading together the three rural neighbourhoods of Rural Trafalgar, Rural Nassagaweya, and Rural Milton."
"not-checkable","fifth-line-milton","","","","proximity","none","downtown","Milton's town centre","false","false","sec:about","a position that keeps Milton's town centre within reach","The street's character comes from that setting: long views, low density, and a position that keeps Milton's town centre within reach while leaving the immediate surroundings agricultural."
"not-checkable","fifth-line-milton","","","","anchor-compass","north","built-up-area","the built-up area","false","false","sec:gettingAround","the position north of the built-up area","Peak times add their usual tax, but the position north of the built-up area keeps the first and last miles quiet."
"not-refuted","johnson-heights-milton","-790","T1 town","polygon:Coates","town-compass","west","town","Milton","false","false","hero ld-place sec:about","a pocket of the town's western grid","Johnson Heights is a residential street in Milton's Coates neighbourhood, a pocket of the town's western grid where the street pattern turns inward from the arterial roads."
"not-refuted","coates-drive-milton","-3319","T1 town","polygon:Dempsey","town-compass","north","town","Milton","false","false","hero ld-place sec:about","the Dempsey neighbourhood in Milton's north end","Coates Drive runs through the Dempsey neighbourhood in Milton's north end, a residential street that carries a quiet, established rhythm."
"no-geometry","coates-drive-milton","","","","proximity","none","downtown","Milton's downtown","false","true","faq","tend to look toward Milton's downtown-adjacent pockets","Buyers prioritizing older stock and mature trees tend to look toward Milton's downtown-adjacent pockets, while those wanting newer construction generally look further south and west."
"WRONG","english-mill-court-milton","1723","T1 town","polygon:Ford","town-compass","north","town","Milton","false","false","hero ld-place sec:about","a residential pocket in the town's northern reaches","English Mill Court is a quiet cul-de-sac in Milton's Ford neighbourhood, a residential pocket in the town's northern reaches."
"not-refuted","five-side-road-milton","-6133","T1 town","street","town-compass","north","town","Milton","false","false","sec:market","a clear position within north Milton","What the street does offer is a clear position within north Milton."
"not-refuted","five-side-road-milton","-5625","T1 downtown","street","anchor-compass","north","downtown","the core","false","false","sec:gettingAround","it is simply north of the core","Nothing about the position is remote; it is simply north of the core, which shapes which trips feel short and which do not."
"not-refuted","magnolia-terrace-milton","-4832","T1 town","polygon:Cobban","town-compass","south","town","Milton","false","false","hero ld-place sec:about","one of the newer quarters of Milton's southern grid","Magnolia Terrace sits in Cobban, one of the newer quarters of Milton's southern grid, where the street pattern runs tight and the housing stock is largely detached."
"not-checkable","clarkson-gate-milton","","","","anchor-compass","west","escarpment","the escarpment","false","false","hero ld-place sec:about","a pocket of the town that sits west of the escarpment","Clarkson Gate is a short residential street in Milton's Ford neighbourhood, a pocket of the town that sits west of the escarpment and north of the main east-west corridors."
"no-geometry","clarkson-gate-milton","","","","anchor-compass","north","road","the main east-west corridors","false","false","hero ld-place sec:about","north of the main east-west corridors","Clarkson Gate is a short residential street in Milton's Ford neighbourhood, a pocket of the town that sits west of the escarpment and north of the main east-west corridors."
"MISPLACED","bronson-terrace-milton","-2282","T1 town","street","town-compass","west","town","Milton","false","false","sec:gettingAround","The street's location in Milton's western reach","The street's location in Milton's western reach shapes the rhythm of getting around: the GO station and the highway onramp are both close, and the drive south to Mississauga or Burlington is short enough to feel routine."
"not-checkable","bronson-terrace-milton","","","","proximity","none","rail","the GO station","false","false","sec:gettingAround","the GO station and the highway onramp are both close","The street's location in Milton's western reach shapes the rhythm of getting around: the GO station and the highway onramp are both close, and the drive south to Mississauga or Burlington is short enough to feel routine."
"not-checkable","bronson-terrace-milton","","","","proximity","none","road","the highway onramp","false","false","sec:gettingAround","the GO station and the highway onramp are both close","The street's location in Milton's western reach shapes the rhythm of getting around: the GO station and the highway onramp are both close, and the drive south to Mississauga or Burlington is short enough to feel routine."
"MISPLACED","bronson-terrace-milton","-2282","T1 town","street","town-compass","west","town","Milton","false","false","faq","part of Milton's established western fabric","The street reads as part of Milton's established western fabric rather than a new-build enclave."
"not-refuted","amos-drive-milton","-12179","T1 town","street","town-compass","north","town","Milton","false","false","sec:market","in the rural northern reach of Milton","Amos Drive sits within Brookville/Haltonville, in the rural northern reach of Milton, closer in feel to Moffat and Campbellville than to the town's built-up subdivisions."
"not-checkable","jean-landing-milton","","","","anchor-compass","west","commercial-corridor","the main commercial corridors","false","false","hero ld-place sec:about","a pocket of the town that sits west of the main commercial corridors","Jean Landing is a quiet residential street in Milton's Ford neighbourhood, a pocket of the town that sits west of the main commercial corridors."
"not-refuted","leiterman-drive-milton","-2585","T1 town","polygon:Willmott","town-compass","west","town","Milton","false","false","hero ld-place sec:about","a pocket of the town's western grid","Leiterman Drive is a residential street in Milton's Willmott neighbourhood, a pocket of the town's western grid where the street pattern bends around a namesake park."
"MISPLACED","hepburn-road-milton","-361","T1 town","street","town-compass","west","town","Milton","false","false","hero ld-place sec:about","a residential street in Milton's west end","Hepburn Road is a residential street in Milton's west end, sitting where the Coates and Beaty neighbourhoods meet."
"not-checkable","hepburn-road-milton","","","","other-position","none","neighbourhood","Coates and Beaty","false","false","hero ld-place sec:about","sitting where the Coates and Beaty neighbourhoods meet","Hepburn Road is a residential street in Milton's west end, sitting where the Coates and Beaty neighbourhoods meet."
"MISPLACED","hepburn-road-milton","-361","T1 town","street","town-compass","west","town","Milton","false","false","sec:about","For a street this far west","For a street this far west, the daily errands stay close."
"MISPLACED","dalgleish-garden-milton","-98","T1 town","street","town-compass","east","town","Milton","false","false","hero ld-place sec:about","on the eastern side of Milton's built-up area","Dalgleish Garden is a short residential street in the Scott neighbourhood, on the eastern side of Milton's built-up area."
"MISPLACED","moonseed-place-milton","-964","T1 town","polygon:Cobban","town-compass","west","town","Milton","false","false","hero ld-place","a pocket of the town's western edge","Moonseed Place is a short residential street in Milton's Cobban neighbourhood, a pocket of the town's western edge where the street grid gives way to quieter residential loops."
"not-checkable","urell-way-milton","","","","anchor-compass","west","escarpment","the escarpment line","false","false","hero ld-place sec:about","sits west of the escarpment line","Urell Way is a short residential way in Milton's Harrison neighbourhood, a pocket of the town that sits west of the escarpment line and north of the older core."
"WRONG","urell-way-milton","1954","T1 downtown","polygon:Harrison","anchor-compass","north","downtown","the older core","false","false","hero ld-place sec:about","north of the older core","Urell Way is a short residential way in Milton's Harrison neighbourhood, a pocket of the town that sits west of the escarpment line and north of the older core."
"MISPLACED","hearns-place-milton","432","T1 town","polygon:Bowes","town-compass","west","town","Milton","false","false","hero ld-place sec:about","a pocket of west Milton","Hearns Place is a short residential street in Milton's Bowes area, a pocket of west Milton that sits between the older grid closer to downtown and the newer subdivisions pushing toward the escarpment."
"not-checkable","hearns-place-milton","","","","other-position","none","other","the older grid closer to downtown and the newer subdivisions pushing toward the escarpment","false","false","hero ld-place sec:about","sits between the older grid closer to downtown and the newer subdivisions pushing toward the escarpment","Hearns Place is a short residential street in Milton's Bowes area, a pocket of west Milton that sits between the older grid closer to downtown and the newer subdivisions pushing toward the escarpment."
"MISPLACED","storey-drive-milton","591","T1 town","polygon:Beaty","town-compass","west","town","Milton","false","false","hero ld-place sec:about","a pocket of west Milton","Storey Drive is a short residential street in Milton's Beaty neighbourhood, a pocket of west Milton that sits between the older grid closer to downtown and the newer subdivisions pushing toward the escarpment."
"not-checkable","storey-drive-milton","","","","other-position","none","other","the older grid closer to downtown and the newer subdivisions pushing toward the escarpment","false","false","hero ld-place sec:about","sits between the older grid closer to downtown and the newer subdivisions pushing toward the escarpment","Storey Drive is a short residential street in Milton's Beaty neighbourhood, a pocket of west Milton that sits between the older grid closer to downtown and the newer subdivisions pushing toward the escarpment."
"not-checkable","ambroise-crescent-milton","","","","anchor-compass","west","escarpment","the escarpment line","false","false","hero ld-place sec:about","sits west of the escarpment line","Ambroise Crescent is a short residential crescent in Milton's Coates neighbourhood, a pocket of the town that sits west of the escarpment line and south of the main east-west arteries."
"no-geometry","ambroise-crescent-milton","","","","anchor-compass","south","road","the main east-west arteries","false","false","hero ld-place sec:about","south of the main east-west arteries","Ambroise Crescent is a short residential crescent in Milton's Coates neighbourhood, a pocket of the town that sits west of the escarpment line and south of the main east-west arteries."
"not-checkable","mowat-lane-milton","","","","anchor-compass","west","escarpment","the escarpment","false","false","hero ld-place sec:about","sits west of the escarpment","Mowat Lane is a short residential lane in Milton's Dempsey neighbourhood, a pocket of the town that sits west of the escarpment and north of the main east-west corridors."
"no-geometry","mowat-lane-milton","","","","anchor-compass","north","road","the main east-west corridors","false","false","hero ld-place sec:about","north of the main east-west corridors","Mowat Lane is a short residential lane in Milton's Dempsey neighbourhood, a pocket of the town that sits west of the escarpment and north of the main east-west corridors."
"not-refuted","willingdon-crescent-milton","-2531","T1 downtown","polygon:Harrison","anchor-compass","west","downtown","the town's older core","false","false","hero ld-place sec:about","sits west of the town's older core","Willingdon Crescent is a short residential curve in Milton's Harrison area, a pocket that sits west of the town's older core and north of the main east-west corridors."
"no-geometry","willingdon-crescent-milton","","","","anchor-compass","north","road","the main east-west corridors","false","false","hero ld-place sec:about","north of the main east-west corridors","Willingdon Crescent is a short residential curve in Milton's Harrison area, a pocket that sits west of the town's older core and north of the main east-west corridors."
"not-checkable","cumming-boulevard-milton","","","","anchor-compass","west","escarpment","the escarpment","false","false","hero ld-place sec:about","sits west of the escarpment","Cumming Boulevard is a residential street in Milton's Clarke area, a pocket of the town that sits west of the escarpment and north of the main east-west corridors."
"no-geometry","cumming-boulevard-milton","","","","anchor-compass","north","road","the main east-west corridors","false","false","hero ld-place sec:about","north of the main east-west corridors","Cumming Boulevard is a residential street in Milton's Clarke area, a pocket of the town that sits west of the escarpment and north of the main east-west corridors."
"not-refuted","satok-crescent-milton","-1500","T1 town","polygon:Timberlea","town-compass","west","town","Milton","false","false","hero ld-place sec:about","a pocket of west Milton","Satok Crescent is a short residential crescent in Milton's Timberlea neighbourhood, a pocket of west Milton that sits between the town's established grid and the newer edges pushing outward."
"not-checkable","satok-crescent-milton","","","","other-position","none","other","the town's established grid and the newer edges pushing outward","false","false","hero ld-place sec:about","sits between the town's established grid and the newer edges pushing outward","Satok Crescent is a short residential crescent in Milton's Timberlea neighbourhood, a pocket of west Milton that sits between the town's established grid and the newer edges pushing outward."
"not-checkable","satok-crescent-milton","","","","proximity","none","rail","Milton GO Station","false","false","sec:about","sits within easy reach of the Milton GO Station","It sits within easy reach of the Milton GO Station, which shapes the daily rhythm for anyone commuting east."
"not-checkable","mcdermott-way-milton","","","","anchor-compass","west","escarpment","the escarpment","false","false","hero ld-place sec:about","sits west of the escarpment","McDermott Way is a short residential way in Milton's Beaty subdivision, a pocket of the town that sits west of the escarpment and north of the main commercial spine."
"not-checkable","mcdermott-way-milton","","","","anchor-compass","north","commercial-corridor","the main commercial spine","false","false","hero ld-place sec:about","north of the main commercial spine","McDermott Way is a short residential way in Milton's Beaty subdivision, a pocket of the town that sits west of the escarpment and north of the main commercial spine."
"not-checkable","mcdermott-way-milton","","","","proximity","none","road","the highway","false","false","sec:gettingAround","reaches the highway without crossing town","The street reaches the highway without crossing town, and that shapes how the western GTA opens up from here."
"not-refuted","pine-street-milton","-1815","T4 proximity (downtown)","street","proximity","none","downtown","the downtown commercial strip","false","false","sec:about","within walking distance of the downtown commercial strip","It sits within walking distance of the downtown commercial strip and the older institutional anchors that define this part of Milton."
"not-checkable","pine-street-milton","","","","proximity","none","other","the older institutional anchors","false","false","sec:about","within walking distance of ... the older institutional anchors","It sits within walking distance of the downtown commercial strip and the older institutional anchors that define this part of Milton."
"not-checkable","pine-street-milton","","","","proximity","none","water/park","Wakefield Park","false","false","sec:about","Spice Of Life Parkette and Wakefield Park are both a few minutes on foot","Spice Of Life Parkette and Wakefield Park are both a few minutes on foot, which gives the immediate surroundings a green edge unusual for a street this central."
"not-refuted","pine-street-milton","-1815","T4 proximity (central)","street","proximity","none","downtown","the centre of town","false","false","sec:about","a street this central","Spice Of Life Parkette and Wakefield Park are both a few minutes on foot, which gives the immediate surroundings a green edge unusual for a street this central."
"not-checkable","diefenbaker-street-milton","","","","anchor-compass","west","escarpment","the escarpment","false","false","hero ld-place sec:about","sits west of the escarpment","Diefenbaker Street is a residential street in Milton's Willmott neighbourhood, a pocket of the town that sits west of the escarpment and north of the main commercial spine."
"not-checkable","diefenbaker-street-milton","","","","anchor-compass","north","commercial-corridor","the main commercial spine","false","false","hero ld-place sec:about","north of the main commercial spine","Diefenbaker Street is a residential street in Milton's Willmott neighbourhood, a pocket of the town that sits west of the escarpment and north of the main commercial spine."
"not-refuted","diefenbaker-street-milton","-2585","T1 town","polygon:Willmott","town-compass","west","town","Milton","false","true","sec:about","the broader Willmott fabric that took shape as Milton expanded westward","The street is quiet and low-rise in character, part of the broader Willmott fabric that took shape as Milton expanded westward."
"not-checkable","maple-avenue-milton","","","","anchor-compass","east","escarpment","the escarpment","false","false","hero ld-place sec:about","the street grid runs east of the escarpment","Maple Avenue is a residential street in Milton's Dempsey and Dorset Park area, a part of town where the street grid runs east of the escarpment and south of the older core."
"MISPLACED","maple-avenue-milton","-304","T1 downtown","polygon:Dempsey","anchor-compass","south","downtown","the older core","false","false","hero ld-place sec:about","south of the older core","Maple Avenue is a residential street in Milton's Dempsey and Dorset Park area, a part of town where the street grid runs east of the escarpment and south of the older core."
"not-refuted","queen-street-milton","-1841","T4 proximity (central)","street","proximity","none","downtown","the centre of town","false","false","sec:about","despite its central location","Queen Street itself is lined with detached homes, and its compact scale keeps the street quiet despite its central location."
"not-refuted","queen-street-milton","-1841","T4 proximity (downtown)","street","proximity","none","downtown","Milton's original downtown district","false","false","sec:about","a foothold in Milton's original downtown district, this is the street to understand","For anyone seeking a foothold in Milton's original downtown district, this is the street to understand."
"not-checkable","bessborough-drive-milton","","","","anchor-compass","west","escarpment","the escarpment","false","false","hero ld-place sec:about","sits west of the escarpment","Bessborough Drive is a residential street in Milton's Harrison area, a pocket of the town that sits west of the escarpment and north of the older core."
"WRONG","bessborough-drive-milton","1954","T1 downtown","polygon:Harrison","anchor-compass","north","downtown","the older core","false","false","hero ld-place sec:about","north of the older core","Bessborough Drive is a residential street in Milton's Harrison area, a pocket of the town that sits west of the escarpment and north of the older core."
"MISPLACED","mcnair-circle-milton","591","T1 town","polygon:Beaty","town-compass","west","town","Milton","false","false","hero ld-place sec:about","a pocket of the town's western edge","McNair Circle is a residential circle in Milton's Beaty neighbourhood, a pocket of the town's western edge where the street grid loosens into crescents and courts."
"not-checkable","norrington-place-milton","","","","anchor-compass","west","commercial-corridor","the commercial spine","false","false","hero ld-place sec:about","sits west of the commercial spine","Norrington Place is a short residential street in Milton's Dempsey neighbourhood, a pocket of the town that sits west of the commercial spine and north of the older grid."
"not-refuted","norrington-place-milton","-3179","T1 downtown","polygon:Dempsey","anchor-compass","north","downtown","the older grid","false","false","hero ld-place sec:about","north of the older grid","Norrington Place is a short residential street in Milton's Dempsey neighbourhood, a pocket of the town that sits west of the commercial spine and north of the older grid."
"MISPLACED","marshall-crescent-milton","591","T1 town","polygon:Beaty","town-compass","west","town","Milton","false","false","hero ld-place sec:about","a pocket of west Milton","Marshall Crescent is a short residential crescent in Milton's Beaty neighbourhood, a pocket of west Milton that sits between Derry Road and the escarpment side of town."
"MISPLACED","marshall-crescent-milton","591","T1 town","polygon:Beaty","town-compass","west","town","Milton","false","true","sec:about","laid out in the years when the town's western edge was still filling in","Beaty itself is one of Milton's established subdivisions, laid out in the years when the town's western edge was still filling in, and Marshall Crescent reflects that pattern: a quiet curve rather than a through route, with no commercial frontage and no arterial traffic."
"MISPLACED","marshall-crescent-milton","591","T1 town","polygon:Beaty","town-compass","west","town","Milton","false","false","sec:market","a subdivision of Milton's western edge","What the street does offer is a settled position within Beaty, a subdivision of Milton's western edge where the housing stock is predominantly detached and the street pattern is curvilinear rather than grid."
"not-refuted","barclay-circle-milton","-1220","within-area","street","within-area-compass","west","neighbourhood","Beaty","false","false","sec:about","sits in the western part of the Beaty grid","The circle sits in the western part of the Beaty grid, a pocket of Milton where the street pattern turns inward rather than running straight through to the next concession."
"not-checkable","white-drive-milton","","","","anchor-compass","west","escarpment","the escarpment","false","false","hero ld-place sec:about","sits west of the escarpment","White Drive is a short residential street in Milton's Timberlea neighbourhood, a pocket of the town that sits west of the escarpment and north of the main commercial spine."
"not-checkable","white-drive-milton","","","","anchor-compass","north","commercial-corridor","the main commercial spine","false","false","hero ld-place sec:about","north of the main commercial spine","White Drive is a short residential street in Milton's Timberlea neighbourhood, a pocket of the town that sits west of the escarpment and north of the main commercial spine."
"not-refuted","bardoe-crescent-milton","-2422","T1 downtown","polygon:Scott","anchor-compass","west","downtown","the town's historic core","false","false","hero ld-place sec:about","sits west of the town's historic core","Bardoe Crescent is a short residential crescent in Milton's Scott area, a pocket that sits west of the town's historic core and north of the main east-west corridors."
"no-geometry","bardoe-crescent-milton","","","","anchor-compass","north","road","the main east-west corridors","false","false","hero ld-place sec:about","north of the main east-west corridors","Bardoe Crescent is a short residential crescent in Milton's Scott area, a pocket that sits west of the town's historic core and north of the main east-west corridors."
"not-checkable","bardoe-crescent-milton","","","","proximity","none","built-up-area","Milton's established fabric","false","false","sec:market","The street's position is central to Milton's established fabric","The street's position is central to Milton's established fabric, and its market behaviour is read through the neighbourhood around it rather than through activity on the crescent itself."
"not-refuted","dice-way-milton","-2585","T1 town","polygon:Willmott","town-compass","west","town","Milton","false","false","hero ld-place sec:about","a pocket of the town's western growth area","Dice Way is a short residential street in Milton's Willmott neighbourhood, a pocket of the town's western growth area where the street grid gives way to quieter interior roads."
"no-geometry","stokes-trail-milton","","","","proximity","none","downtown","Milton's core","false","false","sec:differentPriorities","newer subdivisions closer to Milton's core","Buyers exploring comparable options might weigh newer subdivisions closer to Milton's core, where schools and transit sit within a shorter drive, against the more established, rural feel of this area."
"not-checkable","wellwood-terrace-milton","","","","orientation","west","none","","false","false","sec:gettingAround","By car the street opens west and south more easily than east","By car the street opens west and south more easily than east."
"not-checkable","wellwood-terrace-milton","","","","orientation","south","none","","false","false","sec:gettingAround","By car the street opens west and south more easily than east","By car the street opens west and south more easily than east."
"MISPLACED","miltonbrook-crescent-milton","-602","T1 downtown","street","anchor-compass","west","downtown","the town's established core","false","false","sec:about","The crescent sits west of the town's established core","The crescent sits west of the town's established core, in a pocket of southwest Milton where the street grid gives way to quieter loops and courts."
"not-refuted","miltonbrook-crescent-milton","-2018","T1 town","street","town-compass","southwest","town","Milton","false","false","sec:about","in a pocket of southwest Milton","The crescent sits west of the town's established core, in a pocket of southwest Milton where the street grid gives way to quieter loops and courts."
"not-checkable","miltonbrook-crescent-milton","","","","other-position","none","neighbourhood","Willmott","false","false","sec:about","puts the broader Willmott area on one side and the town's western residential edge on the other","Its position puts the broader Willmott area on one side and the town's western residential edge on the other, with the escarpment country beyond."
"not-refuted","miltonbrook-crescent-milton","-1707","T1 town","street","town-compass","west","town","Milton","false","false","sec:about","the town's western residential edge on the other","Its position puts the broader Willmott area on one side and the town's western residential edge on the other, with the escarpment country beyond."
"not-refuted","miltonbrook-crescent-milton","-2404","T1 town","street","town-compass","south","town","Milton","false","false","sec:gettingAround","a crescent tucked into Milton's southern grid","For a crescent tucked into Milton's southern grid, the reach is broader than the address suggests."
"MISPLACED","tea-landing-milton","-964","T1 town","polygon:Cobban","town-compass","west","town","Milton","false","false","hero ld-place sec:about","a pocket of the town's western growth area","Tea Landing is a short residential street in Milton's Cobban neighbourhood, a pocket of the town's western growth area where the street grid is still filling in around it."
"not-refuted","derry-road-milton","-6863","T1 town","street","town-compass","north","town","Milton","false","false","hero ld-place sec:about","across the northern half of Milton","Derry Road runs east to west across the northern half of Milton, one of the longer arterial lines in the town's grid."
"not-checkable","derry-road-milton","","","","other-position","none","neighbourhood","Coates, Harrison, Scott, and Clarke","false","false","sec:about","The street touches Coates, Harrison, Scott, and Clarke","The street touches Coates, Harrison, Scott, and Clarke, and its western reach opens toward Campbellville and the rural lands beyond."
"untestable-orientation","derry-road-milton","","T3 road","polygon:Nassagaweya","anchor-compass","west","road","Derry Road","false","true","sec:about","its western reach opens toward Campbellville and the rural lands beyond","The street touches Coates, Harrison, Scott, and Clarke, and its western reach opens toward Campbellville and the rural lands beyond."
"not-refuted","derry-road-milton","-6863","T1 town","street","town-compass","north","town","Milton","false","false","sec:gettingAround","runs long and low across Milton's northern edge","Derry Road runs long and low across Milton's northern edge, which shapes the commute more than any single distance does."
"not-refuted","thompson-road-milton","-2940","T1 town","street","town-compass","north","town","Milton","false","false","hero ld-place sec:about","runs as a quiet residential artery through Milton's north end","Thompson Road runs as a quiet residential artery through Milton's north end, threading the neighbourhoods of Beaty, Coates, and Clarke."
"not-checkable","thompson-road-milton","","","","other-position","none","neighbourhood","Beaty, Coates, and Clarke","false","false","hero ld-place sec:about","threading the neighbourhoods of Beaty, Coates, and Clarke","Thompson Road runs as a quiet residential artery through Milton's north end, threading the neighbourhoods of Beaty, Coates, and Clarke."
"not-refuted","bond-head-court-milton","-4198","T1 town","street","town-compass","south","town","Milton","false","false","sec:about","south Milton, inside Ford","For anyone trying to place the street on a mental map of Milton, the answer is straightforward: south Milton, inside Ford, on a quiet residential court."
"not-refuted","milton-heights-crescent-milton","-5613","T1 downtown","polygon:Milton North","anchor-compass","north","downtown","the core","false","false","hero ld-place sec:about","a pocket of the town that sits north of the core","Milton Heights Crescent is a small residential crescent in Milton North, a pocket of the town that sits north of the core and west of the escarpment line."
"not-checkable","milton-heights-crescent-milton","","","","anchor-compass","west","escarpment","the escarpment line","false","false","hero ld-place sec:about","west of the escarpment line","Milton Heights Crescent is a small residential crescent in Milton North, a pocket of the town that sits north of the core and west of the escarpment line."
"not-refuted","milton-heights-crescent-milton","-4643","T1 town","street","town-compass","north","town","Milton","false","false","sec:gettingAround","For a street this far north","For a street this far north, the trade is straightforward: a longer Toronto commute in exchange for quick reach to the western employment centres."
"not-refuted","milton-heights-crescent-milton","-4643","T1 town","street","town-compass","north","town","Milton","false","false","faq","for a street this far north","It is a manageable airport commute for a street this far north."
"not-checkable","somerville-terrace-milton","","","","anchor-compass","west","escarpment","the escarpment","false","false","hero ld-place sec:about","sits west of the escarpment","Somerville Terrace is a short residential street in Milton's Beaty neighbourhood, a pocket of the town that sits west of the escarpment and north of the main commercial corridors."
"not-checkable","somerville-terrace-milton","","","","anchor-compass","north","commercial-corridor","the main commercial corridors","false","false","hero ld-place sec:about","north of the main commercial corridors","Somerville Terrace is a short residential street in Milton's Beaty neighbourhood, a pocket of the town that sits west of the escarpment and north of the main commercial corridors."
"not-refuted","newell-street-milton","-3608","T1 town","polygon:Dempsey","town-compass","east","town","Milton","false","false","hero ld-place sec:about","a residential pocket in Milton's east end","Newell Street sits in Dempsey, a residential pocket in Milton's east end."
"MISPLACED","restivo-lane-milton","-1225","T1 downtown","polygon:Ford","anchor-compass","west","downtown","the downtown core","false","false","hero ld-place","sits west of the downtown core","Restivo Lane is a short residential lane in Milton's Ford area, a pocket of the town that sits west of the downtown core and north of the escarpment lands."
"not-checkable","restivo-lane-milton","","","","anchor-compass","north","escarpment","the escarpment lands","false","false","hero ld-place","north of the escarpment lands","Restivo Lane is a short residential lane in Milton's Ford area, a pocket of the town that sits west of the downtown core and north of the escarpment lands."
"not-checkable","cedric-terrace-milton","","","","other-position","none","downtown","the older core and the newer subdivisions","false","false","hero ld-place sec:about","fills the space between the older core and the newer subdivisions pushing north and west","Cedric Terrace is a short residential street in Milton's Harrison area, a pocket of the town that fills the space between the older core and the newer subdivisions pushing north and west."
"no-geometry","cedric-terrace-milton","","","","anchor-compass","northwest","downtown","the older core","false","false","hero ld-place sec:about","the newer subdivisions pushing north and west","Cedric Terrace is a short residential street in Milton's Harrison area, a pocket of the town that fills the space between the older core and the newer subdivisions pushing north and west."
"not-refuted","cedric-terrace-milton","-3192","T1 town","street","town-compass","west","town","Milton","false","false","sec:gettingAround","For a west-end Milton address","For a west-end Milton address, that is the shape of the day for anyone heading into the core."
"MISPLACED","sauve-street-milton","-962","T1 town","polygon:Beaty","town-compass","southwest","town","Milton","false","false","hero ld-place sec:about","the Beaty district of southwest Milton","Sauve Street sits in the Beaty district of southwest Milton, a pocket of the town that took shape as the built area pushed west from the older core."
"WRONG","sauve-street-milton","1696","T1 downtown","polygon:Beaty","anchor-compass","west","downtown","the older core","false","false","hero ld-place sec:about","took shape as the built area pushed west from the older core","Sauve Street sits in the Beaty district of southwest Milton, a pocket of the town that took shape as the built area pushed west from the older core."
"not-checkable","marks-street-milton","","","","anchor-compass","west","escarpment","the escarpment","false","false","hero ld-place sec:about","sits west of the escarpment","Marks Street is a residential street in Milton's Harrison area, a pocket of the town that sits west of the escarpment and north of the main commercial spine."
"not-checkable","marks-street-milton","","","","anchor-compass","north","commercial-corridor","the main commercial spine","false","false","hero ld-place sec:about","north of the main commercial spine","Marks Street is a residential street in Milton's Harrison area, a pocket of the town that sits west of the escarpment and north of the main commercial spine."
"not-checkable","shanks-heights-milton","","","","anchor-compass","south","escarpment","the escarpment","false","false","hero ld-place sec:about","sits south of the escarpment","Shanks Heights is a residential street in Milton's Coates neighbourhood, a pocket of the town that sits south of the escarpment and west of the main commercial spine."
"not-checkable","shanks-heights-milton","","","","anchor-compass","west","commercial-corridor","the main commercial spine","false","false","hero ld-place sec:about","west of the main commercial spine","Shanks Heights is a residential street in Milton's Coates neighbourhood, a pocket of the town that sits south of the escarpment and west of the main commercial spine."
"MISPLACED","shanks-heights-milton","-353","T1 town","street","town-compass","west","town","Milton","false","false","sec:about","For a buyer looking at Milton's established west side, Shanks Heights occupies","For a buyer looking at Milton's established west side, Shanks Heights occupies a modest but well-connected position in the grid."
"MISPLACED","shanks-heights-milton","-353","T1 town","street","town-compass","west","town","Milton","false","false","sec:gettingAround","For a street this far west in Milton","For a street this far west in Milton, the highway and the station are the two relationships that shape the daily geography."
"not-refuted","redbud-garden-milton","-4832","T1 town","polygon:Cobban","town-compass","south","town","Milton","false","false","hero ld-place sec:about","one of Milton's newer growth areas on the town's southern edge","Redbud Garden is a short residential street in Cobban, one of Milton's newer growth areas on the town's southern edge."
"not-checkable","redbud-garden-milton","","","","proximity","none","rail","the station","false","false","sec:gettingAround","the station, the highway, and the western GTA towns all within a handful of minutes of the driveway","What the street offers is not one dominant corridor but a set of short hops: the station, the highway, and the western GTA towns all within a handful of minutes of the driveway."
"not-checkable","redbud-garden-milton","","","","proximity","none","road","the highway","false","false","sec:gettingAround","the station, the highway, and the western GTA towns all within a handful of minutes of the driveway","What the street offers is not one dominant corridor but a set of short hops: the station, the highway, and the western GTA towns all within a handful of minutes of the driveway."
"not-checkable","redbud-garden-milton","","","","proximity","none","other","the western GTA towns","false","false","sec:gettingAround","the station, the highway, and the western GTA towns all within a handful of minutes of the driveway","What the street offers is not one dominant corridor but a set of short hops: the station, the highway, and the western GTA towns all within a handful of minutes of the driveway."
"not-checkable","nipissing-road-milton","","","","proximity","none","neighbourhood","Old Milton","false","false","hero ld-place sec:about","close to the edge of Old Milton","Nipissing Road runs through the Timberlea area of Milton, close to the edge of Old Milton and the western rural fringe."
"not-refuted","nipissing-road-milton","-1173","T1 town","street","town-compass","west","town","Milton","false","false","hero ld-place sec:about","close to ... the western rural fringe","Nipissing Road runs through the Timberlea area of Milton, close to the edge of Old Milton and the western rural fringe."
"MISPLACED","hatt-court-milton","-144","T1 town","polygon:Ford","town-compass","northwest","town","Milton","false","false","hero ld-place sec:about","a residential pocket in the town's northwest","Hatt Court is a quiet cul-de-sac in Milton's Ford neighbourhood, a residential pocket in the town's northwest."
"not-checkable","oriole-court-milton","","","","other-position","none","town","Milton","false","false","sec:about","Oriole Court offers a central footing in one of Milton's older districts","For those who value proximity to schools and daily conveniences, Oriole Court offers a central footing in one of Milton's older districts."
"not-checkable","oriole-court-milton","","","","proximity","none","other","schools and daily conveniences","false","false","sec:about","For those who value proximity to schools and daily conveniences, Oriole Court offers","For those who value proximity to schools and daily conveniences, Oriole Court offers a central footing in one of Milton's older districts."
"not-checkable","watson-terrace-milton","","","","other-position","none","neighbourhood","Rural Milton West","false","false","hero ld-place sec:about","where the subdivision grid gives way to the open land of Rural Milton West","Watson Terrace is a short residential street in Milton's Beaty neighbourhood, sitting at the western edge of the town's built-up area where the subdivision grid gives way to the open land of Rural Milton West."
"not-checkable","auger-terrace-milton","","","","anchor-compass","west","escarpment","the escarpment","false","false","hero ld-place sec:about","sits west of the escarpment","Auger Terrace is a residential street in Milton's Beaty neighbourhood, a pocket of the town that sits west of the escarpment and north of the main commercial corridors."
"not-checkable","auger-terrace-milton","","","","anchor-compass","north","commercial-corridor","the main commercial corridors","false","false","hero ld-place sec:about","north of the main commercial corridors","Auger Terrace is a residential street in Milton's Beaty neighbourhood, a pocket of the town that sits west of the escarpment and north of the main commercial corridors."
"WRONG","riddell-crescent-milton","880","T1 town","street","town-compass","west","town","Milton","false","false","sec:about","It sits within a pocket of west Milton","It sits within a pocket of west Milton where the street pattern turns inward, and the addresses along it are almost entirely townhouse in form."
"not-refuted","chuchmach-close-milton","-2585","T1 town","polygon:Willmott","town-compass","west","town","Milton","false","false","hero ld-place sec:about","a pocket of the town that took shape on the west side of the grid","Chuchmach Close is a short residential close in Milton's Willmott neighbourhood, a pocket of the town that took shape on the west side of the grid as the community pushed outward from the older core."
"MISPLACED","chuchmach-close-milton","-1012","T1 downtown","street","anchor-compass","west","downtown","the historic downtown","false","false","sec:about","the close sits west of the historic downtown","For anyone mapping Milton, the close sits west of the historic downtown and within the band of newer residential development that defines this side of the community."
"not-checkable","biggar-heights-milton","","","","anchor-compass","west","escarpment","the escarpment","false","false","hero ld-place sec:about","fills the grid west of the escarpment","Biggar Heights is a short residential street in Milton's Coates neighbourhood, a pocket of the town that fills the grid west of the escarpment and south of the main commercial corridors."
"not-checkable","biggar-heights-milton","","","","anchor-compass","south","commercial-corridor","the main commercial corridors","false","false","hero ld-place sec:about","south of the main commercial corridors","Biggar Heights is a short residential street in Milton's Coates neighbourhood, a pocket of the town that fills the grid west of the escarpment and south of the main commercial corridors."
"not-checkable","panton-trail-milton","","","","anchor-compass","east","escarpment","the escarpment","false","false","hero ld-place sec:about","sits east of the escarpment","Panton Trail is a residential street in Milton's Dempsey district, a pocket of the town that sits east of the escarpment and north of the main commercial spine."
"not-checkable","panton-trail-milton","","","","anchor-compass","north","commercial-corridor","the main commercial spine","false","false","hero ld-place sec:about","north of the main commercial spine","Panton Trail is a residential street in Milton's Dempsey district, a pocket of the town that sits east of the escarpment and north of the main commercial spine."
"not-checkable","bowring-crescent-milton","","","","anchor-compass","west","escarpment","the escarpment line","false","false","hero ld-place sec:about","sits west of the escarpment line","Bowring Crescent is a residential crescent in Milton's Beaty neighbourhood, a pocket of the town that sits west of the escarpment line and north of the main east-west arteries."
"no-geometry","bowring-crescent-milton","","","","anchor-compass","north","road","the main east-west arteries","false","false","hero ld-place sec:about","north of the main east-west arteries","Bowring Crescent is a residential crescent in Milton's Beaty neighbourhood, a pocket of the town that sits west of the escarpment line and north of the main east-west arteries."
"not-checkable","bastedo-court-milton","","","","other-position","none","downtown","the town's older core","false","false","sec:about","positioned between the town's older core and the newer growth pushing outward","Dorset Park itself is an established part of Milton, positioned between the town's older core and the newer growth pushing outward, and Bastedo Court reads as one small piece of that longer-settled fabric."
"not-checkable","stirling-todd-terrace-milton","","","","anchor-compass","west","escarpment","the escarpment","false","false","hero ld-place sec:about","sits west of the escarpment","Stirling Todd Terrace is a short residential terrace in Milton's Bowes area, a pocket of the town that sits west of the escarpment and north of the main east-west corridors."
"no-geometry","stirling-todd-terrace-milton","","","","anchor-compass","north","road","the main east-west corridors","false","false","hero ld-place sec:about","north of the main east-west corridors","Stirling Todd Terrace is a short residential terrace in Milton's Bowes area, a pocket of the town that sits west of the escarpment and north of the main east-west corridors."
"MISPLACED","buckeye-court-milton","-964","T1 town","polygon:Cobban","town-compass","west","town","Milton","false","false","hero ld-place sec:about","has filled in steadily as the western edge has grown","Buckeye Court is a short residential court in Milton's Cobban neighbourhood, a pocket of the town that has filled in steadily as the western edge has grown."
"not-checkable","buckeye-court-milton","","","","proximity","none","water/park","the Willmott park network","false","false","sec:market","close to ... the Willmott park network","The street sits within Cobban, close to Coates Neighbourhood Park North and the Willmott park network, and its position within that broader market is what a reader should weigh."
"not-refuted","pineridge-drive-milton","-18585","T1 downtown","street","anchor-compass","north","downtown","the town centre","false","false","hero ld-place sec:about","set well north of the town centre","Pineridge Drive is a rural residential road in the Rural Nassagaweya area of Milton, set well north of the town centre where the street grid gives way to open country."
"not-checkable","abbott-street-milton","","","","anchor-compass","west","commercial-corridor","the commercial spine","false","false","hero ld-place sec:about","sits west of the commercial spine","Abbott Street is a short residential street in Milton's Dempsey neighbourhood, a pocket of the town that sits west of the commercial spine and north of the older grid."
"not-refuted","abbott-street-milton","-3179","T1 downtown","polygon:Dempsey","anchor-compass","north","downtown","the older grid","false","false","hero ld-place sec:about","north of the older grid","Abbott Street is a short residential street in Milton's Dempsey neighbourhood, a pocket of the town that sits west of the commercial spine and north of the older grid."
"MISPLACED","wilks-landing-milton","166","T1 town","street","town-compass","west","town","Milton","false","false","sec:about","sits in the western residential belt","For anyone learning the town's geography, Wilks Landing sits in the western residential belt, removed from the older downtown core and oriented instead toward the newer amenities that grew up alongside it."
"negated-not-judged","wilks-landing-milton","","","","proximity","none","downtown","the older downtown core","true","false","sec:about","removed from the older downtown core","For anyone learning the town's geography, Wilks Landing sits in the western residential belt, removed from the older downtown core and oriented instead toward the newer amenities that grew up alongside it."
"MISPLACED","wilks-landing-milton","166","T1 town","street","town-compass","west","town","Milton","false","false","sec:gettingAround","a street this far west in Milton","For a street this far west in Milton, the highway and the station are the two relationships that shape the week."
"not-checkable","pringle-avenue-milton","","","","anchor-compass","north","escarpment","the escarpment country","false","false","hero ld-place sec:about","within reach of the escarpment country to the south","Pringle Avenue is a residential street in Milton's Scott neighbourhood, a pocket of the town that sits within reach of the escarpment country to the south and the established grid to the north."
"not-refuted","pringle-avenue-milton","-3022","T1 downtown","polygon:Scott","anchor-compass","south","downtown","the established grid","false","false","hero ld-place sec:about","the established grid to the north","Pringle Avenue is a residential street in Milton's Scott neighbourhood, a pocket of the town that sits within reach of the escarpment country to the south and the established grid to the north."
"MISPLACED","hickory-crescent-milton","-964","T1 town","polygon:Cobban","town-compass","west","town","Milton","false","true","hero ld-place sec:about","now reads as one of its more settled western edges","Hickory Crescent is a short residential crescent in Milton's Cobban neighbourhood, a pocket of the town that has filled in steadily over the past decade and now reads as one of its more settled western edges."
"WRONG","ramsey-place-milton","1723","T1 town","polygon:Ford","town-compass","north","town","Milton","false","false","hero ld-place","a residential pocket in the city's north end","Ramsey Place is a quiet cul-de-sac in Milton's Ford neighbourhood, a residential pocket in the city's north end."
"not-checkable","snider-terrace-milton","","","","anchor-compass","west","escarpment","the escarpment","false","false","hero ld-place sec:about","sits west of the escarpment","Snider Terrace is a short residential street in Milton's Coates neighbourhood, a pocket of the town that sits west of the escarpment and north of the main commercial corridors."
"not-checkable","snider-terrace-milton","","","","anchor-compass","north","commercial-corridor","the main commercial corridors","false","false","hero ld-place sec:about","north of the main commercial corridors","Snider Terrace is a short residential street in Milton's Coates neighbourhood, a pocket of the town that sits west of the escarpment and north of the main commercial corridors."
"not-checkable","kitchen-court-milton","","","","anchor-compass","west","escarpment","the escarpment line","false","false","hero ld-place","sits west of the escarpment line","Kitchen Court is a short residential court in Milton's Walker neighbourhood, a pocket of the town that sits west of the escarpment line and north of the main east-west arterials."
"no-geometry","kitchen-court-milton","","","","anchor-compass","north","road","the main east-west arterials","false","false","hero ld-place","north of the main east-west arterials","Kitchen Court is a short residential court in Milton's Walker neighbourhood, a pocket of the town that sits west of the escarpment line and north of the main east-west arterials."
"not-checkable","dills-crescent-milton","","","","anchor-compass","west","escarpment","the escarpment","false","false","hero ld-place sec:about","sits west of the escarpment","Dills Crescent is a short residential crescent in the Dempsey neighbourhood of Milton, a pocket of the town that sits west of the escarpment and north of the main commercial corridor."
"not-checkable","dills-crescent-milton","","","","anchor-compass","north","commercial-corridor","the main commercial corridor","false","false","hero ld-place sec:about","north of the main commercial corridor","Dills Crescent is a short residential crescent in the Dempsey neighbourhood of Milton, a pocket of the town that sits west of the escarpment and north of the main commercial corridor."
"MISPLACED","dills-crescent-milton","-604","T1 town","street","town-compass","west","town","Milton","false","false","sec:about","it belongs to the town's western residential fabric","For a reader trying to place Dills Crescent in the Milton map, it belongs to the town's western residential fabric, not the newer edge."
"negated-not-judged","dills-crescent-milton","","","","edge-of-town","none","town","Milton","true","false","sec:about","not the newer edge","For a reader trying to place Dills Crescent in the Milton map, it belongs to the town's western residential fabric, not the newer edge."
"not-checkable","bowell-crescent-milton","","","","anchor-compass","west","escarpment","the escarpment ridge","false","false","hero ld-place sec:about","sits west of the escarpment ridge","Bowell Crescent is a residential curve in Milton's Ford area, a pocket of the town that sits west of the escarpment ridge and north of the main east-west arteries."
"no-geometry","bowell-crescent-milton","","","","anchor-compass","north","road","the main east-west arteries","false","false","hero ld-place sec:about","north of the main east-west arteries","Bowell Crescent is a residential curve in Milton's Ford area, a pocket of the town that sits west of the escarpment ridge and north of the main east-west arteries."
"not-refuted","etherington-way-milton","-4122","T1 town","polygon:Harrison","town-compass","southwest","town","Milton","false","false","hero ld-place sec:about","a residential pocket in the town's established southwest","Etherington Way sits in the Harrison neighbourhood of Milton, a residential pocket in the town's established southwest."
"not-checkable","thornborrow-court-milton","","","","anchor-compass","west","escarpment","the escarpment line","false","false","hero ld-place","sits west of the escarpment line","Thornborrow Court is a short residential court in Milton's Walker neighbourhood, a pocket of the town that sits west of the escarpment line and north of the main commercial spine."
"not-checkable","thornborrow-court-milton","","","","anchor-compass","north","commercial-corridor","the main commercial spine","false","false","hero ld-place","north of the main commercial spine","Thornborrow Court is a short residential court in Milton's Walker neighbourhood, a pocket of the town that sits west of the escarpment line and north of the main commercial spine."
"not-refuted","asleton-boulevard-milton","-2585","T1 town","polygon:Willmott","town-compass","west","town","Milton","false","false","hero ld-place sec:about","a district that has filled in steadily on the town's western side","Asleton Boulevard is a residential street in Milton's Willmott neighbourhood, a district that has filled in steadily on the town's western side."
"not-refuted","chamomile-crescent-milton","-3127","T1 town","street","town-compass","west","town","Milton","false","false","faq","part of Milton's settled western fabric","The detached homes here are part of Milton's settled western fabric."
"not-refuted","churchill-avenue-milton","-457","T1 downtown","polygon:Dorset Park","anchor-compass","west","downtown","the town's historic core","false","false","hero ld-place","sits west of the town's historic core","Churchill Avenue is a residential street in Milton's Dorset Park, a neighbourhood that sits west of the town's historic core and north of the main east-west corridors."
"no-geometry","churchill-avenue-milton","","","","anchor-compass","north","road","the main east-west corridors","false","false","hero ld-place","north of the main east-west corridors","Churchill Avenue is a residential street in Milton's Dorset Park, a neighbourhood that sits west of the town's historic core and north of the main east-west corridors."
"no-geometry","taylor-court-milton","","","","proximity","none","downtown","Milton's core","false","false","sec:differentPriorities","streets closer to Milton's core","If a shorter drive to the GO station or more walkable schools matters more, you might look at streets closer to Milton's core, where lots tend to be tighter but daily errands need less driving."
"no-geometry","taylor-court-milton","","","","anchor-compass","east","neighbourhood","Brookville / Haltonville","false","false","sec:differentPriorities","Newer subdivisions farther east","Newer subdivisions farther east often offer more uniform construction and larger frontages, though they trade away some of the established feel this pocket carries."
"not-checkable","racey-trail-milton","","","","anchor-compass","west","escarpment","the escarpment","false","false","hero ld-place sec:about","sits west of the escarpment","Racey Trail is a residential street in Milton's Clarke neighbourhood, a pocket of the town that sits west of the escarpment and north of the main commercial spine."
"not-checkable","racey-trail-milton","","","","anchor-compass","north","commercial-corridor","the main commercial spine","false","false","hero ld-place sec:about","north of the main commercial spine","Racey Trail is a residential street in Milton's Clarke neighbourhood, a pocket of the town that sits west of the escarpment and north of the main commercial spine."
"no-geometry","racey-trail-milton","","","","anchor-compass","south","neighbourhood","Clarke","false","false","sec:about","the newest subdivisions to the south and east","Clarke itself is one of Milton's more established residential areas, with a mix of housing types and a street pattern that predates the newest subdivisions to the south and east."
"no-geometry","racey-trail-milton","","","","anchor-compass","east","neighbourhood","Clarke","false","false","sec:about","the newest subdivisions to the south and east","Clarke itself is one of Milton's more established residential areas, with a mix of housing types and a street pattern that predates the newest subdivisions to the south and east."
"not-refuted","gordon-krantz-avenue-milton","-3783","T1 town","polygon:Walker","town-compass","west","town","Milton","false","false","hero ld-place sec:about","the Walker neighbourhood on Milton's western edge","Gordon Krantz Avenue runs through the Walker neighbourhood on Milton's western edge, where the town's newer residential fabric meets the open land of Rural Milton."
"not-checkable","gordon-krantz-avenue-milton","","","","other-position","none","other","Rural Milton","false","false","hero ld-place sec:about","where the town's newer residential fabric meets the open land of Rural Milton","Gordon Krantz Avenue runs through the Walker neighbourhood on Milton's western edge, where the town's newer residential fabric meets the open land of Rural Milton."
"not-checkable","gordon-krantz-avenue-milton","","","","other-position","west","other","Rural Milton","false","false","sec:gettingAround","The street's western edge touches Rural Milton","The street's western edge touches Rural Milton, so the drive out of town is quick."
"not-refuted","clitherow-street-milton","-2330","T1 town","polygon:Ford","town-compass","west","town","Milton","false","false","hero ld-place sec:about","the Ford neighbourhood on Milton's western edge","Clitherow Street sits in the Ford neighbourhood on Milton's western edge, a residential run of detached homes and townhouses set among the town's newer subdivisions."
"not-checkable","clitherow-street-milton","","","","anchor-compass","north","other","the commuter corridor","false","false","sec:about","the commuter corridor to the south","The street's rhythm is shaped by its position between the commuter corridor to the south and the residential grid that fills out this part of town."
"not-checkable","clitherow-street-milton","","","","other-position","none","other","the commuter corridor and the residential grid","false","false","sec:about","its position between the commuter corridor to the south and the residential grid","The street's rhythm is shaped by its position between the commuter corridor to the south and the residential grid that fills out this part of town."
"MISPLACED","clitherow-street-milton","-1573","T1 town","street","town-compass","west","town","Milton","false","false","sec:gettingAround","For a street this far west","For a street this far west, the commute math holds up well against most of Milton."
"not-refuted","commercial-street-milton","-1868","T4 proximity (downtown)","street","proximity","none","downtown","the historic core","false","false","sec:about","sits close to the historic core","The street sits close to the historic core, where the grid narrows and the pace slows."
"not-refuted","commercial-street-milton","-1868","T4 proximity (central)","street","proximity","none","downtown","the town's beginnings","false","false","sec:about","a quiet lane in the middle of the town's beginnings","Commercial Street is the kind of address that feels central without being busy, a quiet lane in the middle of the town's beginnings."
"not-checkable","commercial-street-milton","","","","proximity","none","neighbourhood","Old Milton","false","false","sec:homes","a central Old Milton location","For buyers seeking a traditional detached house in a central Old Milton location, Commercial Street offers a narrow but genuine slice of that market."
"MISPLACED","chestnut-heights-milton","-964","T1 town","polygon:Cobban","town-compass","west","town","Milton","false","false","hero ld-place sec:about","a pocket of the town's western growth edge","Chestnut Heights sits in Milton's Cobban district, a pocket of the town's western growth edge where the street network still reads as new."
"MISPLACED","elsworthy-crossing-milton","-317","T1 town","polygon:Clarke","town-compass","west","town","Milton","false","true","hero ld-place","has filled in steadily as Milton has grown westward","Elsworthy Crossing is a residential street in Milton's Clarke neighbourhood, a pocket of the town that has filled in steadily as Milton has grown westward."
"not-refuted","frobisher-boulevard-milton","78","T1 downtown","polygon:Dorset Park","anchor-compass","south","downtown","the core","false","false","hero ld-place sec:about","sits south of the core","Frobisher Boulevard is a residential street in Milton's Dorset Park area, a pocket of the town that sits south of the core and east of the escarpment line."
"not-checkable","frobisher-boulevard-milton","","","","anchor-compass","east","escarpment","the escarpment line","false","false","hero ld-place sec:about","east of the escarpment line","Frobisher Boulevard is a residential street in Milton's Dorset Park area, a pocket of the town that sits south of the core and east of the escarpment line."
"MISPLACED","frobisher-boulevard-milton","358","T1 town","street","town-compass","south","town","Milton","false","false","sec:market","a settled position within south Milton","What the street does offer is a settled position within south Milton."
"MISPLACED","dixon-drive-milton","-304","T1 town","polygon:Dempsey","town-compass","south","town","Milton","false","false","hero ld-place sec:about","one of Milton's established residential pockets on the town's southern side","Dixon Drive sits in Dempsey, one of Milton's established residential pockets on the town's southern side."
"not-refuted","ruhl-drive-milton","-2585","T1 town","polygon:Willmott","town-compass","west","town","Milton","false","false","hero ld-place sec:about","a district that has filled in steadily on the town's western side","Ruhl Drive is a residential street in Milton's Willmott neighbourhood, a district that has filled in steadily on the town's western side."
"not-refuted","ruhl-drive-milton","-2264","T1 town","street","town-compass","west","town","Milton","false","false","sec:gettingAround","For a street this far west in Milton","For a street this far west in Milton, the highway and the station are the two anchors that shape the daily rhythm."
"not-refuted","briar-crescent-milton","78","T1 downtown","polygon:Dorset Park","anchor-compass","south","downtown","the core","false","false","hero ld-place sec:about","sits south of the core","Briar Crescent is a short residential crescent in Milton's Dorset Park, a pocket of the town that sits south of the core and east of the escarpment line."
"not-checkable","briar-crescent-milton","","","","anchor-compass","east","escarpment","the escarpment line","false","false","hero ld-place sec:about","east of the escarpment line","Briar Crescent is a short residential crescent in Milton's Dorset Park, a pocket of the town that sits south of the core and east of the escarpment line."
"not-checkable","goodwin-crescent-milton","","","","anchor-compass","west","escarpment","the escarpment line","false","false","hero ld-place sec:about","sits west of the escarpment line","Goodwin Crescent is a residential crescent in Milton's Ford neighbourhood, a pocket of the town that sits west of the escarpment line and north of the main east-west arterials."
"no-geometry","goodwin-crescent-milton","","","","anchor-compass","north","road","the main east-west arterials","false","false","hero ld-place sec:about","north of the main east-west arterials","Goodwin Crescent is a residential crescent in Milton's Ford neighbourhood, a pocket of the town that sits west of the escarpment line and north of the main east-west arterials."
"not-checkable","muskoka-heights-milton","","","","anchor-compass","west","escarpment","the escarpment","false","false","hero ld-place sec:about","sits west of the escarpment","Muskoka Heights is a residential street in Milton's Bowes area, a pocket of the town that sits west of the escarpment and north of the main east-west corridors."
"no-geometry","muskoka-heights-milton","","","","anchor-compass","north","road","the main east-west corridors","false","false","hero ld-place sec:about","north of the main east-west corridors","Muskoka Heights is a residential street in Milton's Bowes area, a pocket of the town that sits west of the escarpment and north of the main east-west corridors."
"WRONG","muskoka-heights-milton","2288","T1 town","street","town-compass","west","town","Milton","false","false","sec:about","occupies a quiet interior position in the town's western half","For anyone mapping Milton, Muskoka Heights occupies a quiet interior position in the town's western half."
"not-refuted","bergamot-avenue-milton","-3783","T1 town","polygon:Walker","town-compass","west","town","Milton","false","true","hero ld-place sec:about","has filled in steadily as Milton has grown westward","Bergamot Avenue is a residential street in Milton's Walker neighbourhood, a pocket of the town that has filled in steadily as Milton has grown westward."
"not-refuted","brassard-circle-milton","-2801","T1 town","polygon:Willmott","town-compass","east","town","Milton","false","false","hero ld-place sec:about","a residential pocket in the town's eastern expanse","Brassard Circle is a quiet loop in the Willmott neighbourhood of Milton, a residential pocket in the town's eastern expanse."
"negated-not-judged","brassard-circle-milton","","","","proximity","none","rail","the rail line","true","true","sec:differentPriorities","a location closer to the rail line might shorten the daily commute","For those who want quicker access to the GO station or the downtown core, a location closer to the rail line might shorten the daily commute."
"not-checkable","shade-lane-milton","","","","anchor-compass","west","escarpment","the escarpment","false","false","hero ld-place sec:about","sits west of the escarpment","Shade Lane is a short residential lane in Milton's Ford area, a pocket of the town that sits west of the escarpment and north of the main east-west corridors."
"no-geometry","shade-lane-milton","","","","anchor-compass","north","road","the main east-west corridors","false","false","hero ld-place sec:about","north of the main east-west corridors","Shade Lane is a short residential lane in Milton's Ford area, a pocket of the town that sits west of the escarpment and north of the main east-west corridors."
"MISPLACED","shade-lane-milton","-2498","T1 town","street","town-compass","west","town","Milton","false","false","sec:about","belongs to the newer western residential fabric","For anyone mapping Milton, the lane belongs to the newer western residential fabric rather than the older core."
"negated-not-judged","shade-lane-milton","","","","proximity","none","downtown","the older core","true","false","sec:about","rather than the older core","For anyone mapping Milton, the lane belongs to the newer western residential fabric rather than the older core."
"not-checkable","kerr-trail-milton","","","","anchor-compass","west","escarpment","the escarpment","false","false","hero ld-place sec:about","sits west of the escarpment","Kerr Trail is a short residential street in Milton's Beaty neighbourhood, a pocket of the town that sits west of the escarpment and north of the main commercial spine."
"not-checkable","kerr-trail-milton","","","","anchor-compass","north","commercial-corridor","the main commercial spine","false","false","hero ld-place sec:about","north of the main commercial spine","Kerr Trail is a short residential street in Milton's Beaty neighbourhood, a pocket of the town that sits west of the escarpment and north of the main commercial spine."
"not-checkable","prosser-circle-milton","","","","other-position","none","downtown","the older core","false","false","hero ld-place sec:about","fills the ground between the older core and the newer subdivisions pushing north and west","Prosser Circle is a residential loop in Milton's Harrison area, a pocket of the town that fills the ground between the older core and the newer subdivisions pushing north and west."
"not-checkable","weller-crossing-milton","","","","anchor-compass","west","escarpment","the escarpment","false","false","ld-place","sits west of the escarpment","Weller Crossing is a residential street in Milton's Dempsey neighbourhood, a pocket of the town that sits west of the escarpment and south of the main commercial corridors."
"not-checkable","weller-crossing-milton","","","","anchor-compass","south","commercial-corridor","the main commercial corridors","false","false","ld-place","south of the main commercial corridors","Weller Crossing is a residential street in Milton's Dempsey neighbourhood, a pocket of the town that sits west of the escarpment and south of the main commercial corridors."
"MISPLACED","waldie-avenue-milton","-1597","T1 downtown","polygon:Clarke","anchor-compass","south","downtown","the downtown core","false","false","hero ld-place sec:about","sits south of the downtown core","Waldie Avenue is a residential street in Milton's Clarke area, a pocket of the town that sits south of the downtown core and west of the Niagara Escarpment."
"not-checkable","waldie-avenue-milton","","","","anchor-compass","west","escarpment","the Niagara Escarpment","false","false","hero ld-place sec:about","west of the Niagara Escarpment","Waldie Avenue is a residential street in Milton's Clarke area, a pocket of the town that sits south of the downtown core and west of the Niagara Escarpment."
"not-checkable","irving-terrace-milton","","","","anchor-compass","west","escarpment","the escarpment","false","false","hero ld-place sec:about","sits west of the escarpment","Irving Terrace is a short residential street in Milton's Beaty neighbourhood, a pocket of the town that sits west of the escarpment and north of the main commercial spine."
"not-checkable","irving-terrace-milton","","","","anchor-compass","north","commercial-corridor","the main commercial spine","false","false","hero ld-place sec:about","north of the main commercial spine","Irving Terrace is a short residential street in Milton's Beaty neighbourhood, a pocket of the town that sits west of the escarpment and north of the main commercial spine."
"not-refuted","etheridge-avenue-milton","-2330","T1 town","polygon:Ford","town-compass","west","town","Milton","false","false","hero ld-place sec:about","set among the town's western growth corridors","Etheridge Avenue is a residential street in Milton's Ford and Cobban area, a stretch of low-rise housing set among the town's western growth corridors."
"MISPLACED","etheridge-avenue-milton","-2290","T1 town","street","town-compass","west","town","Milton","false","true","sec:about","how Milton has filled in westward, Etheridge Avenue marks a piece of that pattern already in place","For anyone tracing how Milton has filled in westward, Etheridge Avenue marks a piece of that pattern already in place."
"MISPLACED","chambers-place-milton","591","T1 town","polygon:Beaty","town-compass","west","town","Milton","false","false","hero ld-place","a pocket of west Milton","Chambers Place is a short residential street in Milton's Beaty neighbourhood, a pocket of west Milton where the street grid gives way to quieter residential lanes."
"not-checkable","thames-circle-milton","","","","anchor-compass","west","commercial-corridor","the commercial spine","false","false","hero ld-place sec:about","sits west of the commercial spine","Thames Circle is a residential loop in Milton's Bowes neighbourhood, a pocket of the town that sits west of the commercial spine and north of the older grid."
"MISPLACED","thames-circle-milton","-820","T1 downtown","polygon:Bowes","anchor-compass","north","downtown","the older grid","false","false","hero ld-place sec:about","north of the older grid","Thames Circle is a residential loop in Milton's Bowes neighbourhood, a pocket of the town that sits west of the commercial spine and north of the older grid."
"not-refuted","banks-crescent-milton","-2585","T1 town","polygon:Willmott","town-compass","west","town","Milton","false","false","sec:about","Willmott sits in Milton's western half","Willmott sits in Milton's western half, with the escarpment country to the south and the GO corridor to the east."
"not-checkable","banks-crescent-milton","","","","anchor-compass","north","escarpment","the escarpment country","false","false","sec:about","with the escarpment country to the south","Willmott sits in Milton's western half, with the escarpment country to the south and the GO corridor to the east."
"not-checkable","banks-crescent-milton","","","","anchor-compass","west","rail","the GO corridor","false","false","sec:about","the GO corridor to the east","Willmott sits in Milton's western half, with the escarpment country to the south and the GO corridor to the east."
"not-refuted","childs-drive-milton","428","T1 downtown","polygon:Timberlea","anchor-compass","west","downtown","the downtown core","false","false","hero ld-place sec:about","sits west of the downtown core","Childs Drive is a residential street in Milton's Timberlea neighbourhood, a pocket of the town that sits west of the downtown core and north of the escarpment lands."
"not-checkable","childs-drive-milton","","","","anchor-compass","north","escarpment","the escarpment lands","false","false","hero ld-place sec:about","north of the escarpment lands","Childs Drive is a residential street in Milton's Timberlea neighbourhood, a pocket of the town that sits west of the downtown core and north of the escarpment lands."
"MISPLACED","meighen-way-milton","591","T1 town","polygon:Beaty","town-compass","west","town","Milton","false","false","hero ld-place sec:about","a pocket of west Milton","Meighen Way is a short residential way in Milton's Beaty neighbourhood, a pocket of west Milton that sits between the escarpment country to the south and the commuter corridors to the north."
"not-checkable","meighen-way-milton","","","","anchor-compass","north","escarpment","the escarpment country","false","false","hero ld-place sec:about","between the escarpment country to the south","Meighen Way is a short residential way in Milton's Beaty neighbourhood, a pocket of west Milton that sits between the escarpment country to the south and the commuter corridors to the north."
"no-geometry","meighen-way-milton","","","","anchor-compass","south","road","the commuter corridors","false","false","hero ld-place sec:about","the commuter corridors to the north","Meighen Way is a short residential way in Milton's Beaty neighbourhood, a pocket of west Milton that sits between the escarpment country to the south and the commuter corridors to the north."
"WRONG","meighen-way-milton","1115","T1 town","street","town-compass","west","town","Milton","false","false","sec:gettingAround","a street this far west in Milton","For a street this far west in Milton, the highway and the station are the two anchors, and both are close."
"not-checkable","meighen-way-milton","","","","proximity","none","road","the highway","false","false","sec:gettingAround","the highway and the station are the two anchors, and both are close","For a street this far west in Milton, the highway and the station are the two anchors, and both are close."
"not-checkable","meighen-way-milton","","","","proximity","none","rail","the station","false","false","sec:gettingAround","the highway and the station are the two anchors, and both are close","For a street this far west in Milton, the highway and the station are the two anchors, and both are close."
"not-refuted","cooper-avenue-milton","-2051","T1 town","polygon:Beaty","town-compass","north","town","Milton","false","false","hero ld-place sec:about","a residential pocket in the town's north end","Cooper Avenue runs through the Beaty neighbourhood of Milton, a residential pocket in the town's north end."
"MISPLACED","rolph-terrace-milton","591","T1 town","polygon:Beaty","town-compass","west","town","Milton","false","false","hero ld-place","a pocket of west Milton","Rolph Terrace is a short residential street in Milton's Beaty neighbourhood, a pocket of west Milton that grew up around the Coates and Beaty corners of town."
"not-checkable","rolph-terrace-milton","","","","proximity","none","neighbourhood","Coates and Beaty","false","false","hero ld-place","grew up around the Coates and Beaty corners of town","Rolph Terrace is a short residential street in Milton's Beaty neighbourhood, a pocket of west Milton that grew up around the Coates and Beaty corners of town."
"not-checkable","caverhill-crescent-milton","","","","anchor-compass","east","escarpment","the escarpment","false","false","hero ld-place sec:about","sits east of the escarpment","Caverhill Crescent is a residential crescent in Milton's Clarke neighbourhood, a pocket of the town that sits east of the escarpment and north of the main commercial corridors."
"not-checkable","caverhill-crescent-milton","","","","anchor-compass","north","commercial-corridor","the main commercial corridors","false","false","hero ld-place sec:about","north of the main commercial corridors","Caverhill Crescent is a residential crescent in Milton's Clarke neighbourhood, a pocket of the town that sits east of the escarpment and north of the main commercial corridors."
"not-checkable","dance-court-milton","","","","other-position","none","escarpment","the escarpment edge and the highway corridor","false","false","sec:about","the grid between the escarpment edge and the highway corridor","It sits among the residential streets that fill the grid between the escarpment edge and the highway corridor, a part of town that grew as Milton expanded northward."
"MISPLACED","dance-court-milton","-374","T1 town","street","town-compass","north","town","Milton","false","false","sec:about","a part of town that grew as Milton expanded northward","It sits among the residential streets that fill the grid between the escarpment edge and the highway corridor, a part of town that grew as Milton expanded northward."
"not-refuted","mickey-court-milton","-2422","T1 downtown","polygon:Scott","anchor-compass","west","downtown","the downtown core","false","false","hero ld-place sec:about","sits west of the downtown core","Mickey Court is a short residential court in Milton's Scott neighbourhood, a pocket of the town that sits west of the downtown core and north of the escarpment lands."
"not-checkable","mickey-court-milton","","","","anchor-compass","north","escarpment","the escarpment lands","false","false","hero ld-place sec:about","north of the escarpment lands","Mickey Court is a short residential court in Milton's Scott neighbourhood, a pocket of the town that sits west of the downtown core and north of the escarpment lands."
"not-refuted","lear-gate-milton","-1471","T1 town","street","town-compass","west","town","Milton","false","false","sec:about","belongs to the newer western half of Milton","For a reader trying to place it on the map, Lear Gate belongs to the newer western half of Milton, not the older grid closer to the escarpment."
"negated-not-judged","lear-gate-milton","","","","proximity","none","escarpment","the escarpment","true","false","sec:about","not the older grid closer to the escarpment","For a reader trying to place it on the map, Lear Gate belongs to the newer western half of Milton, not the older grid closer to the escarpment."
"not-refuted","twiss-road-milton","-11539","T1 town","street","town-compass","west","town","Milton","false","false","hero ld-place sec:about","in Milton's far western reaches","Twiss Road is a quiet rural lane in Milton's far western reaches, threading through the Campbellville countryside and the broader Rural Milton West area."
"not-refuted","twiss-road-milton","-11539","T1 town","street","town-compass","west","town","Milton","false","false","sec:market","on the rural western edge of Milton","Twiss Road sits within Campbellville, on the rural western edge of Milton, with the surrounding pattern skewing toward detached homes on generous parcels rather than the tighter subdivision grids found closer to the town core."
"no-geometry","twiss-road-milton","","","","proximity","none","downtown","the town core","false","false","sec:market","the tighter subdivision grids found closer to the town core","Twiss Road sits within Campbellville, on the rural western edge of Milton, with the surrounding pattern skewing toward detached homes on generous parcels rather than the tighter subdivision grids found closer to the town core."
"not-checkable","arthurs-way-milton","","","","anchor-compass","west","escarpment","the escarpment","false","false","hero ld-place sec:about","sits west of the escarpment","Arthurs Way is a residential way in Milton's Beaty neighbourhood, a pocket of the town that sits west of the escarpment and north of the main east-west corridors."
"no-geometry","arthurs-way-milton","","","","anchor-compass","north","road","the main east-west corridors","false","false","hero ld-place sec:about","north of the main east-west corridors","Arthurs Way is a residential way in Milton's Beaty neighbourhood, a pocket of the town that sits west of the escarpment and north of the main east-west corridors."
"MISPLACED","culcastle-drive-milton","432","T1 town","polygon:Bowes","town-compass","west","town","Milton","false","false","hero ld-place sec:about","part of the western expansion","Culcastle Drive is a residential street in Milton's Bowes neighbourhood, part of the western expansion that carried the town past its older core."
"WRONG","culcastle-drive-milton","1537","T1 downtown","polygon:Bowes","anchor-compass","west","downtown","its older core","false","false","hero ld-place sec:about","the western expansion that carried the town past its older core","Culcastle Drive is a residential street in Milton's Bowes neighbourhood, part of the western expansion that carried the town past its older core."
"WRONG","culcastle-drive-milton","1375","T1 town","street","town-compass","west","town","Milton","false","false","sec:about","a street pattern common to Milton's newer west-end subdivisions","It sits among curving residential roads that meet collector streets rather than a rigid grid, a street pattern common to Milton's newer west-end subdivisions."
"WRONG","zuest-crescent-milton","1589","T1 town","street","town-compass","north","town","Milton","false","false","sec:about","It sits in the northern part of the town","It sits in the northern part of the town, where streets curve gently and mature trees line the sidewalks."
"not-refuted","lobelia-crescent-milton","-3783","T1 town","polygon:Walker","town-compass","west","town","Milton","false","false","hero ld-place sec:about","has filled in steadily as the western edge has grown","Lobelia Crescent is a residential crescent in Milton's Walker neighbourhood, a pocket of the town that has filled in steadily as the western edge has grown."
"not-checkable","chilver-heights-milton","","","","anchor-compass","west","commercial-corridor","the commercial spine","false","false","hero ld-place sec:about","sits west of the commercial spine","Chilver Heights is a residential street in Milton's Ford neighbourhood, a pocket of the town that sits west of the commercial spine and north of the older settlement core."
"WRONG","chilver-heights-milton","1863","T1 downtown","polygon:Ford","anchor-compass","north","downtown","the older settlement core","false","false","hero ld-place sec:about","north of the older settlement core","Chilver Heights is a residential street in Milton's Ford neighbourhood, a pocket of the town that sits west of the commercial spine and north of the older settlement core."
"not-refuted","robertson-crescent-milton","-1500","T1 town","polygon:Timberlea","town-compass","west","town","Milton","false","false","hero ld-place sec:about","a pocket of west-end Milton","Robertson Crescent is a quiet residential curve in Milton's Timberlea neighbourhood, a pocket of west-end Milton where the street grid softens into crescents and short connectors."
"MISPLACED","robertson-crescent-milton","-574","T1 town","street","town-compass","west","town","Milton","false","false","sec:gettingAround","a street this far west in Milton","For a street this far west in Milton, the highway and the rail line are the two constants, and both are close enough that neither commute requires a long preamble."
"not-checkable","robertson-crescent-milton","","","","proximity","none","road","the highway","false","false","sec:gettingAround","the highway and the rail line ... both are close enough","For a street this far west in Milton, the highway and the rail line are the two constants, and both are close enough that neither commute requires a long preamble."
"not-checkable","robertson-crescent-milton","","","","proximity","none","rail","the rail line","false","false","sec:gettingAround","the highway and the rail line ... both are close enough","For a street this far west in Milton, the highway and the rail line are the two constants, and both are close enough that neither commute requires a long preamble."
"not-checkable","ollerenshaw-point-milton","","","","anchor-compass","south","escarpment","the escarpment","false","false","hero ld-place sec:about","sits south of the escarpment","Ollerenshaw Point is a small residential street in Milton's Harrison area, a pocket of the town that sits south of the escarpment and west of the main north-south corridors."
"no-geometry","ollerenshaw-point-milton","","","","anchor-compass","west","road","the main north-south corridors","false","false","hero ld-place sec:about","west of the main north-south corridors","Ollerenshaw Point is a small residential street in Milton's Harrison area, a pocket of the town that sits south of the escarpment and west of the main north-south corridors."
"not-refuted","elm-avenue-milton","-1308","T4 proximity (downtown)","street","proximity","none","downtown","the historic core of the town","false","false","hero ld-place sec:about","in Old Milton, the historic core of the town","Elm Avenue is a short residential street in Old Milton, the historic core of the town, where the grid tightens and the streets run shorter than they do in the newer subdivisions to the south and west."
"not-refuted","onley-lane-milton","-2585","T1 town","polygon:Willmott","town-compass","west","town","Milton","false","false","sec:market","a west-Milton neighbourhood","Onley Lane sits within Willmott, a west-Milton neighbourhood where the wider comparable set is deep enough to publish."
"not-refuted","buck-drive-milton","-3608","T1 downtown","polygon:Dempsey","anchor-compass","east","downtown","the centre","false","false","hero ld-place sec:about","sits east of the centre","Buck Drive is a residential street in Milton's Dempsey neighbourhood, a pocket of the town that sits east of the centre and west of the industrial lands along the rail corridor."
"not-refuted","governors-court-milton","78","T1 downtown","polygon:Dorset Park","anchor-compass","south","downtown","the downtown core","false","false","hero ld-place sec:about","sits south of the downtown core","Governors Court is a short residential court in Milton's Dorset Park area, a pocket of the town that sits south of the downtown core and east of the main north-south corridors."
"no-geometry","governors-court-milton","","","","anchor-compass","east","road","the main north-south corridors","false","false","hero ld-place sec:about","east of the main north-south corridors","Governors Court is a short residential court in Milton's Dorset Park area, a pocket of the town that sits south of the downtown core and east of the main north-south corridors."
"not-refuted","given-lane-milton","-2422","T1 downtown","polygon:Scott","anchor-compass","west","downtown","the downtown core","false","false","hero ld-place sec:about","sits west of the downtown core","Given Lane is a short residential lane in Milton's Scott area, a pocket of the town that sits west of the downtown core and north of the escarpment lands."
"not-checkable","given-lane-milton","","","","anchor-compass","north","escarpment","the escarpment lands","false","false","hero ld-place sec:about","north of the escarpment lands","Given Lane is a short residential lane in Milton's Scott area, a pocket of the town that sits west of the downtown core and north of the escarpment lands."
"not-refuted","james-street-milton","-1716","T4 proximity (downtown)","street","proximity","none","downtown","the historic core of the town","false","false","hero ld-place sec:about","in Old Milton, the historic core of the town","James Street is a short residential street in Old Milton, the historic core of the town, where the grid still runs tight and the lots stay narrow."
"not-checkable","jarvie-crescent-milton","","","","anchor-compass","west","escarpment","the escarpment","false","false","hero ld-place sec:about","sits west of the escarpment","Jarvie Crescent is a residential crescent in Milton's Beaty neighbourhood, a pocket of the town that sits west of the escarpment and north of the main commercial corridors."
"not-checkable","jarvie-crescent-milton","","","","anchor-compass","north","commercial-corridor","the main commercial corridors","false","false","hero ld-place sec:about","north of the main commercial corridors","Jarvie Crescent is a residential crescent in Milton's Beaty neighbourhood, a pocket of the town that sits west of the escarpment and north of the main commercial corridors."
"not-checkable","fireweed-gate-milton","","","","anchor-compass","west","escarpment","the escarpment","false","false","hero ld-place sec:about","sits west of the escarpment","Fireweed Gate is a short residential street in Milton's Walker neighbourhood, a pocket of the town that sits west of the escarpment and north of the main east-west corridors."
"no-geometry","fireweed-gate-milton","","","","anchor-compass","north","road","the main east-west corridors","false","false","hero ld-place sec:about","north of the main east-west corridors","Fireweed Gate is a short residential street in Milton's Walker neighbourhood, a pocket of the town that sits west of the escarpment and north of the main east-west corridors."
"not-refuted","fireweed-gate-milton","-2900","T1 town","street","town-compass","west","town","Milton","false","false","sec:gettingAround","The street's western Milton placement","The street's western Milton placement keeps the drive to the GO lot short and the highway reach uncomplicated, without a cross-town crawl at either end."
"not-refuted","ezard-crescent-milton","-2490","T1 town","street","town-compass","east","town","Milton","false","false","sec:about","Ezard sits in the eastern half of Milton","For anyone mapping the town, Ezard sits in the eastern half of Milton, close to the commercial and retail spine that runs along the highway."
"not-checkable","ezard-crescent-milton","","","","proximity","none","commercial-corridor","the commercial and retail spine that runs along the highway","false","false","sec:about","close to the commercial and retail spine that runs along the highway","For anyone mapping the town, Ezard sits in the eastern half of Milton, close to the commercial and retail spine that runs along the highway."
"not-checkable","livock-trail-milton","","","","anchor-compass","west","commercial-corridor","the main commercial spine","false","false","hero ld-place sec:about","sits west of the main commercial spine","Livock Trail is a residential street in Milton's Coates neighbourhood, a pocket of the town that sits west of the main commercial spine and north of the greenbelt that separates Milton from its southern neighbours."
"not-checkable","livock-trail-milton","","","","anchor-compass","north","water/park","the greenbelt","false","false","hero ld-place sec:about","north of the greenbelt that separates Milton from its southern neighbours","Livock Trail is a residential street in Milton's Coates neighbourhood, a pocket of the town that sits west of the main commercial spine and north of the greenbelt that separates Milton from its southern neighbours."
"not-checkable","livock-trail-milton","","","","other-position","south","town","Milton","false","false","hero ld-place sec:about","the greenbelt that separates Milton from its southern neighbours","Livock Trail is a residential street in Milton's Coates neighbourhood, a pocket of the town that sits west of the main commercial spine and north of the greenbelt that separates Milton from its southern neighbours."
"not-refuted","pearen-avenue-milton","428","T1 downtown","polygon:Timberlea","anchor-compass","west","downtown","the town centre","false","false","hero ld-place sec:about","sits west of the town centre","Pearen Avenue is a residential street in Milton's Timberlea neighbourhood, a part of town that sits west of the town centre and north of the escarpment line."
"not-checkable","pearen-avenue-milton","","","","anchor-compass","north","escarpment","the escarpment line","false","false","hero ld-place sec:about","north of the escarpment line","Pearen Avenue is a residential street in Milton's Timberlea neighbourhood, a part of town that sits west of the town centre and north of the escarpment line."
"negated-not-judged","hilson-heights-milton","","","","other-position","none","neighbourhood","Cobban","true","false","sec:about","rather than its historic core","The street carries the name of a local family whose land once formed part of this corner of the grid, and the address reads as a marker of the neighbourhood's newer edge rather than its historic core."
"not-checkable","hilson-heights-milton","","","","proximity","none","road","the town's main arterial routes","false","false","sec:about","It sits within reach of the town's main arterial routes","It sits within reach of the town's main arterial routes, with the escarpment country opening to the south and the built-up centre of Milton to the north."
"not-checkable","hilson-heights-milton","","","","anchor-compass","north","escarpment","the escarpment country","false","false","sec:about","with the escarpment country opening to the south","It sits within reach of the town's main arterial routes, with the escarpment country opening to the south and the built-up centre of Milton to the north."
"not-refuted","hilson-heights-milton","-4622","T1 downtown","street","anchor-compass","south","downtown","the built-up centre of Milton","false","false","sec:about","the built-up centre of Milton to the north","It sits within reach of the town's main arterial routes, with the escarpment country opening to the south and the built-up centre of Milton to the north."
"MISPLACED","hilson-heights-milton","-585","T1 town","street","town-compass","west","town","Milton","false","false","sec:gettingAround","The street's western placement","The street's western placement means most of these trips begin without crossing Milton itself, which matters more at peak than the raw minutes suggest."
"not-checkable","mara-circle-milton","","","","anchor-compass","west","escarpment","the escarpment","false","false","hero ld-place sec:about","sits west of the escarpment","Mara Circle is a residential circle in Milton's Beaty neighbourhood, a pocket of the town that sits west of the escarpment and north of the main east-west corridors."
"no-geometry","mara-circle-milton","","","","anchor-compass","north","road","the main east-west corridors","false","false","hero ld-place sec:about","north of the main east-west corridors","Mara Circle is a residential circle in Milton's Beaty neighbourhood, a pocket of the town that sits west of the escarpment and north of the main east-west corridors."
"not-refuted","boyd-lane-milton","-3783","T1 town","polygon:Walker","town-compass","west","town","Milton","false","false","hero ld-place sec:about","a pocket of the town's western edge","Boyd Lane is a short residential lane in Milton's Walker neighbourhood, a pocket of the town's western edge where newer streets give way to open land."
"not-checkable","boyd-lane-milton","","","","anchor-compass","west","commercial-corridor","Milton's established retail and institutional spine","false","false","sec:about","the lane looks east toward Milton's established retail and institutional spine","For daily errands and services, the lane looks east toward Milton's established retail and institutional spine."
"not-checkable","fourth-line-milton","","","","orientation","north","none","","false","false","hero ld-place sec:about","Fourth Line runs north","Fourth Line runs north through Milton's western residential edge, holding the line between the Beaty and Bowes neighbourhoods."
"WRONG","fourth-line-milton","1485","T1 town","street","town-compass","west","town","Milton","false","false","hero ld-place sec:about","through Milton's western residential edge","Fourth Line runs north through Milton's western residential edge, holding the line between the Beaty and Bowes neighbourhoods."
"not-checkable","fourth-line-milton","","","","other-position","none","neighbourhood","Beaty and Bowes","false","false","hero ld-place sec:about","holding the line between the Beaty and Bowes neighbourhoods","Fourth Line runs north through Milton's western residential edge, holding the line between the Beaty and Bowes neighbourhoods."
"not-checkable","giddings-crescent-milton","","","","anchor-compass","west","escarpment","the escarpment","false","false","hero ld-place sec:about","sits west of the escarpment","Giddings Crescent is a residential crescent in Milton's Scott neighbourhood, a pocket of the town that sits west of the escarpment and north of the older grid."
"MISPLACED","giddings-crescent-milton","-1093","T1 downtown","polygon:Scott","anchor-compass","north","downtown","the older grid","false","false","hero ld-place sec:about","north of the older grid","Giddings Crescent is a residential crescent in Milton's Scott neighbourhood, a pocket of the town that sits west of the escarpment and north of the older grid."
"not-checkable","holloway-terrace-milton","","","","anchor-compass","west","commercial-corridor","the commercial spine","false","false","hero ld-place sec:about","sits west of the commercial spine","Holloway Terrace is a short residential terrace in Milton's Scott neighbourhood, a pocket of the town that sits west of the commercial spine and north of the older grid."
"MISPLACED","holloway-terrace-milton","-1093","T1 downtown","polygon:Scott","anchor-compass","north","downtown","the older grid","false","false","hero ld-place sec:about","north of the older grid","Holloway Terrace is a short residential terrace in Milton's Scott neighbourhood, a pocket of the town that sits west of the commercial spine and north of the older grid."
"not-checkable","mockridge-terrace-milton","","","","anchor-compass","west","escarpment","the escarpment","false","false","hero ld-place","sits west of the escarpment","Mockridge Terrace is a short residential street in Milton's Harrison area, a pocket of the town that sits west of the escarpment and north of the main east-west corridors."
"no-geometry","mockridge-terrace-milton","","","","anchor-compass","north","road","the main east-west corridors","false","false","hero ld-place","north of the main east-west corridors","Mockridge Terrace is a short residential street in Milton's Harrison area, a pocket of the town that sits west of the escarpment and north of the main east-west corridors."
"not-refuted","appleby-line-milton","-8129","T1 town","street","town-compass","west","town","Milton","false","false","hero ld-place","estate properties stretch across Milton's western boundary","Rural living defines Appleby Line, where expansive estate properties stretch across Milton's western boundary."
"not-refuted","tight-court-milton","-2585","T1 town","polygon:Willmott","town-compass","west","town","the built-up area","false","false","hero ld-place sec:about","filled in around the western edge of the built-up area","Tight Court is a small residential court in Milton's Willmott neighbourhood, a pocket of the town that has filled in around the western edge of the built-up area."
"not-checkable","treend-place-milton","","","","anchor-compass","south","escarpment","the escarpment","false","false","hero ld-place sec:about","sits south of the escarpment","Treend Place is a short residential street in Milton's Harrison area, a pocket of the town that sits south of the escarpment and west of the main commercial spine."
"not-checkable","treend-place-milton","","","","anchor-compass","west","commercial-corridor","the main commercial spine","false","false","hero ld-place sec:about","west of the main commercial spine","Treend Place is a short residential street in Milton's Harrison area, a pocket of the town that sits south of the escarpment and west of the main commercial spine."
"not-refuted","casson-point-milton","-2330","T1 town","polygon:Ford","town-compass","west","town","Milton","false","true","hero ld-place sec:about","filled in steadily as the broader Milton grid has pushed west and north","Casson Point is a short residential street in Milton's Ford neighbourhood, a pocket of the town that has filled in steadily as the broader Milton grid has pushed west and north."
"WRONG-reading-refuted","casson-point-milton","1723","T1 town","polygon:Ford","town-compass","north","town","Milton","false","true","hero ld-place sec:about","filled in steadily as the broader Milton grid has pushed west and north","Casson Point is a short residential street in Milton's Ford neighbourhood, a pocket of the town that has filled in steadily as the broader Milton grid has pushed west and north."
"not-checkable","dolby-crescent-milton","","","","anchor-compass","west","escarpment","the escarpment","false","false","hero ld-place sec:about","sits west of the escarpment","Dolby Crescent is a residential crescent in Milton's Beaty neighbourhood, a pocket of the town that sits west of the escarpment and north of the main east-west corridors."
"no-geometry","dolby-crescent-milton","","","","anchor-compass","north","road","the main east-west corridors","false","false","hero ld-place sec:about","north of the main east-west corridors","Dolby Crescent is a residential crescent in Milton's Beaty neighbourhood, a pocket of the town that sits west of the escarpment and north of the main east-west corridors."
"negated-not-judged","dolby-crescent-milton","","","","edge-of-town","none","town","Milton","true","false","sec:about","rather than the newer edge of town","Beaty is largely built out, and Dolby Crescent reflects that settled character rather than the newer edge of town."
"not-checkable","mortimer-crescent-milton","","","","anchor-compass","west","commercial-corridor","the commercial spine","false","false","hero ld-place sec:about","sits west of the commercial spine","Mortimer Crescent is a short residential crescent in Milton's Harrison area, a pocket of the town that sits west of the commercial spine and north of the older grid."
"WRONG","mortimer-crescent-milton","1954","T1 downtown","polygon:Harrison","anchor-compass","north","downtown","the older grid","false","false","hero ld-place sec:about","north of the older grid","Mortimer Crescent is a short residential crescent in Milton's Harrison area, a pocket of the town that sits west of the commercial spine and north of the older grid."
"not-refuted","mccandless-court-milton","-3636","T1 town","polygon:Harrison","town-compass","west","town","Milton","false","false","hero ld-place sec:about","a pocket of the town's western edge","McCandless Court is a short residential court in Milton's Harrison neighbourhood, a pocket of the town's western edge where the street grid gives way to quieter, self-contained addresses."
"not-refuted","anne-boulevard-milton","-1397","T4 proximity (downtown)","polygon:Old Milton","proximity","none","downtown","the historic core of the town","false","false","hero ld-place sec:about","Old Milton, the historic core of the town","Anne Boulevard is a residential street in Old Milton, the historic core of the town, where the grid tightens and the lots run shallow."
"MISPLACED","apple-terrace-milton","-964","T1 town","polygon:Cobban","town-compass","west","town","Milton","false","false","hero ld-place sec:about","a pocket of the town's western edge","Apple Terrace is a residential street in Milton's Cobban neighbourhood, a pocket of the town's western edge where the street grid gives way to quieter residential blocks."
"MISPLACED","trudeau-drive-milton","-317","T1 town","polygon:Clarke","town-compass","west","town","Milton","false","false","hero ld-place sec:about","part of the western corridor that has grown steadily outward from the town's older centre","Trudeau Drive is a residential street in Milton's Clarke area, part of the western corridor that has grown steadily outward from the town's older centre."
"WRONG","trudeau-drive-milton","1067","T1 town","street","town-compass","west","town","Milton","false","false","sec:gettingAround","a street this far west in Milton","For a street this far west in Milton, the highway relationship is the one that shapes the day-to-day."
"not-refuted","vickerman-way-milton","-790","T1 town","polygon:Coates","town-compass","west","town","Milton","false","false","hero ld-place sec:about","a pocket of west Milton","Vickerman Way is a short residential street in Milton's Coates neighbourhood, a pocket of west Milton that sits between the town's established core and the newer growth pushing outward along the escarpment side."
"not-checkable","vickerman-way-milton","","","","other-position","none","downtown","the town's established core","false","false","hero ld-place sec:about","sits between the town's established core and the newer growth","Vickerman Way is a short residential street in Milton's Coates neighbourhood, a pocket of west Milton that sits between the town's established core and the newer growth pushing outward along the escarpment side."
"MISPLACED","vickerman-way-milton","-24","T1 town","street","town-compass","west","town","Milton","false","false","sec:gettingAround","a street this far west in Milton","For a street this far west in Milton, the highway and the station are the two relationships that shape the commute most."
"not-refuted","woodward-avenue-milton","-1435","T4 proximity (downtown)","street","proximity","none","downtown","Milton's older residential fabric","false","false","hero ld-place sec:about","runs through the heart of Milton's older residential fabric","Woodward Avenue runs through the heart of Milton's older residential fabric, where the grid narrows and the tree canopy thickens."
"not-refuted","woodward-avenue-milton","-1435","T4 proximity (downtown)","street","proximity","none","downtown","Milton's core","false","false","sec:about","proximity to Milton's core","Woodward Avenue is not a through route for commuters; it is a destination for those who value proximity to Milton's core without surrendering to its busier arteries."
"MISPLACED","beasley-terrace-milton","-1704","T1 town","street","town-compass","west","town","Milton","false","false","sec:about","Milton's newer west-end streets, Beasley Terrace reads as a small, self-contained piece","For anyone mapping Milton's newer west-end streets, Beasley Terrace reads as a small, self-contained piece of the Ford fabric."
"not-checkable","bolingbroke-drive-milton","","","","anchor-compass","south","escarpment","the escarpment","false","false","hero ld-place sec:about","sits south of the escarpment","Bolingbroke Drive is a short residential street in Milton's Coates neighbourhood, a pocket of the town that sits south of the escarpment and west of the main commercial corridors."
"not-checkable","bolingbroke-drive-milton","","","","anchor-compass","west","commercial-corridor","the main commercial corridors","false","false","hero ld-place sec:about","west of the main commercial corridors","Bolingbroke Drive is a short residential street in Milton's Coates neighbourhood, a pocket of the town that sits south of the escarpment and west of the main commercial corridors."
"not-refuted","bolingbroke-drive-milton","-2595","T1 town","street","town-compass","south","town","Milton","false","false","sec:gettingAround","a street this far into Milton's southern grid","For a street this far into Milton's southern grid, the highway and the rail line are both close at hand."
"not-checkable","bolingbroke-drive-milton","","","","proximity","none","road","the highway","false","false","sec:gettingAround","the highway and the rail line are both close at hand","For a street this far into Milton's southern grid, the highway and the rail line are both close at hand."
"not-checkable","bolingbroke-drive-milton","","","","proximity","none","rail","the rail line","false","false","sec:gettingAround","the highway and the rail line are both close at hand","For a street this far into Milton's southern grid, the highway and the rail line are both close at hand."
"MISPLACED","costigan-road-milton","410","T1 town","street","town-compass","west","town","Milton","false","false","hero ld-place sec:about","runs through Milton's western growth corridor","Costigan Road runs through Milton's western growth corridor, a stretch of the town where the Clarke and Dempsey neighbourhoods meet."
"not-checkable","costigan-road-milton","","","","other-position","none","neighbourhood","Clarke and Dempsey","false","false","hero ld-place sec:about","a stretch of the town where the Clarke and Dempsey neighbourhoods meet","Costigan Road runs through Milton's western growth corridor, a stretch of the town where the Clarke and Dempsey neighbourhoods meet."
"not-checkable","costigan-road-milton","","","","anchor-compass","north","commercial-corridor","the big-box cluster","false","false","sec:amenities","the big-box cluster to the south","Daily errands on Costigan Road lean on the big-box cluster to the south."
"not-checkable","gillett-point-milton","","","","proximity","none","downtown","the town's core amenities","false","false","sec:about","within easy reach of the town's core amenities","It sits within easy reach of the town's core amenities, yet maintains a distinctly suburban character."
"not-checkable","hamman-way-milton","","","","anchor-compass","west","escarpment","the escarpment","false","false","hero ld-place sec:about","sits west of the escarpment","Hamman Way is a short residential way in Milton's Ford neighbourhood, a pocket of the town that sits west of the escarpment and south of the main east-west corridors."
"no-geometry","hamman-way-milton","","","","anchor-compass","south","road","the main east-west corridors","false","false","hero ld-place sec:about","south of the main east-west corridors","Hamman Way is a short residential way in Milton's Ford neighbourhood, a pocket of the town that sits west of the escarpment and south of the main east-west corridors."
"not-checkable","landsborough-avenue-milton","","","","anchor-compass","west","escarpment","the escarpment line","false","false","hero ld-place sec:about","sits west of the escarpment line","Landsborough Avenue is a residential street in Milton's Scott neighbourhood, a pocket of the town that sits west of the escarpment line and north of the older core."
"MISPLACED","landsborough-avenue-milton","-1093","T1 downtown","polygon:Scott","anchor-compass","north","downtown","the older core","false","false","hero ld-place sec:about","north of the older core","Landsborough Avenue is a residential street in Milton's Scott neighbourhood, a pocket of the town that sits west of the escarpment line and north of the older core."
"not-checkable","landsborough-avenue-milton","","","","proximity","none","rail","the station","false","false","sec:gettingAround","The drive to the station is short","The drive to the station is short enough that the car can be left there for the day rather than pressed into service further east."
"not-checkable","laurier-avenue-milton","","","","proximity","none","downtown","the town's core amenities","false","false","sec:about","within easy reach of the town's core amenities","The street's position in Milton places it within easy reach of the town's core amenities while maintaining a distinctly suburban feel."
"not-refuted","scott-boulevard-milton","-2758","T1 town","street","town-compass","west","town","Milton","false","false","hero ld-place sec:about","more than one pocket of the town's west side","Scott Boulevard is a residential spine running through Milton's Harrison and Scott districts, a street whose length carries it past more than one pocket of the town's west side."
"MISPLACED","sumac-crescent-milton","632","T1 town","polygon:Cobban","town-compass","north","town","Milton","false","true","hero ld-place sec:about","a district that has grown steadily as the town expands northward","Sumac Crescent is a quiet residential loop in the Cobban neighbourhood of Milton, a district that has grown steadily as the town expands northward."
"MISPLACED","tasker-court-milton","-144","T1 town","polygon:Ford","town-compass","northwest","town","Milton","false","false","hero ld-place sec:about","sits within the broader northwest quadrant of the town","Tasker Court is a quiet cul-de-sac in the Ford neighbourhood of Milton, a residential pocket that sits within the broader northwest quadrant of the town."
"WRONG","septimus-heights-milton","1875","T1 town","street","town-compass","north","town","Milton","false","false","sec:gettingAround","sits in Harrison, on Milton's north side","Septimus Heights sits in Harrison, on Milton's north side, which shapes the practical commute options."
"WRONG","detlor-heights-milton","795","T1 downtown","polygon:Walker","anchor-compass","northwest","downtown","its older core","false","true","hero ld-place sec:about","filled in steadily as Milton has grown westward and northward from its older core","Detlor Heights is a residential street in Milton's Walker neighbourhood, a pocket of the town that has filled in steadily as Milton has grown westward and northward from its older core."
"WRONG","detlor-heights-milton","-2678","T1 downtown","polygon:Walker","anchor-compass","west","downtown","its older core","false","true","hero ld-place sec:about","has filled in steadily as Milton has grown westward and northward from its older core","Detlor Heights is a residential street in Milton's Walker neighbourhood, a pocket of the town that has filled in steadily as Milton has grown westward and northward from its older core."
"WRONG","bronson-terrace-milton","-2330","T1 town","polygon:Ford","town-compass","west","town","Milton","false","true","hero ld-place","has filled in steadily as Milton has grown westward and northward","Bronson Terrace is a short residential street in Milton's Ford area, a pocket of the town that has filled in steadily as Milton has grown westward and northward."
"WRONG","watson-terrace-milton","2215","T1 town","street","town-compass","west","town","the town's built-up area","false","false","hero ld-place sec:about","sitting at the western edge of the town's built-up area","Watson Terrace is a short residential street in Milton's Beaty neighbourhood, sitting at the western edge of the town's built-up area where the subdivision grid gives way to the open land of Rural Milton West."
"WRONG","watson-terrace-milton","2215","T1 town","street","town-compass","west","town","the town's built-up area","false","false","hero ld-place sec:about","sitting at the western edge of the town's built-up area","Watson Terrace is a short residential street in Milton's Beaty neighbourhood, sitting at the western edge of the town's built-up area where the subdivision grid gives way to the open land of Rural Milton West."
"WRONG","timmer-place-milton","1598","T1 town","street","town-compass","north","town","Milton","false","false","hero ld-place sec:about","set in the northern reaches of Milton","Timmer Place is a quiet cul-de-sac in the Willmott neighbourhood, set in the northern reaches of Milton."
