page,category,verdict,coverageState,indexingState,robotsTxtState,pageFetchState,crawledAs,lastCrawlTime,googleCanonical,userCanonical,sitemap,referringUrls,impressions_28d_to_0926,clicks_28d_to_0926,is_placeholder_0927,error
https://miltonly.com/streets/10-side-road-milton,discovered not indexed,NEUTRAL,Discovered - currently not indexed,INDEXING_STATE_UNSPECIFIED,ROBOTS_TXT_STATE_UNSPECIFIED,PAGE_FETCH_STATE_UNSPECIFIED,CRAWLING_USER_AGENT_UNSPECIFIED,,,,https://miltonly.com/sitemap-index.xml https://miltonly.com/sitemap.xml,1,0,0,false,
https://miltonly.com/streets/14-side-road-milton,other,NEUTRAL,Duplicate without user-selected canonical,INDEXING_ALLOWED,ALLOWED,SUCCESSFUL,MOBILE,2026-09-05T03:03:09Z,https://www.747live.bet/,,https://miltonly.com/sitemap-index.xml https://miltonly.com/sitemap.xml,1,0,0,false,
https://miltonly.com/streets/15-side-road-milton,indexed,PASS,Submitted and indexed,INDEXING_ALLOWED,ALLOWED,SUCCESSFUL,MOBILE,2026-08-24T01:25:18Z,https://miltonly.com/streets/15-side-road-milton,https://miltonly.com/streets/15-side-road-milton,https://miltonly.com/sitemap-index.xml https://miltonly.com/sitemap.xml,1,15,0,false,
https://miltonly.com/streets/20-side-road-milton,indexed,PASS,Submitted and indexed,INDEXING_ALLOWED,ALLOWED,SUCCESSFUL,MOBILE,2026-09-06T00:37:59Z,https://miltonly.com/streets/20-side-road-milton,https://miltonly.com/streets/20-side-road-milton,,1,41,0,false,
https://miltonly.com/streets/20th-side-road-milton,indexed,PASS,Submitted and indexed,INDEXING_ALLOWED,ALLOWED,SUCCESSFUL,MOBILE,2026-08-29T02:55:32Z,https://miltonly.com/streets/20th-side-road-milton,https://miltonly.com/streets/20th-side-road-milton,https://miltonly.com/sitemap-index.xml https://miltonly.com/sitemap.xml,1,54,1,false,
https://miltonly.com/streets/25-side-road-milton,indexed,PASS,Submitted and indexed,INDEXING_ALLOWED,ALLOWED,SUCCESSFUL,MOBILE,2026-08-13T02:18:38Z,https://miltonly.com/streets/25-side-road-milton,https://miltonly.com/streets/25-side-road-milton,https://miltonly.com/sitemap-index.xml https://miltonly.com/sitemap.xml,1,49,1,true,
https://miltonly.com/streets/3-side-road-milton,indexed,PASS,Submitted and indexed,INDEXING_ALLOWED,ALLOWED,SUCCESSFUL,MOBILE,2026-08-13T11:36:36Z,https://miltonly.com/streets/3-side-road-milton,https://miltonly.com/streets/3-side-road-milton,,1,27,1,false,
https://miltonly.com/streets/30-side-road-milton,discovered not indexed,NEUTRAL,Discovered - currently not indexed,INDEXING_STATE_UNSPECIFIED,ROBOTS_TXT_STATE_UNSPECIFIED,PAGE_FETCH_STATE_UNSPECIFIED,CRAWLING_USER_AGENT_UNSPECIFIED,,,,https://miltonly.com/sitemap-index.xml https://miltonly.com/sitemap.xml,0,0,0,false,
https://miltonly.com/streets/5-side-road-milton,discovered not indexed,NEUTRAL,Discovered - currently not indexed,INDEXING_STATE_UNSPECIFIED,ROBOTS_TXT_STATE_UNSPECIFIED,PAGE_FETCH_STATE_UNSPECIFIED,CRAWLING_USER_AGENT_UNSPECIFIED,,,,https://miltonly.com/sitemap-index.xml https://miltonly.com/sitemap.xml,1,0,0,false,
https://miltonly.com/streets/abbott-street-milton,discovered not indexed,NEUTRAL,Discovered - currently not indexed,INDEXING_STATE_UNSPECIFIED,ROBOTS_TXT_STATE_UNSPECIFIED,PAGE_FETCH_STATE_UNSPECIFIED,CRAWLING_USER_AGENT_UNSPECIFIED,,,,https://miltonly.com/sitemap-index.xml https://miltonly.com/sitemap.xml,1,0,0,false,
https://miltonly.com/streets/agnew-crescent-milton,indexed,PASS,Submitted and indexed,INDEXING_ALLOWED,ALLOWED,SUCCESSFUL,MOBILE,2026-09-11T11:38:48Z,https://miltonly.com/streets/agnew-crescent-milton,https://miltonly.com/streets/agnew-crescent-milton,https://miltonly.com/sitemap-index.xml https://miltonly.com/sitemap.xml,1,26,0,false,
https://miltonly.com/streets/aird-court-milton,discovered not indexed,NEUTRAL,Discovered - currently not indexed,INDEXING_STATE_UNSPECIFIED,ROBOTS_TXT_STATE_UNSPECIFIED,PAGE_FETCH_STATE_UNSPECIFIED,CRAWLING_USER_AGENT_UNSPECIFIED,,,,https://miltonly.com/sitemap-index.xml https://miltonly.com/sitemap.xml,1,0,0,false,
https://miltonly.com/streets/alder-gate-milton,other,NEUTRAL,URL is unknown to Google,INDEXING_STATE_UNSPECIFIED,ROBOTS_TXT_STATE_UNSPECIFIED,PAGE_FETCH_STATE_UNSPECIFIED,,,,,,0,0,0,false,
https://miltonly.com/streets/alexander-crescent-milton,indexed,PASS,Submitted and indexed,INDEXING_ALLOWED,ALLOWED,SUCCESSFUL,MOBILE,2026-09-06T15:01:30Z,https://miltonly.com/streets/alexander-crescent-milton,https://miltonly.com/streets/alexander-crescent-milton,https://miltonly.com/sitemap-index.xml https://miltonly.com/sitemap.xml,1,4,0,false,
https://miltonly.com/streets/ambroise-crescent-milton,indexed,PASS,Submitted and indexed,INDEXING_ALLOWED,ALLOWED,SUCCESSFUL,MOBILE,2026-07-23T07:36:11Z,https://miltonly.com/streets/ambroise-crescent-milton,https://miltonly.com/streets/ambroise-crescent-milton,https://miltonly.com/sitemap-index.xml https://miltonly.com/sitemap.xml,1,16,0,false,
https://miltonly.com/streets/amos-drive-milton,indexed,PASS,Submitted and indexed,INDEXING_ALLOWED,ALLOWED,SUCCESSFUL,MOBILE,2026-08-29T18:53:23Z,https://miltonly.com/streets/amos-drive-milton,https://miltonly.com/streets/amos-drive-milton,https://miltonly.com/sitemap-index.xml https://miltonly.com/sitemap.xml,1,27,0,false,
https://miltonly.com/streets/anderson-avenue-milton,discovered not indexed,NEUTRAL,Discovered - currently not indexed,INDEXING_STATE_UNSPECIFIED,ROBOTS_TXT_STATE_UNSPECIFIED,PAGE_FETCH_STATE_UNSPECIFIED,CRAWLING_USER_AGENT_UNSPECIFIED,,,,https://miltonly.com/sitemap-index.xml https://miltonly.com/sitemap.xml,1,0,0,false,
https://miltonly.com/streets/andrews-trail-milton,indexed,PASS,Submitted and indexed,INDEXING_ALLOWED,ALLOWED,SUCCESSFUL,MOBILE,2026-08-29T02:48:40Z,https://miltonly.com/streets/andrews-trail-milton,https://miltonly.com/streets/andrews-trail-milton,,1,86,0,false,
https://miltonly.com/streets/anne-boulevard-milton,other,NEUTRAL,URL is unknown to Google,INDEXING_STATE_UNSPECIFIED,ROBOTS_TXT_STATE_UNSPECIFIED,PAGE_FETCH_STATE_UNSPECIFIED,,,,,,0,0,0,false,
https://miltonly.com/streets/apple-terrace-milton,indexed,PASS,Submitted and indexed,INDEXING_ALLOWED,ALLOWED,SUCCESSFUL,MOBILE,2026-09-05T21:56:23Z,https://miltonly.com/streets/apple-terrace-milton,https://miltonly.com/streets/apple-terrace-milton,https://miltonly.com/sitemap-index.xml https://miltonly.com/sitemap-index.xml https://miltonly.com/sitemap.xml,1,79,1,false,
https://miltonly.com/streets/appleby-line-milton,indexed,PASS,Submitted and indexed,INDEXING_ALLOWED,ALLOWED,SUCCESSFUL,MOBILE,2026-08-06T02:37:29Z,https://miltonly.com/streets/appleby-line-milton,https://miltonly.com/streets/appleby-line-milton,https://miltonly.com/sitemap-index.xml https://miltonly.com/sitemap.xml,1,4,0,true,
https://miltonly.com/streets/applewood-crescent-milton,discovered not indexed,NEUTRAL,Discovered - currently not indexed,INDEXING_STATE_UNSPECIFIED,ROBOTS_TXT_STATE_UNSPECIFIED,PAGE_FETCH_STATE_UNSPECIFIED,CRAWLING_USER_AGENT_UNSPECIFIED,,,,https://miltonly.com/sitemap-index.xml https://miltonly.com/sitemap.xml,0,0,0,false,
https://miltonly.com/streets/archer-way-milton,discovered not indexed,NEUTRAL,Discovered - currently not indexed,INDEXING_STATE_UNSPECIFIED,ROBOTS_TXT_STATE_UNSPECIFIED,PAGE_FETCH_STATE_UNSPECIFIED,CRAWLING_USER_AGENT_UNSPECIFIED,,,,https://miltonly.com/sitemap-index.xml https://miltonly.com/sitemap.xml,0,0,0,false,
https://miltonly.com/streets/argall-court-milton,indexed,PASS,Submitted and indexed,INDEXING_ALLOWED,ALLOWED,SUCCESSFUL,MOBILE,2026-09-06T12:27:25Z,https://miltonly.com/streets/argall-court-milton,https://miltonly.com/streets/argall-court-milton,https://miltonly.com/sitemap-index.xml https://miltonly.com/sitemap-index.xml https://miltonly.com/sitemap.xml,1,15,0,false,
https://miltonly.com/streets/armstrong-boulevard-milton,discovered not indexed,NEUTRAL,Discovered - currently not indexed,INDEXING_STATE_UNSPECIFIED,ROBOTS_TXT_STATE_UNSPECIFIED,PAGE_FETCH_STATE_UNSPECIFIED,CRAWLING_USER_AGENT_UNSPECIFIED,,,,https://miltonly.com/sitemap-index.xml https://miltonly.com/sitemap.xml,2,0,0,false,
https://miltonly.com/streets/arthurs-way-milton,other,NEUTRAL,URL is unknown to Google,INDEXING_STATE_UNSPECIFIED,ROBOTS_TXT_STATE_UNSPECIFIED,PAGE_FETCH_STATE_UNSPECIFIED,,,,,,0,0,0,false,
https://miltonly.com/streets/ashbrook-court-milton,discovered not indexed,NEUTRAL,Discovered - currently not indexed,INDEXING_STATE_UNSPECIFIED,ROBOTS_TXT_STATE_UNSPECIFIED,PAGE_FETCH_STATE_UNSPECIFIED,CRAWLING_USER_AGENT_UNSPECIFIED,,,,https://miltonly.com/sitemap-index.xml https://miltonly.com/sitemap.xml,1,0,0,false,
https://miltonly.com/streets/asleton-boulevard-milton,discovered not indexed,NEUTRAL,Discovered - currently not indexed,INDEXING_STATE_UNSPECIFIED,ROBOTS_TXT_STATE_UNSPECIFIED,PAGE_FETCH_STATE_UNSPECIFIED,CRAWLING_USER_AGENT_UNSPECIFIED,,,,https://miltonly.com/sitemap-index.xml https://miltonly.com/sitemap.xml,0,0,0,false,
https://miltonly.com/streets/aspen-terrace-milton,discovered not indexed,NEUTRAL,Discovered - currently not indexed,INDEXING_STATE_UNSPECIFIED,ROBOTS_TXT_STATE_UNSPECIFIED,PAGE_FETCH_STATE_UNSPECIFIED,CRAWLING_USER_AGENT_UNSPECIFIED,,,,https://miltonly.com/sitemap-index.xml https://miltonly.com/sitemap-index.xml https://miltonly.com/sitemap.xml,1,0,0,false,
https://miltonly.com/streets/attenborough-terrace-milton,indexed,PASS,Submitted and indexed,INDEXING_ALLOWED,ALLOWED,SUCCESSFUL,MOBILE,2026-09-11T19:24:02Z,https://miltonly.com/streets/attenborough-terrace-milton,https://miltonly.com/streets/attenborough-terrace-milton,https://miltonly.com/sitemap-index.xml https://miltonly.com/sitemap-index.xml https://miltonly.com/sitemap.xml,1,48,2,false,
https://miltonly.com/streets/auger-terrace-milton,discovered not indexed,NEUTRAL,Discovered - currently not indexed,INDEXING_STATE_UNSPECIFIED,ROBOTS_TXT_STATE_UNSPECIFIED,PAGE_FETCH_STATE_UNSPECIFIED,CRAWLING_USER_AGENT_UNSPECIFIED,,,,https://miltonly.com/sitemap-index.xml https://miltonly.com/sitemap.xml,0,0,0,false,
https://miltonly.com/streets/babcock-crescent-milton,indexed,PASS,Submitted and indexed,INDEXING_ALLOWED,ALLOWED,SUCCESSFUL,MOBILE,2026-08-29T04:17:56Z,https://miltonly.com/streets/babcock-crescent-milton,https://miltonly.com/streets/babcock-crescent-milton,https://miltonly.com/sitemap-index.xml https://miltonly.com/sitemap.xml,0,26,0,false,
https://miltonly.com/streets/balsam-court-milton,discovered not indexed,NEUTRAL,Discovered - currently not indexed,INDEXING_STATE_UNSPECIFIED,ROBOTS_TXT_STATE_UNSPECIFIED,PAGE_FETCH_STATE_UNSPECIFIED,CRAWLING_USER_AGENT_UNSPECIFIED,,,,https://miltonly.com/sitemap-index.xml https://miltonly.com/sitemap.xml,1,0,0,false,
https://miltonly.com/streets/banks-crescent-milton,indexed,PASS,Submitted and indexed,INDEXING_ALLOWED,ALLOWED,SUCCESSFUL,MOBILE,2026-09-06T17:07:22Z,https://miltonly.com/streets/banks-crescent-milton,https://miltonly.com/streets/banks-crescent-milton,,1,13,1,false,
https://miltonly.com/streets/banting-court-milton,discovered not indexed,NEUTRAL,Discovered - currently not indexed,INDEXING_STATE_UNSPECIFIED,ROBOTS_TXT_STATE_UNSPECIFIED,PAGE_FETCH_STATE_UNSPECIFIED,CRAWLING_USER_AGENT_UNSPECIFIED,,,,https://miltonly.com/sitemap-index.xml https://miltonly.com/sitemap.xml,1,0,0,false,
https://miltonly.com/streets/barclay-circle-milton,indexed,PASS,Submitted and indexed,INDEXING_ALLOWED,ALLOWED,SUCCESSFUL,MOBILE,2026-08-20T14:04:39Z,https://miltonly.com/streets/barclay-circle-milton,https://miltonly.com/streets/barclay-circle-milton,https://miltonly.com/sitemap-index.xml https://miltonly.com/sitemap.xml,0,20,0,false,
https://miltonly.com/streets/bardoe-crescent-milton,other,NEUTRAL,URL is unknown to Google,INDEXING_STATE_UNSPECIFIED,ROBOTS_TXT_STATE_UNSPECIFIED,PAGE_FETCH_STATE_UNSPECIFIED,,,,,,0,0,0,false,
https://miltonly.com/streets/barr-crescent-milton,discovered not indexed,NEUTRAL,Discovered - currently not indexed,INDEXING_STATE_UNSPECIFIED,ROBOTS_TXT_STATE_UNSPECIFIED,PAGE_FETCH_STATE_UNSPECIFIED,CRAWLING_USER_AGENT_UNSPECIFIED,,,,https://miltonly.com/sitemap-index.xml https://miltonly.com/sitemap.xml,2,0,0,false,
https://miltonly.com/streets/bartleman-terrace-milton,other,NEUTRAL,URL is unknown to Google,INDEXING_STATE_UNSPECIFIED,ROBOTS_TXT_STATE_UNSPECIFIED,PAGE_FETCH_STATE_UNSPECIFIED,,,,,,0,0,0,false,
https://miltonly.com/streets/barton-street-milton,indexed,PASS,Submitted and indexed,INDEXING_ALLOWED,ALLOWED,SUCCESSFUL,MOBILE,2026-08-30T15:23:51Z,https://miltonly.com/streets/barton-street-milton,https://miltonly.com/streets/barton-street-milton,,1,16,0,false,
https://miltonly.com/streets/basswood-crescent-milton,indexed,PASS,Submitted and indexed,INDEXING_ALLOWED,ALLOWED,SUCCESSFUL,MOBILE,2026-09-18T07:26:42Z,https://miltonly.com/streets/basswood-crescent-milton,https://miltonly.com/streets/basswood-crescent-milton,https://miltonly.com/sitemap-index.xml https://miltonly.com/sitemap.xml,1,13,0,false,
https://miltonly.com/streets/bastedo-court-milton,discovered not indexed,NEUTRAL,Discovered - currently not indexed,INDEXING_STATE_UNSPECIFIED,ROBOTS_TXT_STATE_UNSPECIFIED,PAGE_FETCH_STATE_UNSPECIFIED,CRAWLING_USER_AGENT_UNSPECIFIED,,,,https://miltonly.com/sitemap-index.xml https://miltonly.com/sitemap.xml,0,0,0,false,
https://miltonly.com/streets/baverstock-crescent-milton,indexed,PASS,Submitted and indexed,INDEXING_ALLOWED,ALLOWED,SUCCESSFUL,MOBILE,2026-08-29T02:41:28Z,https://miltonly.com/streets/baverstock-crescent-milton,https://miltonly.com/streets/baverstock-crescent-milton,https://miltonly.com/sitemap-index.xml https://miltonly.com/sitemap.xml,1,39,1,false,
https://miltonly.com/streets/baylis-court-milton,other,NEUTRAL,URL is unknown to Google,INDEXING_STATE_UNSPECIFIED,ROBOTS_TXT_STATE_UNSPECIFIED,PAGE_FETCH_STATE_UNSPECIFIED,,,,,,0,0,0,false,
https://miltonly.com/streets/beacham-court-milton,discovered not indexed,NEUTRAL,Discovered - currently not indexed,INDEXING_STATE_UNSPECIFIED,ROBOTS_TXT_STATE_UNSPECIFIED,PAGE_FETCH_STATE_UNSPECIFIED,CRAWLING_USER_AGENT_UNSPECIFIED,,,,https://miltonly.com/sitemap-index.xml https://miltonly.com/sitemap.xml,0,0,0,false,
https://miltonly.com/streets/beam-court-milton,other,NEUTRAL,URL is unknown to Google,INDEXING_STATE_UNSPECIFIED,ROBOTS_TXT_STATE_UNSPECIFIED,PAGE_FETCH_STATE_UNSPECIFIED,,,,,,0,0,0,false,
https://miltonly.com/streets/beard-drive-milton,discovered not indexed,NEUTRAL,Discovered - currently not indexed,INDEXING_STATE_UNSPECIFIED,ROBOTS_TXT_STATE_UNSPECIFIED,PAGE_FETCH_STATE_UNSPECIFIED,CRAWLING_USER_AGENT_UNSPECIFIED,,,,https://miltonly.com/sitemap-index.xml https://miltonly.com/sitemap.xml,0,0,0,false,
https://miltonly.com/streets/beasley-terrace-milton,indexed,PASS,Submitted and indexed,INDEXING_ALLOWED,ALLOWED,SUCCESSFUL,MOBILE,2026-09-11T13:39:34Z,https://miltonly.com/streets/beasley-terrace-milton,https://miltonly.com/streets/beasley-terrace-milton,https://miltonly.com/sitemap-index.xml https://miltonly.com/sitemap-index.xml https://miltonly.com/sitemap.xml,1,18,0,false,
https://miltonly.com/streets/beaty-trail-milton,discovered not indexed,NEUTRAL,Discovered - currently not indexed,INDEXING_STATE_UNSPECIFIED,ROBOTS_TXT_STATE_UNSPECIFIED,PAGE_FETCH_STATE_UNSPECIFIED,CRAWLING_USER_AGENT_UNSPECIFIED,,,,https://miltonly.com/sitemap-index.xml https://miltonly.com/sitemap.xml,1,0,0,false,
https://miltonly.com/streets/beaver-court-milton,discovered not indexed,NEUTRAL,Discovered - currently not indexed,INDEXING_STATE_UNSPECIFIED,ROBOTS_TXT_STATE_UNSPECIFIED,PAGE_FETCH_STATE_UNSPECIFIED,CRAWLING_USER_AGENT_UNSPECIFIED,,,,https://miltonly.com/sitemap-index.xml https://miltonly.com/sitemap.xml,1,0,0,false,
https://miltonly.com/streets/bell-street-milton,other,NEUTRAL,Duplicate without user-selected canonical,INDEXING_ALLOWED,ALLOWED,SUCCESSFUL,MOBILE,2026-09-03T23:42:43Z,https://www.747live.bet/,,https://miltonly.com/sitemap-index.xml https://miltonly.com/sitemap.xml,1,0,0,false,
https://miltonly.com/streets/bellflower-court-milton,indexed,PASS,Submitted and indexed,INDEXING_ALLOWED,ALLOWED,SUCCESSFUL,MOBILE,2026-09-06T16:40:30Z,https://miltonly.com/streets/bellflower-court-milton,https://miltonly.com/streets/bellflower-court-milton,https://miltonly.com/sitemap-index.xml https://miltonly.com/sitemap.xml,0,40,0,false,
https://miltonly.com/streets/belmore-court-milton,other,NEUTRAL,URL is unknown to Google,INDEXING_STATE_UNSPECIFIED,ROBOTS_TXT_STATE_UNSPECIFIED,PAGE_FETCH_STATE_UNSPECIFIED,,,,,,0,0,0,false,
https://miltonly.com/streets/bennett-boulevard-milton,indexed,PASS,Submitted and indexed,INDEXING_ALLOWED,ALLOWED,SUCCESSFUL,MOBILE,2026-08-07T02:24:00Z,https://miltonly.com/streets/bennett-boulevard-milton,https://miltonly.com/streets/bennett-boulevard-milton,https://miltonly.com/sitemap-index.xml https://miltonly.com/sitemap-index.xml https://miltonly.com/sitemap.xml,1,26,0,false,
https://miltonly.com/streets/bergamot-avenue-milton,indexed,PASS,Submitted and indexed,INDEXING_ALLOWED,ALLOWED,SUCCESSFUL,MOBILE,2026-09-07T07:41:01Z,https://miltonly.com/streets/bergamot-avenue-milton,https://miltonly.com/streets/bergamot-avenue-milton,,1,24,0,false,
https://miltonly.com/streets/bessborough-drive-milton,other,NEUTRAL,URL is unknown to Google,INDEXING_STATE_UNSPECIFIED,ROBOTS_TXT_STATE_UNSPECIFIED,PAGE_FETCH_STATE_UNSPECIFIED,,,,,,0,0,0,false,
https://miltonly.com/streets/bessy-trail-milton,indexed,PASS,Submitted and indexed,INDEXING_ALLOWED,ALLOWED,SUCCESSFUL,MOBILE,2026-08-13T04:56:37Z,https://miltonly.com/streets/bessy-trail-milton,https://miltonly.com/streets/bessy-trail-milton,https://miltonly.com/sitemap-index.xml https://miltonly.com/sitemap.xml,0,36,0,false,
https://miltonly.com/streets/bews-landing-milton,discovered not indexed,NEUTRAL,Discovered - currently not indexed,INDEXING_STATE_UNSPECIFIED,ROBOTS_TXT_STATE_UNSPECIFIED,PAGE_FETCH_STATE_UNSPECIFIED,CRAWLING_USER_AGENT_UNSPECIFIED,,,,https://miltonly.com/sitemap-index.xml https://miltonly.com/sitemap.xml,0,0,0,false,
https://miltonly.com/streets/biggar-heights-milton,indexed,PASS,Submitted and indexed,INDEXING_ALLOWED,ALLOWED,SUCCESSFUL,MOBILE,2026-09-11T13:48:56Z,https://miltonly.com/streets/biggar-heights-milton,https://miltonly.com/streets/biggar-heights-milton,https://miltonly.com/sitemap-index.xml https://miltonly.com/sitemap.xml,1,23,0,false,
https://miltonly.com/streets/bishop-court-milton,discovered not indexed,NEUTRAL,Discovered - currently not indexed,INDEXING_STATE_UNSPECIFIED,ROBOTS_TXT_STATE_UNSPECIFIED,PAGE_FETCH_STATE_UNSPECIFIED,CRAWLING_USER_AGENT_UNSPECIFIED,,,,https://miltonly.com/sitemap-index.xml https://miltonly.com/sitemap.xml,0,0,0,false,
https://miltonly.com/streets/black-drive-milton,indexed,PASS,Submitted and indexed,INDEXING_ALLOWED,ALLOWED,SUCCESSFUL,MOBILE,2026-08-30T01:40:25Z,https://miltonly.com/streets/black-drive-milton,https://miltonly.com/streets/black-drive-milton,https://miltonly.com/sitemap-index.xml https://miltonly.com/sitemap.xml,1,16,1,false,
https://miltonly.com/streets/blacklock-street-milton,other,NEUTRAL,URL is unknown to Google,INDEXING_STATE_UNSPECIFIED,ROBOTS_TXT_STATE_UNSPECIFIED,PAGE_FETCH_STATE_UNSPECIFIED,,,,,,0,0,0,false,
https://miltonly.com/streets/blinco-terrace-milton,other,NEUTRAL,URL is unknown to Google,INDEXING_STATE_UNSPECIFIED,ROBOTS_TXT_STATE_UNSPECIFIED,PAGE_FETCH_STATE_UNSPECIFIED,,,,,,0,0,0,false,
https://miltonly.com/streets/boland-crescent-milton,indexed,PASS,Submitted and indexed,INDEXING_ALLOWED,ALLOWED,SUCCESSFUL,MOBILE,2026-09-11T04:25:48Z,https://miltonly.com/streets/boland-crescent-milton,https://miltonly.com/streets/boland-crescent-milton,https://miltonly.com/sitemap-index.xml https://miltonly.com/sitemap.xml,1,20,0,false,
https://miltonly.com/streets/bolingbroke-drive-milton,other,NEUTRAL,URL is unknown to Google,INDEXING_STATE_UNSPECIFIED,ROBOTS_TXT_STATE_UNSPECIFIED,PAGE_FETCH_STATE_UNSPECIFIED,,,,,,0,0,0,false,
https://miltonly.com/streets/bond-head-court-milton,discovered not indexed,NEUTRAL,Discovered - currently not indexed,INDEXING_STATE_UNSPECIFIED,ROBOTS_TXT_STATE_UNSPECIFIED,PAGE_FETCH_STATE_UNSPECIFIED,CRAWLING_USER_AGENT_UNSPECIFIED,,,,https://miltonly.com/sitemap-index.xml https://miltonly.com/sitemap.xml,1,0,0,false,
https://miltonly.com/streets/bonin-crescent-milton,indexed,PASS,Submitted and indexed,INDEXING_ALLOWED,ALLOWED,SUCCESSFUL,MOBILE,2026-09-04T23:18:55Z,https://miltonly.com/streets/bonin-crescent-milton,https://miltonly.com/streets/bonin-crescent-milton,,2,23,0,false,
https://miltonly.com/streets/borden-lane-milton,other,NEUTRAL,URL is unknown to Google,INDEXING_STATE_UNSPECIFIED,ROBOTS_TXT_STATE_UNSPECIFIED,PAGE_FETCH_STATE_UNSPECIFIED,,,,,,0,0,0,false,
https://miltonly.com/streets/boughton-crescent-milton,other,NEUTRAL,URL is unknown to Google,INDEXING_STATE_UNSPECIFIED,ROBOTS_TXT_STATE_UNSPECIFIED,PAGE_FETCH_STATE_UNSPECIFIED,,,,,,0,0,0,false,
https://miltonly.com/streets/bowell-crescent-milton,discovered not indexed,NEUTRAL,Discovered - currently not indexed,INDEXING_STATE_UNSPECIFIED,ROBOTS_TXT_STATE_UNSPECIFIED,PAGE_FETCH_STATE_UNSPECIFIED,CRAWLING_USER_AGENT_UNSPECIFIED,,,,https://miltonly.com/sitemap-index.xml https://miltonly.com/sitemap.xml,1,0,0,false,
https://miltonly.com/streets/bowring-crescent-milton,discovered not indexed,NEUTRAL,Discovered - currently not indexed,INDEXING_STATE_UNSPECIFIED,ROBOTS_TXT_STATE_UNSPECIFIED,PAGE_FETCH_STATE_UNSPECIFIED,CRAWLING_USER_AGENT_UNSPECIFIED,,,,https://miltonly.com/sitemap-index.xml https://miltonly.com/sitemap.xml,0,0,0,false,
https://miltonly.com/streets/boyd-lane-milton,discovered not indexed,NEUTRAL,Discovered - currently not indexed,INDEXING_STATE_UNSPECIFIED,ROBOTS_TXT_STATE_UNSPECIFIED,PAGE_FETCH_STATE_UNSPECIFIED,CRAWLING_USER_AGENT_UNSPECIFIED,,,,https://miltonly.com/sitemap-index.xml https://miltonly.com/sitemap.xml,0,0,0,false,
https://miltonly.com/streets/brandon-terrace-milton,indexed,PASS,Submitted and indexed,INDEXING_ALLOWED,ALLOWED,SUCCESSFUL,MOBILE,2026-09-10T05:05:25Z,https://miltonly.com/streets/brandon-terrace-milton,https://miltonly.com/streets/brandon-terrace-milton,https://miltonly.com/sitemap-index.xml https://miltonly.com/sitemap.xml,2,68,1,false,
https://miltonly.com/streets/brassard-circle-milton,discovered not indexed,NEUTRAL,Discovered - currently not indexed,INDEXING_STATE_UNSPECIFIED,ROBOTS_TXT_STATE_UNSPECIFIED,PAGE_FETCH_STATE_UNSPECIFIED,CRAWLING_USER_AGENT_UNSPECIFIED,,,,https://miltonly.com/sitemap-index.xml https://miltonly.com/sitemap.xml,1,0,0,false,
https://miltonly.com/streets/briar-crescent-milton,other,NEUTRAL,URL is unknown to Google,INDEXING_STATE_UNSPECIFIED,ROBOTS_TXT_STATE_UNSPECIFIED,PAGE_FETCH_STATE_UNSPECIFIED,,,,,,0,0,0,false,
https://miltonly.com/streets/britannia-road-milton,indexed,PASS,Submitted and indexed,INDEXING_ALLOWED,ALLOWED,SUCCESSFUL,MOBILE,2026-08-23T13:43:16Z,https://miltonly.com/streets/britannia-road-milton,https://miltonly.com/streets/britannia-road-milton,https://miltonly.com/sitemap-index.xml https://miltonly.com/sitemap-index.xml https://miltonly.com/sitemap.xml,1,22,0,false,
https://miltonly.com/streets/britton-crescent-milton,discovered not indexed,NEUTRAL,Discovered - currently not indexed,INDEXING_STATE_UNSPECIFIED,ROBOTS_TXT_STATE_UNSPECIFIED,PAGE_FETCH_STATE_UNSPECIFIED,CRAWLING_USER_AGENT_UNSPECIFIED,,,,https://miltonly.com/sitemap-index.xml https://miltonly.com/sitemap.xml,1,0,0,false,
https://miltonly.com/streets/broadway-avenue-milton,indexed,PASS,Submitted and indexed,INDEXING_ALLOWED,ALLOWED,SUCCESSFUL,MOBILE,2026-09-11T00:11:34Z,https://miltonly.com/streets/broadway-avenue-milton,https://miltonly.com/streets/broadway-avenue-milton,,2,33,2,false,
https://miltonly.com/streets/brock-court-milton,other,NEUTRAL,URL is unknown to Google,INDEXING_STATE_UNSPECIFIED,ROBOTS_TXT_STATE_UNSPECIFIED,PAGE_FETCH_STATE_UNSPECIFIED,,,,,,0,0,0,false,
https://miltonly.com/streets/bronson-terrace-milton,other,NEUTRAL,URL is unknown to Google,INDEXING_STATE_UNSPECIFIED,ROBOTS_TXT_STATE_UNSPECIFIED,PAGE_FETCH_STATE_UNSPECIFIED,,,,,,0,0,0,false,
https://miltonly.com/streets/bronte-street-milton,other,NEUTRAL,Redirect error,INDEXING_STATE_UNSPECIFIED,ALLOWED,REDIRECT_ERROR,MOBILE,2026-06-13T02:38:49Z,,,https://miltonly.com/sitemap-index.xml https://miltonly.com/sitemap-index.xml https://miltonly.com/sitemap.xml,1,0,0,false,
https://miltonly.com/streets/brothers-crescent-milton,other,NEUTRAL,URL is unknown to Google,INDEXING_STATE_UNSPECIFIED,ROBOTS_TXT_STATE_UNSPECIFIED,PAGE_FETCH_STATE_UNSPECIFIED,,,,,,0,0,0,false,
https://miltonly.com/streets/brush-road-milton,discovered not indexed,NEUTRAL,Discovered - currently not indexed,INDEXING_STATE_UNSPECIFIED,ROBOTS_TXT_STATE_UNSPECIFIED,PAGE_FETCH_STATE_UNSPECIFIED,CRAWLING_USER_AGENT_UNSPECIFIED,,,,https://miltonly.com/sitemap-index.xml https://miltonly.com/sitemap-index.xml https://miltonly.com/sitemap.xml,1,0,0,false,
https://miltonly.com/streets/buck-drive-milton,discovered not indexed,NEUTRAL,Discovered - currently not indexed,INDEXING_STATE_UNSPECIFIED,ROBOTS_TXT_STATE_UNSPECIFIED,PAGE_FETCH_STATE_UNSPECIFIED,CRAWLING_USER_AGENT_UNSPECIFIED,,,,https://miltonly.com/sitemap-index.xml https://miltonly.com/sitemap.xml,0,0,0,false,
https://miltonly.com/streets/buckeye-court-milton,discovered not indexed,NEUTRAL,Discovered - currently not indexed,INDEXING_STATE_UNSPECIFIED,ROBOTS_TXT_STATE_UNSPECIFIED,PAGE_FETCH_STATE_UNSPECIFIED,CRAWLING_USER_AGENT_UNSPECIFIED,,,,https://miltonly.com/sitemap-index.xml https://miltonly.com/sitemap.xml,0,0,0,false,
https://miltonly.com/streets/buckthorn-garden-milton,indexed,PASS,Submitted and indexed,INDEXING_ALLOWED,ALLOWED,SUCCESSFUL,MOBILE,2026-07-27T07:52:43Z,https://miltonly.com/streets/buckthorn-garden-milton,https://miltonly.com/streets/buckthorn-garden-milton,https://miltonly.com/sitemap-index.xml https://miltonly.com/sitemap.xml,1,2,0,false,
https://miltonly.com/streets/bundy-drive-milton,other,NEUTRAL,URL is unknown to Google,INDEXING_STATE_UNSPECIFIED,ROBOTS_TXT_STATE_UNSPECIFIED,PAGE_FETCH_STATE_UNSPECIFIED,,,,,,0,0,0,false,
https://miltonly.com/streets/burdock-court-milton,discovered not indexed,NEUTRAL,Discovered - currently not indexed,INDEXING_STATE_UNSPECIFIED,ROBOTS_TXT_STATE_UNSPECIFIED,PAGE_FETCH_STATE_UNSPECIFIED,CRAWLING_USER_AGENT_UNSPECIFIED,,,,https://miltonly.com/sitemap-index.xml https://miltonly.com/sitemap.xml,0,0,0,false,
https://miltonly.com/streets/burgess-garden-milton,indexed,PASS,Submitted and indexed,INDEXING_ALLOWED,ALLOWED,SUCCESSFUL,MOBILE,2026-08-31T13:42:09Z,https://miltonly.com/streets/burgess-garden-milton,https://miltonly.com/streets/burgess-garden-milton,https://miltonly.com/sitemap-index.xml https://miltonly.com/sitemap.xml,1,3,0,false,
https://miltonly.com/streets/burnhamthorpe-road-milton,other,NEUTRAL,URL is unknown to Google,INDEXING_STATE_UNSPECIFIED,ROBOTS_TXT_STATE_UNSPECIFIED,PAGE_FETCH_STATE_UNSPECIFIED,,,,,,0,0,0,true,
https://miltonly.com/streets/burrows-gate-milton,discovered not indexed,NEUTRAL,Discovered - currently not indexed,INDEXING_STATE_UNSPECIFIED,ROBOTS_TXT_STATE_UNSPECIFIED,PAGE_FETCH_STATE_UNSPECIFIED,CRAWLING_USER_AGENT_UNSPECIFIED,,,,https://miltonly.com/sitemap-index.xml https://miltonly.com/sitemap.xml,1,0,0,false,
https://miltonly.com/streets/bussel-crescent-milton,indexed,PASS,Submitted and indexed,INDEXING_ALLOWED,ALLOWED,SUCCESSFUL,MOBILE,2026-09-06T18:42:19Z,https://miltonly.com/streets/bussel-crescent-milton,https://miltonly.com/streets/bussel-crescent-milton,,0,19,0,false,
https://miltonly.com/streets/buttercup-court-milton,indexed,PASS,Submitted and indexed,INDEXING_ALLOWED,ALLOWED,SUCCESSFUL,MOBILE,2026-09-05T18:11:20Z,https://miltonly.com/streets/buttercup-court-milton,https://miltonly.com/streets/buttercup-court-milton,https://miltonly.com/sitemap-index.xml https://miltonly.com/sitemap.xml,0,32,2,false,
https://miltonly.com/streets/byng-court-milton,discovered not indexed,NEUTRAL,Discovered - currently not indexed,INDEXING_STATE_UNSPECIFIED,ROBOTS_TXT_STATE_UNSPECIFIED,PAGE_FETCH_STATE_UNSPECIFIED,CRAWLING_USER_AGENT_UNSPECIFIED,,,,https://miltonly.com/sitemap-index.xml https://miltonly.com/sitemap.xml,0,0,0,false,
https://miltonly.com/streets/cabot-trail-milton,indexed,PASS,Submitted and indexed,INDEXING_ALLOWED,ALLOWED,SUCCESSFUL,MOBILE,2026-09-11T15:20:11Z,https://miltonly.com/streets/cabot-trail-milton,https://miltonly.com/streets/cabot-trail-milton,,1,41,0,false,
https://miltonly.com/streets/cahoun-terrace-milton,other,NEUTRAL,URL is unknown to Google,INDEXING_STATE_UNSPECIFIED,ROBOTS_TXT_STATE_UNSPECIFIED,PAGE_FETCH_STATE_UNSPECIFIED,,,,,,0,0,0,false,
https://miltonly.com/streets/caldwell-crescent-milton,other,NEUTRAL,URL is unknown to Google,INDEXING_STATE_UNSPECIFIED,ROBOTS_TXT_STATE_UNSPECIFIED,PAGE_FETCH_STATE_UNSPECIFIED,,,,,,0,0,0,false,
https://miltonly.com/streets/calla-point-milton,indexed,PASS,Submitted and indexed,INDEXING_ALLOWED,ALLOWED,SUCCESSFUL,MOBILE,2026-09-11T10:23:54Z,https://miltonly.com/streets/calla-point-milton,https://miltonly.com/streets/calla-point-milton,https://miltonly.com/sitemap-index.xml https://miltonly.com/sitemap.xml,2,5,0,false,
https://miltonly.com/streets/campbell-avenue-milton,other,NEUTRAL,URL is unknown to Google,INDEXING_STATE_UNSPECIFIED,ROBOTS_TXT_STATE_UNSPECIFIED,PAGE_FETCH_STATE_UNSPECIFIED,,,,,,0,0,0,false,
https://miltonly.com/streets/campbellville-road-milton,indexed,PASS,Submitted and indexed,INDEXING_ALLOWED,ALLOWED,SUCCESSFUL,MOBILE,2026-09-02T19:15:25Z,https://miltonly.com/streets/campbellville-road-milton,https://miltonly.com/streets/campbellville-road-milton,,2,43,0,false,
https://miltonly.com/streets/carbert-crescent-milton,discovered not indexed,NEUTRAL,Discovered - currently not indexed,INDEXING_STATE_UNSPECIFIED,ROBOTS_TXT_STATE_UNSPECIFIED,PAGE_FETCH_STATE_UNSPECIFIED,CRAWLING_USER_AGENT_UNSPECIFIED,,,,https://miltonly.com/sitemap-index.xml https://miltonly.com/sitemap.xml,0,0,0,false,
https://miltonly.com/streets/cargill-path-milton,indexed,PASS,Submitted and indexed,INDEXING_ALLOWED,ALLOWED,SUCCESSFUL,MOBILE,2026-06-26T10:06:29Z,https://miltonly.com/streets/cargill-path-milton,https://miltonly.com/streets/cargill-path-milton,https://miltonly.com/sitemap-index.xml https://miltonly.com/sitemap.xml,1,8,0,false,
https://miltonly.com/streets/carr-landing-milton,discovered not indexed,NEUTRAL,Discovered - currently not indexed,INDEXING_STATE_UNSPECIFIED,ROBOTS_TXT_STATE_UNSPECIFIED,PAGE_FETCH_STATE_UNSPECIFIED,CRAWLING_USER_AGENT_UNSPECIFIED,,,,https://miltonly.com/sitemap-index.xml https://miltonly.com/sitemap.xml,0,0,0,false,
https://miltonly.com/streets/cartmer-way-milton,discovered not indexed,NEUTRAL,Discovered - currently not indexed,INDEXING_STATE_UNSPECIFIED,ROBOTS_TXT_STATE_UNSPECIFIED,PAGE_FETCH_STATE_UNSPECIFIED,CRAWLING_USER_AGENT_UNSPECIFIED,,,,https://miltonly.com/sitemap-index.xml https://miltonly.com/sitemap.xml,0,0,0,false,
https://miltonly.com/streets/casson-point-milton,discovered not indexed,NEUTRAL,Discovered - currently not indexed,INDEXING_STATE_UNSPECIFIED,ROBOTS_TXT_STATE_UNSPECIFIED,PAGE_FETCH_STATE_UNSPECIFIED,CRAWLING_USER_AGENT_UNSPECIFIED,,,,https://miltonly.com/sitemap-index.xml https://miltonly.com/sitemap.xml,0,0,0,false,
https://miltonly.com/streets/cathcart-crescent-milton,discovered not indexed,NEUTRAL,Discovered - currently not indexed,INDEXING_STATE_UNSPECIFIED,ROBOTS_TXT_STATE_UNSPECIFIED,PAGE_FETCH_STATE_UNSPECIFIED,CRAWLING_USER_AGENT_UNSPECIFIED,,,,https://miltonly.com/sitemap-index.xml https://miltonly.com/sitemap.xml,0,0,0,false,
https://miltonly.com/streets/cavanagh-lane-milton,discovered not indexed,NEUTRAL,Discovered - currently not indexed,INDEXING_STATE_UNSPECIFIED,ROBOTS_TXT_STATE_UNSPECIFIED,PAGE_FETCH_STATE_UNSPECIFIED,CRAWLING_USER_AGENT_UNSPECIFIED,,,,https://miltonly.com/sitemap-index.xml https://miltonly.com/sitemap-index.xml https://miltonly.com/sitemap.xml,0,0,0,false,
https://miltonly.com/streets/caverhill-crescent-milton,discovered not indexed,NEUTRAL,Discovered - currently not indexed,INDEXING_STATE_UNSPECIFIED,ROBOTS_TXT_STATE_UNSPECIFIED,PAGE_FETCH_STATE_UNSPECIFIED,CRAWLING_USER_AGENT_UNSPECIFIED,,,,https://miltonly.com/sitemap-index.xml https://miltonly.com/sitemap.xml,1,0,0,false,
https://miltonly.com/streets/caves-court-milton,other,NEUTRAL,URL is unknown to Google,INDEXING_STATE_UNSPECIFIED,ROBOTS_TXT_STATE_UNSPECIFIED,PAGE_FETCH_STATE_UNSPECIFIED,,,,,,0,0,0,false,
https://miltonly.com/streets/cedar-hedge-road-milton,indexed,PASS,Submitted and indexed,INDEXING_ALLOWED,ALLOWED,SUCCESSFUL,MOBILE,2026-09-06T14:48:43Z,https://miltonly.com/streets/cedar-hedge-road-milton,https://miltonly.com/streets/cedar-hedge-road-milton,https://miltonly.com/sitemap-index.xml https://miltonly.com/sitemap.xml,1,18,0,false,
https://miltonly.com/streets/cedar-trail-milton,other,NEUTRAL,URL is unknown to Google,INDEXING_STATE_UNSPECIFIED,ROBOTS_TXT_STATE_UNSPECIFIED,PAGE_FETCH_STATE_UNSPECIFIED,,,,,,0,0,0,false,
https://miltonly.com/streets/cedarbrae-avenue-milton,other,NEUTRAL,URL is unknown to Google,INDEXING_STATE_UNSPECIFIED,ROBOTS_TXT_STATE_UNSPECIFIED,PAGE_FETCH_STATE_UNSPECIFIED,,,,,,0,0,0,false,
https://miltonly.com/streets/cedric-terrace-milton,other,NEUTRAL,Duplicate without user-selected canonical,INDEXING_ALLOWED,ALLOWED,SUCCESSFUL,MOBILE,2026-09-05T03:28:53Z,https://www.747live.bet/,,https://miltonly.com/sitemap-index.xml https://miltonly.com/sitemap.xml,1,0,0,false,
https://miltonly.com/streets/celandine-terrace-milton,indexed,PASS,Submitted and indexed,INDEXING_ALLOWED,ALLOWED,SUCCESSFUL,MOBILE,2026-09-27T07:28:26Z,https://miltonly.com/streets/celandine-terrace-milton,https://miltonly.com/streets/celandine-terrace-milton,https://miltonly.com/sitemap-index.xml https://miltonly.com/sitemap.xml,0,68,1,false,
https://miltonly.com/streets/centennial-forest-drive-milton,indexed,PASS,Submitted and indexed,INDEXING_ALLOWED,ALLOWED,SUCCESSFUL,MOBILE,2026-08-29T20:03:47Z,https://miltonly.com/streets/centennial-forest-drive-milton,https://miltonly.com/streets/centennial-forest-drive-milton,,1,34,0,false,
https://miltonly.com/streets/challinor-terrace-milton,indexed,PASS,Submitted and indexed,INDEXING_ALLOWED,ALLOWED,SUCCESSFUL,MOBILE,2026-09-14T05:05:29Z,https://miltonly.com/streets/challinor-terrace-milton,https://miltonly.com/streets/challinor-terrace-milton,https://miltonly.com/sitemap-index.xml https://miltonly.com/sitemap.xml,0,57,1,false,
https://miltonly.com/streets/chambers-place-milton,indexed,PASS,Submitted and indexed,INDEXING_ALLOWED,ALLOWED,SUCCESSFUL,MOBILE,2026-09-06T11:06:59Z,https://miltonly.com/streets/chambers-place-milton,https://miltonly.com/streets/chambers-place-milton,https://miltonly.com/sitemap-index.xml https://miltonly.com/sitemap.xml,1,1,0,false,
https://miltonly.com/streets/chamomile-crescent-milton,indexed,PASS,Submitted and indexed,INDEXING_ALLOWED,ALLOWED,SUCCESSFUL,MOBILE,2026-09-11T22:37:55Z,https://miltonly.com/streets/chamomile-crescent-milton,https://miltonly.com/streets/chamomile-crescent-milton,,1,30,0,false,
https://miltonly.com/streets/chandler-crescent-milton,indexed,PASS,Submitted and indexed,INDEXING_ALLOWED,ALLOWED,SUCCESSFUL,MOBILE,2026-08-29T15:04:40Z,https://miltonly.com/streets/chandler-crescent-milton,https://miltonly.com/streets/chandler-crescent-milton,,2,10,0,false,
https://miltonly.com/streets/chapman-crescent-milton,indexed,PASS,Submitted and indexed,INDEXING_ALLOWED,ALLOWED,SUCCESSFUL,MOBILE,2026-09-15T20:48:27Z,https://miltonly.com/streets/chapman-crescent-milton,https://miltonly.com/streets/chapman-crescent-milton,https://miltonly.com/sitemap-index.xml https://miltonly.com/sitemap.xml,1,13,0,false,
https://miltonly.com/streets/charles-street-milton,indexed,PASS,Submitted and indexed,INDEXING_ALLOWED,ALLOWED,SUCCESSFUL,MOBILE,2026-08-23T20:14:25Z,https://miltonly.com/streets/charles-street-milton,https://miltonly.com/streets/charles-street-milton,https://miltonly.com/sitemap-index.xml https://miltonly.com/sitemap.xml,0,0,0,false,
https://miltonly.com/streets/charlton-way-milton,discovered not indexed,NEUTRAL,Discovered - currently not indexed,INDEXING_STATE_UNSPECIFIED,ROBOTS_TXT_STATE_UNSPECIFIED,PAGE_FETCH_STATE_UNSPECIFIED,CRAWLING_USER_AGENT_UNSPECIFIED,,,,https://miltonly.com/sitemap-index.xml https://miltonly.com/sitemap.xml,0,0,0,false,
https://miltonly.com/streets/chee-chee-landing-milton,indexed,PASS,Submitted and indexed,INDEXING_ALLOWED,ALLOWED,SUCCESSFUL,MOBILE,2026-09-06T09:32:13Z,https://miltonly.com/streets/chee-chee-landing-milton,https://miltonly.com/streets/chee-chee-landing-milton,https://miltonly.com/sitemap-index.xml https://miltonly.com/sitemap-index.xml https://miltonly.com/sitemap.xml,1,7,0,false,
https://miltonly.com/streets/chestnut-heights-milton,discovered not indexed,NEUTRAL,Discovered - currently not indexed,INDEXING_STATE_UNSPECIFIED,ROBOTS_TXT_STATE_UNSPECIFIED,PAGE_FETCH_STATE_UNSPECIFIED,CRAWLING_USER_AGENT_UNSPECIFIED,,,,https://miltonly.com/sitemap-index.xml https://miltonly.com/sitemap.xml,1,0,0,false,
https://miltonly.com/streets/childs-drive-milton,other,NEUTRAL,URL is unknown to Google,INDEXING_STATE_UNSPECIFIED,ROBOTS_TXT_STATE_UNSPECIFIED,PAGE_FETCH_STATE_UNSPECIFIED,,,,,,0,0,0,false,
https://miltonly.com/streets/chilver-heights-milton,indexed,PASS,Submitted and indexed,INDEXING_ALLOWED,ALLOWED,SUCCESSFUL,MOBILE,2026-09-11T12:49:38Z,https://miltonly.com/streets/chilver-heights-milton,https://miltonly.com/streets/chilver-heights-milton,https://miltonly.com/sitemap-index.xml https://miltonly.com/sitemap.xml,1,56,0,false,
https://miltonly.com/streets/chretien-street-milton,indexed,PASS,Submitted and indexed,INDEXING_ALLOWED,ALLOWED,SUCCESSFUL,MOBILE,2026-09-10T20:19:33Z,https://miltonly.com/streets/chretien-street-milton,https://miltonly.com/streets/chretien-street-milton,https://miltonly.com/sitemap-index.xml https://miltonly.com/sitemap-index.xml https://miltonly.com/sitemap.xml,0,108,1,false,
https://miltonly.com/streets/christie-circle-milton,discovered not indexed,NEUTRAL,Discovered - currently not indexed,INDEXING_STATE_UNSPECIFIED,ROBOTS_TXT_STATE_UNSPECIFIED,PAGE_FETCH_STATE_UNSPECIFIED,CRAWLING_USER_AGENT_UNSPECIFIED,,,,https://miltonly.com/sitemap-index.xml https://miltonly.com/sitemap.xml,1,0,0,false,
https://miltonly.com/streets/chuchmach-close-milton,discovered not indexed,NEUTRAL,Discovered - currently not indexed,INDEXING_STATE_UNSPECIFIED,ROBOTS_TXT_STATE_UNSPECIFIED,PAGE_FETCH_STATE_UNSPECIFIED,CRAWLING_USER_AGENT_UNSPECIFIED,,,,https://miltonly.com/sitemap-index.xml https://miltonly.com/sitemap.xml,0,0,0,false,
https://miltonly.com/streets/churchill-avenue-milton,discovered not indexed,NEUTRAL,Discovered - currently not indexed,INDEXING_STATE_UNSPECIFIED,ROBOTS_TXT_STATE_UNSPECIFIED,PAGE_FETCH_STATE_UNSPECIFIED,CRAWLING_USER_AGENT_UNSPECIFIED,,,,https://miltonly.com/sitemap-index.xml https://miltonly.com/sitemap.xml,0,0,0,false,
https://miltonly.com/streets/clark-boulevard-milton,discovered not indexed,NEUTRAL,Discovered - currently not indexed,INDEXING_STATE_UNSPECIFIED,ROBOTS_TXT_STATE_UNSPECIFIED,PAGE_FETCH_STATE_UNSPECIFIED,CRAWLING_USER_AGENT_UNSPECIFIED,,,,https://miltonly.com/sitemap-index.xml https://miltonly.com/sitemap.xml,0,0,0,false,
https://miltonly.com/streets/clarkson-gate-milton,indexed,PASS,Submitted and indexed,INDEXING_ALLOWED,ALLOWED,SUCCESSFUL,MOBILE,2026-09-27T06:32:59Z,https://miltonly.com/streets/clarkson-gate-milton,https://miltonly.com/streets/clarkson-gate-milton,https://miltonly.com/sitemap-index.xml https://miltonly.com/sitemap-index.xml https://miltonly.com/sitemap.xml,0,7,0,false,
https://miltonly.com/streets/clements-drive-milton,discovered not indexed,NEUTRAL,Discovered - currently not indexed,INDEXING_STATE_UNSPECIFIED,ROBOTS_TXT_STATE_UNSPECIFIED,PAGE_FETCH_STATE_UNSPECIFIED,CRAWLING_USER_AGENT_UNSPECIFIED,,,,https://miltonly.com/sitemap-index.xml https://miltonly.com/sitemap.xml,1,0,0,false,
https://miltonly.com/streets/clifford-point-milton,discovered not indexed,NEUTRAL,Discovered - currently not indexed,INDEXING_STATE_UNSPECIFIED,ROBOTS_TXT_STATE_UNSPECIFIED,PAGE_FETCH_STATE_UNSPECIFIED,CRAWLING_USER_AGENT_UNSPECIFIED,,,,https://miltonly.com/sitemap-index.xml https://miltonly.com/sitemap-index.xml https://miltonly.com/sitemap.xml,1,0,0,false,
https://miltonly.com/streets/clitherow-street-milton,indexed,PASS,Submitted and indexed,INDEXING_ALLOWED,ALLOWED,SUCCESSFUL,MOBILE,2026-09-06T14:57:28Z,https://miltonly.com/streets/clitherow-street-milton,https://miltonly.com/streets/clitherow-street-milton,https://miltonly.com/sitemap-index.xml https://miltonly.com/sitemap.xml,1,5,0,false,
https://miltonly.com/streets/clover-park-crescent-milton,other,NEUTRAL,URL is unknown to Google,INDEXING_STATE_UNSPECIFIED,ROBOTS_TXT_STATE_UNSPECIFIED,PAGE_FETCH_STATE_UNSPECIFIED,,,,,,0,0,0,false,
https://miltonly.com/streets/coates-drive-milton,discovered not indexed,NEUTRAL,Discovered - currently not indexed,INDEXING_STATE_UNSPECIFIED,ROBOTS_TXT_STATE_UNSPECIFIED,PAGE_FETCH_STATE_UNSPECIFIED,CRAWLING_USER_AGENT_UNSPECIFIED,,,,https://miltonly.com/sitemap-index.xml https://miltonly.com/sitemap.xml,1,0,0,false,
https://miltonly.com/streets/cobban-road-milton,discovered not indexed,NEUTRAL,Discovered - currently not indexed,INDEXING_STATE_UNSPECIFIED,ROBOTS_TXT_STATE_UNSPECIFIED,PAGE_FETCH_STATE_UNSPECIFIED,CRAWLING_USER_AGENT_UNSPECIFIED,,,,https://miltonly.com/sitemap-index.xml https://miltonly.com/sitemap-index.xml https://miltonly.com/sitemap.xml,0,0,0,false,
https://miltonly.com/streets/cochrane-terrace-milton,indexed,PASS,Submitted and indexed,INDEXING_ALLOWED,ALLOWED,SUCCESSFUL,MOBILE,2026-08-19T19:46:46Z,https://miltonly.com/streets/cochrane-terrace-milton,https://miltonly.com/streets/cochrane-terrace-milton,https://miltonly.com/sitemap-index.xml https://miltonly.com/sitemap.xml,1,14,0,false,
https://miltonly.com/streets/collis-court-milton,indexed,PASS,Submitted and indexed,INDEXING_ALLOWED,ALLOWED,SUCCESSFUL,MOBILE,2026-09-21T19:46:13Z,https://miltonly.com/streets/collis-court-milton,https://miltonly.com/streets/collis-court-milton,https://miltonly.com/sitemap-index.xml https://miltonly.com/sitemap.xml,0,12,0,false,
https://miltonly.com/streets/colville-place-milton,indexed,PASS,Submitted and indexed,INDEXING_ALLOWED,ALLOWED,SUCCESSFUL,MOBILE,2026-09-06T18:47:07Z,https://miltonly.com/streets/colville-place-milton,https://miltonly.com/streets/colville-place-milton,,1,10,0,false,
https://miltonly.com/streets/commercial-street-milton,indexed,PASS,Submitted and indexed,INDEXING_ALLOWED,ALLOWED,SUCCESSFUL,MOBILE,2026-08-16T20:26:32Z,https://miltonly.com/streets/commercial-street-milton,https://miltonly.com/streets/commercial-street-milton,,1,33,0,false,
https://miltonly.com/streets/connaught-terrace-milton,other,NEUTRAL,Duplicate without user-selected canonical,INDEXING_ALLOWED,ALLOWED,SUCCESSFUL,MOBILE,2026-07-24T23:33:09Z,https://www.747live.bet/,,https://miltonly.com/sitemap-index.xml https://miltonly.com/sitemap-index.xml https://miltonly.com/sitemap.xml,0,0,0,false,
https://miltonly.com/streets/connors-landing-milton,discovered not indexed,NEUTRAL,Discovered - currently not indexed,INDEXING_STATE_UNSPECIFIED,ROBOTS_TXT_STATE_UNSPECIFIED,PAGE_FETCH_STATE_UNSPECIFIED,CRAWLING_USER_AGENT_UNSPECIFIED,,,,https://miltonly.com/sitemap-index.xml https://miltonly.com/sitemap.xml,1,2,0,false,
https://miltonly.com/streets/conservation-road-milton,indexed,PASS,Submitted and indexed,INDEXING_ALLOWED,ALLOWED,SUCCESSFUL,MOBILE,2026-08-01T06:17:03Z,https://miltonly.com/streets/conservation-road-milton,https://miltonly.com/streets/conservation-road-milton,,2,3,0,false,
https://miltonly.com/streets/conway-court-milton,discovered not indexed,NEUTRAL,Discovered - currently not indexed,INDEXING_STATE_UNSPECIFIED,ROBOTS_TXT_STATE_UNSPECIFIED,PAGE_FETCH_STATE_UNSPECIFIED,CRAWLING_USER_AGENT_UNSPECIFIED,,,,https://miltonly.com/sitemap-index.xml https://miltonly.com/sitemap.xml,1,0,0,false,
https://miltonly.com/streets/cooke-crescent-milton,indexed,PASS,Submitted and indexed,INDEXING_ALLOWED,ALLOWED,SUCCESSFUL,MOBILE,2026-08-30T14:31:14Z,https://miltonly.com/streets/cooke-crescent-milton,https://miltonly.com/streets/cooke-crescent-milton,https://miltonly.com/sitemap-index.xml https://miltonly.com/sitemap.xml,1,5,0,false,
https://miltonly.com/streets/cookman-drive-milton,indexed,PASS,Submitted and indexed,INDEXING_ALLOWED,ALLOWED,SUCCESSFUL,MOBILE,2026-09-06T21:37:38Z,https://miltonly.com/streets/cookman-drive-milton,https://miltonly.com/streets/cookman-drive-milton,https://miltonly.com/sitemap-index.xml https://miltonly.com/sitemap.xml,1,9,0,false,
https://miltonly.com/streets/coombs-court-milton,indexed,PASS,Submitted and indexed,INDEXING_ALLOWED,ALLOWED,SUCCESSFUL,MOBILE,2026-08-29T08:12:15Z,https://miltonly.com/streets/coombs-court-milton,https://miltonly.com/streets/coombs-court-milton,https://miltonly.com/sitemap-index.xml https://miltonly.com/sitemap.xml,2,10,0,false,
https://miltonly.com/streets/cooper-avenue-milton,other,NEUTRAL,URL is unknown to Google,INDEXING_STATE_UNSPECIFIED,ROBOTS_TXT_STATE_UNSPECIFIED,PAGE_FETCH_STATE_UNSPECIFIED,,,,,,0,0,0,false,
https://miltonly.com/streets/copeland-circle-milton,indexed,PASS,Submitted and indexed,INDEXING_ALLOWED,ALLOWED,SUCCESSFUL,MOBILE,2026-09-02T17:17:16Z,https://miltonly.com/streets/copeland-circle-milton,https://miltonly.com/streets/copeland-circle-milton,https://miltonly.com/sitemap-index.xml https://miltonly.com/sitemap.xml,0,52,0,false,
https://miltonly.com/streets/copley-court-milton,discovered not indexed,NEUTRAL,Discovered - currently not indexed,INDEXING_STATE_UNSPECIFIED,ROBOTS_TXT_STATE_UNSPECIFIED,PAGE_FETCH_STATE_UNSPECIFIED,CRAWLING_USER_AGENT_UNSPECIFIED,,,,https://miltonly.com/sitemap-index.xml https://miltonly.com/sitemap.xml,1,0,0,false,
https://miltonly.com/streets/costigan-road-milton,indexed,PASS,Submitted and indexed,INDEXING_ALLOWED,ALLOWED,SUCCESSFUL,MOBILE,2026-09-18T13:20:58Z,https://miltonly.com/streets/costigan-road-milton,https://miltonly.com/streets/costigan-road-milton,https://miltonly.com/sitemap-index.xml https://miltonly.com/sitemap-index.xml https://miltonly.com/sitemap.xml,2,58,1,false,
https://miltonly.com/streets/coulson-avenue-milton,indexed,PASS,Submitted and indexed,INDEXING_ALLOWED,ALLOWED,SUCCESSFUL,MOBILE,2026-08-29T02:49:08Z,https://miltonly.com/streets/coulson-avenue-milton,https://miltonly.com/streets/coulson-avenue-milton,https://miltonly.com/sitemap-index.xml https://miltonly.com/sitemap.xml,1,34,0,false,
https://miltonly.com/streets/country-lane-court-milton,indexed,PASS,Submitted and indexed,INDEXING_ALLOWED,ALLOWED,SUCCESSFUL,MOBILE,2026-07-24T07:00:35Z,https://miltonly.com/streets/country-lane-court-milton,https://miltonly.com/streets/country-lane-court-milton,https://miltonly.com/sitemap-index.xml https://miltonly.com/sitemap.xml,1,0,0,false,
https://miltonly.com/streets/court-street-milton,indexed,PASS,Submitted and indexed,INDEXING_ALLOWED,ALLOWED,SUCCESSFUL,MOBILE,2026-07-23T13:11:42Z,https://miltonly.com/streets/court-street-milton,https://miltonly.com/streets/court-street-milton,,1,3,0,false,
https://miltonly.com/streets/cousens-terrace-milton,discovered not indexed,NEUTRAL,Discovered - currently not indexed,INDEXING_STATE_UNSPECIFIED,ROBOTS_TXT_STATE_UNSPECIFIED,PAGE_FETCH_STATE_UNSPECIFIED,CRAWLING_USER_AGENT_UNSPECIFIED,,,,https://miltonly.com/sitemap-index.xml https://miltonly.com/sitemap.xml,1,0,0,false,
https://miltonly.com/streets/coxe-boulevard-milton,discovered not indexed,NEUTRAL,Discovered - currently not indexed,INDEXING_STATE_UNSPECIFIED,ROBOTS_TXT_STATE_UNSPECIFIED,PAGE_FETCH_STATE_UNSPECIFIED,CRAWLING_USER_AGENT_UNSPECIFIED,,,,https://miltonly.com/sitemap-index.xml https://miltonly.com/sitemap.xml,2,0,0,false,
https://miltonly.com/streets/cranberry-crescent-milton,other,NEUTRAL,URL is unknown to Google,INDEXING_STATE_UNSPECIFIED,ROBOTS_TXT_STATE_UNSPECIFIED,PAGE_FETCH_STATE_UNSPECIFIED,,,,,,0,0,0,false,
https://miltonly.com/streets/crawford-crescent-milton,discovered not indexed,NEUTRAL,Discovered - currently not indexed,INDEXING_STATE_UNSPECIFIED,ROBOTS_TXT_STATE_UNSPECIFIED,PAGE_FETCH_STATE_UNSPECIFIED,CRAWLING_USER_AGENT_UNSPECIFIED,,,,https://miltonly.com/sitemap-index.xml https://miltonly.com/sitemap.xml,1,0,0,false,
https://miltonly.com/streets/croft-avenue-milton,discovered not indexed,NEUTRAL,Discovered - currently not indexed,INDEXING_STATE_UNSPECIFIED,ROBOTS_TXT_STATE_UNSPECIFIED,PAGE_FETCH_STATE_UNSPECIFIED,CRAWLING_USER_AGENT_UNSPECIFIED,,,,https://miltonly.com/sitemap-index.xml https://miltonly.com/sitemap-index.xml https://miltonly.com/sitemap.xml,1,0,0,false,
https://miltonly.com/streets/crozier-crescent-milton,discovered not indexed,NEUTRAL,Discovered - currently not indexed,INDEXING_STATE_UNSPECIFIED,ROBOTS_TXT_STATE_UNSPECIFIED,PAGE_FETCH_STATE_UNSPECIFIED,CRAWLING_USER_AGENT_UNSPECIFIED,,,,https://miltonly.com/sitemap-index.xml https://miltonly.com/sitemap.xml,1,0,0,false,
https://miltonly.com/streets/culcastle-drive-milton,discovered not indexed,NEUTRAL,Discovered - currently not indexed,INDEXING_STATE_UNSPECIFIED,ROBOTS_TXT_STATE_UNSPECIFIED,PAGE_FETCH_STATE_UNSPECIFIED,CRAWLING_USER_AGENT_UNSPECIFIED,,,,https://miltonly.com/sitemap-index.xml https://miltonly.com/sitemap.xml,0,0,0,false,
https://miltonly.com/streets/cumming-boulevard-milton,discovered not indexed,NEUTRAL,Discovered - currently not indexed,INDEXING_STATE_UNSPECIFIED,ROBOTS_TXT_STATE_UNSPECIFIED,PAGE_FETCH_STATE_UNSPECIFIED,CRAWLING_USER_AGENT_UNSPECIFIED,,,,https://miltonly.com/sitemap-index.xml https://miltonly.com/sitemap.xml,0,0,0,false,
https://miltonly.com/streets/cunningham-court-milton,indexed,PASS,Submitted and indexed,INDEXING_ALLOWED,ALLOWED,SUCCESSFUL,MOBILE,2026-09-01T17:45:28Z,https://miltonly.com/streets/cunningham-court-milton,https://miltonly.com/streets/cunningham-court-milton,https://miltonly.com/sitemap-index.xml https://miltonly.com/sitemap.xml,1,6,1,false,
https://miltonly.com/streets/cusick-circle-milton,other,NEUTRAL,URL is unknown to Google,INDEXING_STATE_UNSPECIFIED,ROBOTS_TXT_STATE_UNSPECIFIED,PAGE_FETCH_STATE_UNSPECIFIED,,,,,,0,0,0,false,
https://miltonly.com/streets/dalgleish-garden-milton,discovered not indexed,NEUTRAL,Discovered - currently not indexed,INDEXING_STATE_UNSPECIFIED,ROBOTS_TXT_STATE_UNSPECIFIED,PAGE_FETCH_STATE_UNSPECIFIED,CRAWLING_USER_AGENT_UNSPECIFIED,,,,https://miltonly.com/sitemap-index.xml https://miltonly.com/sitemap.xml,0,0,0,false,
https://miltonly.com/streets/dalhousie-gate-milton,discovered not indexed,NEUTRAL,Discovered - currently not indexed,INDEXING_STATE_UNSPECIFIED,ROBOTS_TXT_STATE_UNSPECIFIED,PAGE_FETCH_STATE_UNSPECIFIED,CRAWLING_USER_AGENT_UNSPECIFIED,,,,https://miltonly.com/sitemap-index.xml https://miltonly.com/sitemap-index.xml https://miltonly.com/sitemap.xml,1,0,0,false,
https://miltonly.com/streets/dance-court-milton,discovered not indexed,NEUTRAL,Discovered - currently not indexed,INDEXING_STATE_UNSPECIFIED,ROBOTS_TXT_STATE_UNSPECIFIED,PAGE_FETCH_STATE_UNSPECIFIED,CRAWLING_USER_AGENT_UNSPECIFIED,,,,https://miltonly.com/sitemap-index.xml https://miltonly.com/sitemap.xml,1,0,0,false,
https://miltonly.com/streets/davis-lane-milton,discovered not indexed,NEUTRAL,Discovered - currently not indexed,INDEXING_STATE_UNSPECIFIED,ROBOTS_TXT_STATE_UNSPECIFIED,PAGE_FETCH_STATE_UNSPECIFIED,CRAWLING_USER_AGENT_UNSPECIFIED,,,,https://miltonly.com/sitemap-index.xml https://miltonly.com/sitemap-index.xml https://miltonly.com/sitemap.xml,2,0,0,false,
https://miltonly.com/streets/dawson-crescent-milton,indexed,PASS,Submitted and indexed,INDEXING_ALLOWED,ALLOWED,SUCCESSFUL,MOBILE,2026-08-30T00:33:11Z,https://miltonly.com/streets/dawson-crescent-milton,https://miltonly.com/streets/dawson-crescent-milton,https://miltonly.com/sitemap-index.xml https://miltonly.com/sitemap.xml,2,19,0,false,
https://miltonly.com/streets/day-terrace-milton,other,NEUTRAL,URL is unknown to Google,INDEXING_STATE_UNSPECIFIED,ROBOTS_TXT_STATE_UNSPECIFIED,PAGE_FETCH_STATE_UNSPECIFIED,,,,,,0,0,0,false,
https://miltonly.com/streets/deacon-drive-milton,discovered not indexed,NEUTRAL,Discovered - currently not indexed,INDEXING_STATE_UNSPECIFIED,ROBOTS_TXT_STATE_UNSPECIFIED,PAGE_FETCH_STATE_UNSPECIFIED,CRAWLING_USER_AGENT_UNSPECIFIED,,,,https://miltonly.com/sitemap-index.xml https://miltonly.com/sitemap-index.xml https://miltonly.com/sitemap.xml,0,0,0,false,
https://miltonly.com/streets/dempsey-crescent-milton,other,NEUTRAL,URL is unknown to Google,INDEXING_STATE_UNSPECIFIED,ROBOTS_TXT_STATE_UNSPECIFIED,PAGE_FETCH_STATE_UNSPECIFIED,,,,,,0,0,0,false,
https://miltonly.com/streets/dent-terrace-milton,indexed,PASS,Submitted and indexed,INDEXING_ALLOWED,ALLOWED,SUCCESSFUL,MOBILE,2026-08-31T15:31:19Z,https://miltonly.com/streets/dent-terrace-milton,https://miltonly.com/streets/dent-terrace-milton,https://miltonly.com/sitemap-index.xml https://miltonly.com/sitemap.xml,1,86,2,false,
https://miltonly.com/streets/denyes-way-milton,other,NEUTRAL,URL is unknown to Google,INDEXING_STATE_UNSPECIFIED,ROBOTS_TXT_STATE_UNSPECIFIED,PAGE_FETCH_STATE_UNSPECIFIED,,,,,,0,0,0,true,
https://miltonly.com/streets/derry-road-milton,discovered not indexed,NEUTRAL,Discovered - currently not indexed,INDEXING_STATE_UNSPECIFIED,ROBOTS_TXT_STATE_UNSPECIFIED,PAGE_FETCH_STATE_UNSPECIFIED,CRAWLING_USER_AGENT_UNSPECIFIED,,,,https://miltonly.com/sitemap-index.xml https://miltonly.com/sitemap.xml,1,0,0,false,
https://miltonly.com/streets/detlor-heights-milton,other,NEUTRAL,URL is unknown to Google,INDEXING_STATE_UNSPECIFIED,ROBOTS_TXT_STATE_UNSPECIFIED,PAGE_FETCH_STATE_UNSPECIFIED,,,,,,0,0,0,false,
https://miltonly.com/streets/deverell-place-milton,indexed,PASS,Submitted and indexed,INDEXING_ALLOWED,ALLOWED,SUCCESSFUL,MOBILE,2026-07-24T04:28:23Z,https://miltonly.com/streets/deverell-place-milton,https://miltonly.com/streets/deverell-place-milton,https://miltonly.com/sitemap-index.xml https://miltonly.com/sitemap.xml,1,8,1,false,
https://miltonly.com/streets/devine-point-milton,indexed,PASS,Submitted and indexed,INDEXING_ALLOWED,ALLOWED,SUCCESSFUL,MOBILE,2026-09-07T02:47:16Z,https://miltonly.com/streets/devine-point-milton,https://miltonly.com/streets/devine-point-milton,https://miltonly.com/sitemap-index.xml https://miltonly.com/sitemap.xml,1,7,0,false,
https://miltonly.com/streets/dewar-court-milton,discovered not indexed,NEUTRAL,Discovered - currently not indexed,INDEXING_STATE_UNSPECIFIED,ROBOTS_TXT_STATE_UNSPECIFIED,PAGE_FETCH_STATE_UNSPECIFIED,CRAWLING_USER_AGENT_UNSPECIFIED,,,,https://miltonly.com/sitemap-index.xml https://miltonly.com/sitemap.xml,1,0,0,true,
https://miltonly.com/streets/dice-way-milton,discovered not indexed,NEUTRAL,Discovered - currently not indexed,INDEXING_STATE_UNSPECIFIED,ROBOTS_TXT_STATE_UNSPECIFIED,PAGE_FETCH_STATE_UNSPECIFIED,CRAWLING_USER_AGENT_UNSPECIFIED,,,,https://miltonly.com/sitemap-index.xml https://miltonly.com/sitemap.xml,0,0,0,false,
https://miltonly.com/streets/diefenbaker-street-milton,other,NEUTRAL,URL is unknown to Google,INDEXING_STATE_UNSPECIFIED,ROBOTS_TXT_STATE_UNSPECIFIED,PAGE_FETCH_STATE_UNSPECIFIED,,,,,,0,0,0,false,
https://miltonly.com/streets/dills-crescent-milton,discovered not indexed,NEUTRAL,Discovered - currently not indexed,INDEXING_STATE_UNSPECIFIED,ROBOTS_TXT_STATE_UNSPECIFIED,PAGE_FETCH_STATE_UNSPECIFIED,CRAWLING_USER_AGENT_UNSPECIFIED,,,,https://miltonly.com/sitemap-index.xml https://miltonly.com/sitemap.xml,1,0,0,false,
https://miltonly.com/streets/dinsmore-drive-milton,other,NEUTRAL,URL is unknown to Google,INDEXING_STATE_UNSPECIFIED,ROBOTS_TXT_STATE_UNSPECIFIED,PAGE_FETCH_STATE_UNSPECIFIED,,,,,,0,0,0,false,
https://miltonly.com/streets/dixon-drive-milton,discovered not indexed,NEUTRAL,Discovered - currently not indexed,INDEXING_STATE_UNSPECIFIED,ROBOTS_TXT_STATE_UNSPECIFIED,PAGE_FETCH_STATE_UNSPECIFIED,CRAWLING_USER_AGENT_UNSPECIFIED,,,,https://miltonly.com/sitemap-index.xml https://miltonly.com/sitemap-index.xml https://miltonly.com/sitemap.xml,0,0,0,false,
https://miltonly.com/streets/dockray-drive-milton,other,NEUTRAL,URL is unknown to Google,INDEXING_STATE_UNSPECIFIED,ROBOTS_TXT_STATE_UNSPECIFIED,PAGE_FETCH_STATE_UNSPECIFIED,,,,,,0,0,0,false,
https://miltonly.com/streets/dolby-crescent-milton,indexed,PASS,Submitted and indexed,INDEXING_ALLOWED,ALLOWED,SUCCESSFUL,MOBILE,2026-08-17T14:27:44Z,https://miltonly.com/streets/dolby-crescent-milton,https://miltonly.com/streets/dolby-crescent-milton,,0,21,0,false,
https://miltonly.com/streets/donaldson-lane-milton,discovered not indexed,NEUTRAL,Discovered - currently not indexed,INDEXING_STATE_UNSPECIFIED,ROBOTS_TXT_STATE_UNSPECIFIED,PAGE_FETCH_STATE_UNSPECIFIED,CRAWLING_USER_AGENT_UNSPECIFIED,,,,https://miltonly.com/sitemap-index.xml https://miltonly.com/sitemap.xml,1,0,0,true,
https://miltonly.com/streets/donnelly-street-milton,indexed,PASS,Submitted and indexed,INDEXING_ALLOWED,ALLOWED,SUCCESSFUL,MOBILE,2026-08-31T16:05:41Z,https://miltonly.com/streets/donnelly-street-milton,https://miltonly.com/streets/donnelly-street-milton,,1,21,0,false,
https://miltonly.com/streets/donovan-heights-milton,discovered not indexed,NEUTRAL,Discovered - currently not indexed,INDEXING_STATE_UNSPECIFIED,ROBOTS_TXT_STATE_UNSPECIFIED,PAGE_FETCH_STATE_UNSPECIFIED,CRAWLING_USER_AGENT_UNSPECIFIED,,,,https://miltonly.com/sitemap-index.xml https://miltonly.com/sitemap.xml,0,0,0,false,
https://miltonly.com/streets/doran-crescent-milton,indexed,PASS,Submitted and indexed,INDEXING_ALLOWED,ALLOWED,SUCCESSFUL,MOBILE,2026-09-06T18:15:55Z,https://miltonly.com/streets/doran-crescent-milton,https://miltonly.com/streets/doran-crescent-milton,,1,7,0,false,
https://miltonly.com/streets/dow-landing-milton,discovered not indexed,NEUTRAL,Discovered - currently not indexed,INDEXING_STATE_UNSPECIFIED,ROBOTS_TXT_STATE_UNSPECIFIED,PAGE_FETCH_STATE_UNSPECIFIED,CRAWLING_USER_AGENT_UNSPECIFIED,,,,https://miltonly.com/sitemap-index.xml https://miltonly.com/sitemap.xml,0,0,0,false,
https://miltonly.com/streets/downes-jackson-heights-milton,indexed,PASS,Submitted and indexed,INDEXING_ALLOWED,ALLOWED,SUCCESSFUL,MOBILE,2026-09-06T14:59:02Z,https://miltonly.com/streets/downes-jackson-heights-milton,https://miltonly.com/streets/downes-jackson-heights-milton,,1,5,0,false,
https://miltonly.com/streets/drew-centre-milton,other,NEUTRAL,URL is unknown to Google,INDEXING_STATE_UNSPECIFIED,ROBOTS_TXT_STATE_UNSPECIFIED,PAGE_FETCH_STATE_UNSPECIFIED,,,,,,0,0,0,false,
https://miltonly.com/streets/drysdale-crescent-milton,other,NEUTRAL,URL is unknown to Google,INDEXING_STATE_UNSPECIFIED,ROBOTS_TXT_STATE_UNSPECIFIED,PAGE_FETCH_STATE_UNSPECIFIED,,,,,,0,0,0,false,
https://miltonly.com/streets/duff-crescent-milton,discovered not indexed,NEUTRAL,Discovered - currently not indexed,INDEXING_STATE_UNSPECIFIED,ROBOTS_TXT_STATE_UNSPECIFIED,PAGE_FETCH_STATE_UNSPECIFIED,CRAWLING_USER_AGENT_UNSPECIFIED,,,,https://miltonly.com/sitemap-index.xml https://miltonly.com/sitemap.xml,0,0,0,false,
https://miltonly.com/streets/duignan-crescent-milton,indexed,PASS,Submitted and indexed,INDEXING_ALLOWED,ALLOWED,SUCCESSFUL,MOBILE,2026-09-06T18:23:00Z,https://miltonly.com/streets/duignan-crescent-milton,https://miltonly.com/streets/duignan-crescent-milton,https://miltonly.com/sitemap-index.xml https://miltonly.com/sitemap-index.xml https://miltonly.com/sitemap.xml,2,23,0,false,
https://miltonly.com/streets/duncan-lane-milton,discovered not indexed,NEUTRAL,Discovered - currently not indexed,INDEXING_STATE_UNSPECIFIED,ROBOTS_TXT_STATE_UNSPECIFIED,PAGE_FETCH_STATE_UNSPECIFIED,CRAWLING_USER_AGENT_UNSPECIFIED,,,,https://miltonly.com/sitemap-index.xml https://miltonly.com/sitemap.xml,0,0,0,false,
https://miltonly.com/streets/durno-court-milton,other,NEUTRAL,URL is unknown to Google,INDEXING_STATE_UNSPECIFIED,ROBOTS_TXT_STATE_UNSPECIFIED,PAGE_FETCH_STATE_UNSPECIFIED,,,,,,0,0,0,true,
https://miltonly.com/streets/dymott-avenue-milton,indexed,PASS,Submitted and indexed,INDEXING_ALLOWED,ALLOWED,SUCCESSFUL,MOBILE,2026-08-29T03:35:24Z,https://miltonly.com/streets/dymott-avenue-milton,https://miltonly.com/streets/dymott-avenue-milton,https://miltonly.com/sitemap-index.xml https://miltonly.com/sitemap.xml,0,32,0,false,
https://miltonly.com/streets/earl-crescent-milton,discovered not indexed,NEUTRAL,Discovered - currently not indexed,INDEXING_STATE_UNSPECIFIED,ROBOTS_TXT_STATE_UNSPECIFIED,PAGE_FETCH_STATE_UNSPECIFIED,CRAWLING_USER_AGENT_UNSPECIFIED,,,,https://miltonly.com/sitemap-index.xml https://miltonly.com/sitemap.xml,1,0,0,false,
https://miltonly.com/streets/eden-place-milton,other,NEUTRAL,URL is unknown to Google,INDEXING_STATE_UNSPECIFIED,ROBOTS_TXT_STATE_UNSPECIFIED,PAGE_FETCH_STATE_UNSPECIFIED,,,,,,0,0,0,false,
https://miltonly.com/streets/edison-court-milton,discovered not indexed,NEUTRAL,Discovered - currently not indexed,INDEXING_STATE_UNSPECIFIED,ROBOTS_TXT_STATE_UNSPECIFIED,PAGE_FETCH_STATE_UNSPECIFIED,CRAWLING_USER_AGENT_UNSPECIFIED,,,,https://miltonly.com/sitemap-index.xml https://miltonly.com/sitemap.xml,0,0,0,false,
https://miltonly.com/streets/edwards-avenue-milton,indexed,PASS,Submitted and indexed,INDEXING_ALLOWED,ALLOWED,SUCCESSFUL,MOBILE,2026-08-18T14:20:19Z,https://miltonly.com/streets/edwards-avenue-milton,https://miltonly.com/streets/edwards-avenue-milton,,0,42,0,false,
https://miltonly.com/streets/eighth-line-milton,indexed,PASS,Submitted and indexed,INDEXING_ALLOWED,ALLOWED,SUCCESSFUL,MOBILE,2026-08-30T04:42:11Z,https://miltonly.com/streets/eighth-line-milton,https://miltonly.com/streets/eighth-line-milton,https://miltonly.com/sitemap-index.xml https://miltonly.com/sitemap.xml,1,19,0,true,
https://miltonly.com/streets/elderberry-crescent-milton,discovered not indexed,NEUTRAL,Discovered - currently not indexed,INDEXING_STATE_UNSPECIFIED,ROBOTS_TXT_STATE_UNSPECIFIED,PAGE_FETCH_STATE_UNSPECIFIED,CRAWLING_USER_AGENT_UNSPECIFIED,,,,https://miltonly.com/sitemap-index.xml https://miltonly.com/sitemap.xml,1,0,0,false,
https://miltonly.com/streets/ellenton-crescent-milton,indexed,PASS,Submitted and indexed,INDEXING_ALLOWED,ALLOWED,SUCCESSFUL,MOBILE,2026-09-11T15:04:36Z,https://miltonly.com/streets/ellenton-crescent-milton,https://miltonly.com/streets/ellenton-crescent-milton,,1,24,0,false,
https://miltonly.com/streets/elliott-crescent-milton,other,NEUTRAL,URL is unknown to Google,INDEXING_STATE_UNSPECIFIED,ROBOTS_TXT_STATE_UNSPECIFIED,PAGE_FETCH_STATE_UNSPECIFIED,,,,,,0,0,0,false,
https://miltonly.com/streets/ellis-crescent-milton,discovered not indexed,NEUTRAL,Discovered - currently not indexed,INDEXING_STATE_UNSPECIFIED,ROBOTS_TXT_STATE_UNSPECIFIED,PAGE_FETCH_STATE_UNSPECIFIED,CRAWLING_USER_AGENT_UNSPECIFIED,,,,https://miltonly.com/sitemap-index.xml https://miltonly.com/sitemap.xml,2,0,0,false,
https://miltonly.com/streets/elm-avenue-milton,discovered not indexed,NEUTRAL,Discovered - currently not indexed,INDEXING_STATE_UNSPECIFIED,ROBOTS_TXT_STATE_UNSPECIFIED,PAGE_FETCH_STATE_UNSPECIFIED,CRAWLING_USER_AGENT_UNSPECIFIED,,,,https://miltonly.com/sitemap-index.xml https://miltonly.com/sitemap.xml,0,0,0,false,
https://miltonly.com/streets/elmwood-crescent-milton,discovered not indexed,NEUTRAL,Discovered - currently not indexed,INDEXING_STATE_UNSPECIFIED,ROBOTS_TXT_STATE_UNSPECIFIED,PAGE_FETCH_STATE_UNSPECIFIED,CRAWLING_USER_AGENT_UNSPECIFIED,,,,https://miltonly.com/sitemap-index.xml https://miltonly.com/sitemap.xml,0,0,0,false,
https://miltonly.com/streets/elsley-court-milton,indexed,PASS,Submitted and indexed,INDEXING_ALLOWED,ALLOWED,SUCCESSFUL,MOBILE,2026-09-18T17:27:26Z,https://miltonly.com/streets/elsley-court-milton,https://miltonly.com/streets/elsley-court-milton,,1,9,0,false,
https://miltonly.com/streets/elsworthy-crossing-milton,other,NEUTRAL,URL is unknown to Google,INDEXING_STATE_UNSPECIFIED,ROBOTS_TXT_STATE_UNSPECIFIED,PAGE_FETCH_STATE_UNSPECIFIED,,,,,,0,0,0,false,
https://miltonly.com/streets/emmett-landing-milton,indexed,PASS,Submitted and indexed,INDEXING_ALLOWED,ALLOWED,SUCCESSFUL,MOBILE,2026-09-23T16:29:45Z,https://miltonly.com/streets/emmett-landing-milton,https://miltonly.com/streets/emmett-landing-milton,,1,1,0,false,
https://miltonly.com/streets/english-mill-court-milton,indexed,PASS,Submitted and indexed,INDEXING_ALLOWED,ALLOWED,SUCCESSFUL,MOBILE,2026-09-23T14:32:38Z,https://miltonly.com/streets/english-mill-court-milton,https://miltonly.com/streets/english-mill-court-milton,https://miltonly.com/sitemap-index.xml https://miltonly.com/sitemap.xml,1,1,0,false,
https://miltonly.com/streets/esquesing-line-milton,indexed,PASS,Submitted and indexed,INDEXING_ALLOWED,ALLOWED,SUCCESSFUL,MOBILE,2026-08-23T17:53:36Z,https://miltonly.com/streets/esquesing-line-milton,https://miltonly.com/streets/esquesing-line-milton,https://miltonly.com/sitemap-index.xml https://miltonly.com/sitemap.xml,1,12,0,false,
https://miltonly.com/streets/etheridge-avenue-milton,indexed,PASS,Submitted and indexed,INDEXING_ALLOWED,ALLOWED,SUCCESSFUL,MOBILE,2026-09-26T17:35:33Z,https://miltonly.com/streets/etheridge-avenue-milton,https://miltonly.com/streets/etheridge-avenue-milton,,1,170,2,false,
https://miltonly.com/streets/etherington-way-milton,indexed,PASS,Submitted and indexed,INDEXING_ALLOWED,ALLOWED,SUCCESSFUL,MOBILE,2026-09-27T18:44:08Z,https://miltonly.com/streets/etherington-way-milton,https://miltonly.com/streets/etherington-way-milton,https://miltonly.com/sitemap-index.xml https://miltonly.com/sitemap.xml,0,29,0,false,
https://miltonly.com/streets/eves-gate-milton,indexed,PASS,Submitted and indexed,INDEXING_ALLOWED,ALLOWED,SUCCESSFUL,MOBILE,2026-09-11T11:10:48Z,https://miltonly.com/streets/eves-gate-milton,https://miltonly.com/streets/eves-gate-milton,https://miltonly.com/sitemap-index.xml https://miltonly.com/sitemap.xml,1,4,0,false,
https://miltonly.com/streets/ezard-crescent-milton,discovered not indexed,NEUTRAL,Discovered - currently not indexed,INDEXING_STATE_UNSPECIFIED,ROBOTS_TXT_STATE_UNSPECIFIED,PAGE_FETCH_STATE_UNSPECIFIED,CRAWLING_USER_AGENT_UNSPECIFIED,,,,https://miltonly.com/sitemap-index.xml https://miltonly.com/sitemap.xml,1,0,0,false,
https://miltonly.com/streets/farlow-crescent-milton,indexed,PASS,Submitted and indexed,INDEXING_ALLOWED,ALLOWED,SUCCESSFUL,MOBILE,2026-09-11T02:59:01Z,https://miltonly.com/streets/farlow-crescent-milton,https://miltonly.com/streets/farlow-crescent-milton,https://miltonly.com/sitemap-index.xml https://miltonly.com/sitemap.xml,0,17,1,false,
https://miltonly.com/streets/farmstead-drive-milton,discovered not indexed,NEUTRAL,Discovered - currently not indexed,INDEXING_STATE_UNSPECIFIED,ROBOTS_TXT_STATE_UNSPECIFIED,PAGE_FETCH_STATE_UNSPECIFIED,CRAWLING_USER_AGENT_UNSPECIFIED,,,,https://miltonly.com/sitemap-index.xml https://miltonly.com/sitemap-index.xml https://miltonly.com/sitemap.xml,2,0,0,false,
https://miltonly.com/streets/farrell-court-milton,other,NEUTRAL,URL is unknown to Google,INDEXING_STATE_UNSPECIFIED,ROBOTS_TXT_STATE_UNSPECIFIED,PAGE_FETCH_STATE_UNSPECIFIED,,,,,,0,0,0,true,
https://miltonly.com/streets/farrington-crossing-milton,discovered not indexed,NEUTRAL,Discovered - currently not indexed,INDEXING_STATE_UNSPECIFIED,ROBOTS_TXT_STATE_UNSPECIFIED,PAGE_FETCH_STATE_UNSPECIFIED,CRAWLING_USER_AGENT_UNSPECIFIED,,,,https://miltonly.com/sitemap-index.xml https://miltonly.com/sitemap.xml,0,0,0,false,
https://miltonly.com/streets/fasken-court-milton,other,NEUTRAL,URL is unknown to Google,INDEXING_STATE_UNSPECIFIED,ROBOTS_TXT_STATE_UNSPECIFIED,PAGE_FETCH_STATE_UNSPECIFIED,,,,,,0,0,0,false,
https://miltonly.com/streets/featherstone-road-milton,indexed,PASS,Submitted and indexed,INDEXING_ALLOWED,ALLOWED,SUCCESSFUL,MOBILE,2026-08-22T09:40:49Z,https://miltonly.com/streets/featherstone-road-milton,https://miltonly.com/streets/featherstone-road-milton,,2,20,0,false,
https://miltonly.com/streets/fennamore-terrace-milton,discovered not indexed,NEUTRAL,Discovered - currently not indexed,INDEXING_STATE_UNSPECIFIED,ROBOTS_TXT_STATE_UNSPECIFIED,PAGE_FETCH_STATE_UNSPECIFIED,CRAWLING_USER_AGENT_UNSPECIFIED,,,,https://miltonly.com/sitemap-index.xml https://miltonly.com/sitemap.xml,1,0,0,false,
https://miltonly.com/streets/ferguson-drive-milton,other,NEUTRAL,URL is unknown to Google,INDEXING_STATE_UNSPECIFIED,ROBOTS_TXT_STATE_UNSPECIFIED,PAGE_FETCH_STATE_UNSPECIFIED,,,,,,0,0,0,false,
https://miltonly.com/streets/field-drive-milton,indexed,PASS,Submitted and indexed,INDEXING_ALLOWED,ALLOWED,SUCCESSFUL,MOBILE,2026-08-10T07:12:04Z,https://miltonly.com/streets/field-drive-milton,https://miltonly.com/streets/field-drive-milton,https://miltonly.com/sitemap-index.xml https://miltonly.com/sitemap.xml,1,18,0,false,
https://miltonly.com/streets/fifth-line-milton,discovered not indexed,NEUTRAL,Discovered - currently not indexed,INDEXING_STATE_UNSPECIFIED,ROBOTS_TXT_STATE_UNSPECIFIED,PAGE_FETCH_STATE_UNSPECIFIED,CRAWLING_USER_AGENT_UNSPECIFIED,,,,https://miltonly.com/sitemap-index.xml https://miltonly.com/sitemap.xml,1,0,0,false,
https://miltonly.com/streets/fifth-line-nassagaweya-milton,discovered not indexed,NEUTRAL,Discovered - currently not indexed,INDEXING_STATE_UNSPECIFIED,ROBOTS_TXT_STATE_UNSPECIFIED,PAGE_FETCH_STATE_UNSPECIFIED,CRAWLING_USER_AGENT_UNSPECIFIED,,,,https://miltonly.com/sitemap-index.xml https://miltonly.com/sitemap.xml,0,0,0,true,
https://miltonly.com/streets/finney-terrace-milton,discovered not indexed,NEUTRAL,Discovered - currently not indexed,INDEXING_STATE_UNSPECIFIED,ROBOTS_TXT_STATE_UNSPECIFIED,PAGE_FETCH_STATE_UNSPECIFIED,CRAWLING_USER_AGENT_UNSPECIFIED,,,,https://miltonly.com/sitemap-index.xml https://miltonly.com/sitemap.xml,1,0,0,false,
https://miltonly.com/streets/fireweed-gate-milton,discovered not indexed,NEUTRAL,Discovered - currently not indexed,INDEXING_STATE_UNSPECIFIED,ROBOTS_TXT_STATE_UNSPECIFIED,PAGE_FETCH_STATE_UNSPECIFIED,CRAWLING_USER_AGENT_UNSPECIFIED,,,,https://miltonly.com/sitemap-index.xml https://miltonly.com/sitemap.xml,1,0,0,false,
https://miltonly.com/streets/first-line-milton,indexed,PASS,Submitted and indexed,INDEXING_ALLOWED,ALLOWED,SUCCESSFUL,MOBILE,2026-09-03T22:27:46Z,https://miltonly.com/streets/first-line-milton,https://miltonly.com/streets/first-line-milton,,1,13,0,false,
https://miltonly.com/streets/first-line-nassagaweya-milton,indexed,PASS,Submitted and indexed,INDEXING_ALLOWED,ALLOWED,SUCCESSFUL,MOBILE,2026-09-15T02:06:26Z,https://miltonly.com/streets/first-line-nassagaweya-milton,https://miltonly.com/streets/first-line-nassagaweya-milton,https://miltonly.com/sitemap-index.xml https://miltonly.com/sitemap.xml,1,110,1,true,
https://miltonly.com/streets/fitzgerald-crescent-milton,other,NEUTRAL,URL is unknown to Google,INDEXING_STATE_UNSPECIFIED,ROBOTS_TXT_STATE_UNSPECIFIED,PAGE_FETCH_STATE_UNSPECIFIED,,,,,,0,0,0,false,
https://miltonly.com/streets/five-side-road-milton,indexed,PASS,Submitted and indexed,INDEXING_ALLOWED,ALLOWED,SUCCESSFUL,MOBILE,2026-09-11T10:45:48Z,https://miltonly.com/streets/five-side-road-milton,https://miltonly.com/streets/five-side-road-milton,https://miltonly.com/sitemap-index.xml https://miltonly.com/sitemap.xml,1,9,0,false,
https://miltonly.com/streets/fleming-drive-milton,discovered not indexed,NEUTRAL,Discovered - currently not indexed,INDEXING_STATE_UNSPECIFIED,ROBOTS_TXT_STATE_UNSPECIFIED,PAGE_FETCH_STATE_UNSPECIFIED,CRAWLING_USER_AGENT_UNSPECIFIED,,,,https://miltonly.com/sitemap-index.xml https://miltonly.com/sitemap.xml,0,0,0,false,
https://miltonly.com/streets/forbes-terrace-milton,other,NEUTRAL,URL is unknown to Google,INDEXING_STATE_UNSPECIFIED,ROBOTS_TXT_STATE_UNSPECIFIED,PAGE_FETCH_STATE_UNSPECIFIED,,,,,,0,0,0,false,
https://miltonly.com/streets/foster-court-milton,discovered not indexed,NEUTRAL,Discovered - currently not indexed,INDEXING_STATE_UNSPECIFIED,ROBOTS_TXT_STATE_UNSPECIFIED,PAGE_FETCH_STATE_UNSPECIFIED,CRAWLING_USER_AGENT_UNSPECIFIED,,,,https://miltonly.com/sitemap-index.xml https://miltonly.com/sitemap.xml,1,0,0,false,
https://miltonly.com/streets/fourth-line-milton,other,NEUTRAL,URL is unknown to Google,INDEXING_STATE_UNSPECIFIED,ROBOTS_TXT_STATE_UNSPECIFIED,PAGE_FETCH_STATE_UNSPECIFIED,,,,,,0,0,0,false,
https://miltonly.com/streets/fourth-line-nassagaweya-milton,indexed,PASS,Submitted and indexed,INDEXING_ALLOWED,ALLOWED,SUCCESSFUL,MOBILE,2026-09-11T12:14:08Z,https://miltonly.com/streets/fourth-line-nassagaweya-milton,https://miltonly.com/streets/fourth-line-nassagaweya-milton,,1,42,0,true,
https://miltonly.com/streets/fowles-court-milton,discovered not indexed,NEUTRAL,Discovered - currently not indexed,INDEXING_STATE_UNSPECIFIED,ROBOTS_TXT_STATE_UNSPECIFIED,PAGE_FETCH_STATE_UNSPECIFIED,CRAWLING_USER_AGENT_UNSPECIFIED,,,,https://miltonly.com/sitemap-index.xml https://miltonly.com/sitemap.xml,1,0,0,false,
https://miltonly.com/streets/fox-crescent-milton,discovered not indexed,NEUTRAL,Discovered - currently not indexed,INDEXING_STATE_UNSPECIFIED,ROBOTS_TXT_STATE_UNSPECIFIED,PAGE_FETCH_STATE_UNSPECIFIED,CRAWLING_USER_AGENT_UNSPECIFIED,,,,https://miltonly.com/sitemap-index.xml https://miltonly.com/sitemap-index.xml https://miltonly.com/sitemap.xml,1,0,0,false,
https://miltonly.com/streets/frank-place-milton,discovered not indexed,NEUTRAL,Discovered - currently not indexed,INDEXING_STATE_UNSPECIFIED,ROBOTS_TXT_STATE_UNSPECIFIED,PAGE_FETCH_STATE_UNSPECIFIED,CRAWLING_USER_AGENT_UNSPECIFIED,,,,https://miltonly.com/sitemap-index.xml https://miltonly.com/sitemap.xml,1,0,0,false,
https://miltonly.com/streets/freeman-trail-milton,indexed,PASS,Submitted and indexed,INDEXING_ALLOWED,ALLOWED,SUCCESSFUL,MOBILE,2026-08-29T20:40:05Z,https://miltonly.com/streets/freeman-trail-milton,https://miltonly.com/streets/freeman-trail-milton,https://miltonly.com/sitemap-index.xml https://miltonly.com/sitemap-index.xml https://miltonly.com/sitemap.xml,1,1,0,false,
https://miltonly.com/streets/french-garden-milton,discovered not indexed,NEUTRAL,Discovered - currently not indexed,INDEXING_STATE_UNSPECIFIED,ROBOTS_TXT_STATE_UNSPECIFIED,PAGE_FETCH_STATE_UNSPECIFIED,CRAWLING_USER_AGENT_UNSPECIFIED,,,,https://miltonly.com/sitemap-index.xml https://miltonly.com/sitemap.xml,0,0,0,true,
https://miltonly.com/streets/frobisher-boulevard-milton,other,NEUTRAL,URL is unknown to Google,INDEXING_STATE_UNSPECIFIED,ROBOTS_TXT_STATE_UNSPECIFIED,PAGE_FETCH_STATE_UNSPECIFIED,,,,,,0,0,0,false,
https://miltonly.com/streets/frost-court-milton,discovered not indexed,NEUTRAL,Discovered - currently not indexed,INDEXING_STATE_UNSPECIFIED,ROBOTS_TXT_STATE_UNSPECIFIED,PAGE_FETCH_STATE_UNSPECIFIED,CRAWLING_USER_AGENT_UNSPECIFIED,,,,https://miltonly.com/sitemap-index.xml https://miltonly.com/sitemap-index.xml https://miltonly.com/sitemap.xml,1,0,0,true,
https://miltonly.com/streets/fullum-landing-milton,discovered not indexed,NEUTRAL,Discovered - currently not indexed,INDEXING_STATE_UNSPECIFIED,ROBOTS_TXT_STATE_UNSPECIFIED,PAGE_FETCH_STATE_UNSPECIFIED,CRAWLING_USER_AGENT_UNSPECIFIED,,,,https://miltonly.com/sitemap-index.xml https://miltonly.com/sitemap.xml,1,0,0,false,
https://miltonly.com/streets/fulton-street-milton,discovered not indexed,NEUTRAL,Discovered - currently not indexed,INDEXING_STATE_UNSPECIFIED,ROBOTS_TXT_STATE_UNSPECIFIED,PAGE_FETCH_STATE_UNSPECIFIED,CRAWLING_USER_AGENT_UNSPECIFIED,,,,https://miltonly.com/sitemap-index.xml https://miltonly.com/sitemap.xml,1,0,0,false,
https://miltonly.com/streets/gainer-crescent-milton,crawled not indexed,NEUTRAL,Crawled - currently not indexed,INDEXING_ALLOWED,ALLOWED,SUCCESSFUL,MOBILE,2026-06-26T12:20:41Z,https://miltonly.com/streets/gainer-crescent-milton,https://miltonly.com/streets/gainer-crescent-milton,https://miltonly.com/sitemap-index.xml https://miltonly.com/sitemap.xml,1,3,0,false,
https://miltonly.com/streets/geddes-landing-milton,discovered not indexed,NEUTRAL,Discovered - currently not indexed,INDEXING_STATE_UNSPECIFIED,ROBOTS_TXT_STATE_UNSPECIFIED,PAGE_FETCH_STATE_UNSPECIFIED,CRAWLING_USER_AGENT_UNSPECIFIED,,,,https://miltonly.com/sitemap-index.xml https://miltonly.com/sitemap.xml,0,0,0,false,
https://miltonly.com/streets/gervais-terrace-milton,indexed,PASS,Submitted and indexed,INDEXING_ALLOWED,ALLOWED,SUCCESSFUL,MOBILE,2026-08-13T13:12:46Z,https://miltonly.com/streets/gervais-terrace-milton,https://miltonly.com/streets/gervais-terrace-milton,https://miltonly.com/sitemap-index.xml https://miltonly.com/sitemap.xml,1,5,0,false,
https://miltonly.com/streets/gibson-crescent-milton,discovered not indexed,NEUTRAL,Discovered - currently not indexed,INDEXING_STATE_UNSPECIFIED,ROBOTS_TXT_STATE_UNSPECIFIED,PAGE_FETCH_STATE_UNSPECIFIED,CRAWLING_USER_AGENT_UNSPECIFIED,,,,https://miltonly.com/sitemap-index.xml https://miltonly.com/sitemap.xml,1,0,0,false,
https://miltonly.com/streets/giddings-crescent-milton,other,NEUTRAL,URL is unknown to Google,INDEXING_STATE_UNSPECIFIED,ROBOTS_TXT_STATE_UNSPECIFIED,PAGE_FETCH_STATE_UNSPECIFIED,,,,,,0,0,0,false,
https://miltonly.com/streets/gifford-crescent-milton,other,NEUTRAL,URL is unknown to Google,INDEXING_STATE_UNSPECIFIED,ROBOTS_TXT_STATE_UNSPECIFIED,PAGE_FETCH_STATE_UNSPECIFIED,,,,,,0,0,0,false,
https://miltonly.com/streets/gillett-point-milton,discovered not indexed,NEUTRAL,Discovered - currently not indexed,INDEXING_STATE_UNSPECIFIED,ROBOTS_TXT_STATE_UNSPECIFIED,PAGE_FETCH_STATE_UNSPECIFIED,CRAWLING_USER_AGENT_UNSPECIFIED,,,,https://miltonly.com/sitemap-index.xml https://miltonly.com/sitemap-index.xml https://miltonly.com/sitemap.xml,1,0,0,false,
https://miltonly.com/streets/given-lane-milton,other,NEUTRAL,URL is unknown to Google,INDEXING_STATE_UNSPECIFIED,ROBOTS_TXT_STATE_UNSPECIFIED,PAGE_FETCH_STATE_UNSPECIFIED,,,,,,0,0,0,false,
https://miltonly.com/streets/gleave-terrace-milton,indexed,PASS,Submitted and indexed,INDEXING_ALLOWED,ALLOWED,SUCCESSFUL,MOBILE,2026-08-01T07:09:03Z,https://miltonly.com/streets/gleave-terrace-milton,https://miltonly.com/streets/gleave-terrace-milton,https://miltonly.com/sitemap-index.xml https://miltonly.com/sitemap.xml,1,32,1,false,
https://miltonly.com/streets/gleeson-road-milton,discovered not indexed,NEUTRAL,Discovered - currently not indexed,INDEXING_STATE_UNSPECIFIED,ROBOTS_TXT_STATE_UNSPECIFIED,PAGE_FETCH_STATE_UNSPECIFIED,CRAWLING_USER_AGENT_UNSPECIFIED,,,,https://miltonly.com/sitemap-index.xml https://miltonly.com/sitemap.xml,1,0,0,false,
https://miltonly.com/streets/glenda-jane-drive-milton,discovered not indexed,NEUTRAL,Discovered - currently not indexed,INDEXING_STATE_UNSPECIFIED,ROBOTS_TXT_STATE_UNSPECIFIED,PAGE_FETCH_STATE_UNSPECIFIED,CRAWLING_USER_AGENT_UNSPECIFIED,,,,https://miltonly.com/sitemap-index.xml https://miltonly.com/sitemap.xml,1,0,0,false,
https://miltonly.com/streets/gollins-drive-milton,indexed,PASS,Submitted and indexed,INDEXING_ALLOWED,ALLOWED,SUCCESSFUL,MOBILE,2026-09-06T13:59:38Z,https://miltonly.com/streets/gollins-drive-milton,https://miltonly.com/streets/gollins-drive-milton,https://miltonly.com/sitemap-index.xml https://miltonly.com/sitemap.xml,2,8,0,false,
https://miltonly.com/streets/gooch-crescent-milton,indexed,PASS,Submitted and indexed,INDEXING_ALLOWED,ALLOWED,SUCCESSFUL,MOBILE,2026-08-25T12:25:42Z,https://miltonly.com/streets/gooch-crescent-milton,https://miltonly.com/streets/gooch-crescent-milton,,1,39,1,false,
https://miltonly.com/streets/gooding-crescent-milton,other,NEUTRAL,URL is unknown to Google,INDEXING_STATE_UNSPECIFIED,ROBOTS_TXT_STATE_UNSPECIFIED,PAGE_FETCH_STATE_UNSPECIFIED,,,,,,0,0,0,false,
https://miltonly.com/streets/goodwin-crescent-milton,discovered not indexed,NEUTRAL,Discovered - currently not indexed,INDEXING_STATE_UNSPECIFIED,ROBOTS_TXT_STATE_UNSPECIFIED,PAGE_FETCH_STATE_UNSPECIFIED,CRAWLING_USER_AGENT_UNSPECIFIED,,,,https://miltonly.com/sitemap-index.xml https://miltonly.com/sitemap.xml,0,0,0,false,
https://miltonly.com/streets/gordon-heights-milton,discovered not indexed,NEUTRAL,Discovered - currently not indexed,INDEXING_STATE_UNSPECIFIED,ROBOTS_TXT_STATE_UNSPECIFIED,PAGE_FETCH_STATE_UNSPECIFIED,CRAWLING_USER_AGENT_UNSPECIFIED,,,,https://miltonly.com/sitemap-index.xml https://miltonly.com/sitemap.xml,1,0,0,false,
https://miltonly.com/streets/gordon-krantz-avenue-milton,discovered not indexed,NEUTRAL,Discovered - currently not indexed,INDEXING_STATE_UNSPECIFIED,ROBOTS_TXT_STATE_UNSPECIFIED,PAGE_FETCH_STATE_UNSPECIFIED,CRAWLING_USER_AGENT_UNSPECIFIED,,,,https://miltonly.com/sitemap-index.xml https://miltonly.com/sitemap.xml,1,0,0,false,
https://miltonly.com/streets/gore-court-milton,discovered not indexed,NEUTRAL,Discovered - currently not indexed,INDEXING_STATE_UNSPECIFIED,ROBOTS_TXT_STATE_UNSPECIFIED,PAGE_FETCH_STATE_UNSPECIFIED,CRAWLING_USER_AGENT_UNSPECIFIED,,,,https://miltonly.com/sitemap-index.xml https://miltonly.com/sitemap.xml,1,0,0,false,
https://miltonly.com/streets/gorham-way-milton,indexed,PASS,Submitted and indexed,INDEXING_ALLOWED,ALLOWED,SUCCESSFUL,MOBILE,2026-09-12T06:00:03Z,https://miltonly.com/streets/gorham-way-milton,https://miltonly.com/streets/gorham-way-milton,,1,50,5,false,
https://miltonly.com/streets/gosford-crescent-milton,discovered not indexed,NEUTRAL,Discovered - currently not indexed,INDEXING_STATE_UNSPECIFIED,ROBOTS_TXT_STATE_UNSPECIFIED,PAGE_FETCH_STATE_UNSPECIFIED,CRAWLING_USER_AGENT_UNSPECIFIED,,,,https://miltonly.com/sitemap-index.xml https://miltonly.com/sitemap-index.xml https://miltonly.com/sitemap.xml,0,0,0,false,
https://miltonly.com/streets/goutouski-crescent-milton,indexed,PASS,Submitted and indexed,INDEXING_ALLOWED,ALLOWED,SUCCESSFUL,MOBILE,2026-08-30T13:15:02Z,https://miltonly.com/streets/goutouski-crescent-milton,https://miltonly.com/streets/goutouski-crescent-milton,https://miltonly.com/sitemap-index.xml https://miltonly.com/sitemap.xml,0,6,0,false,
https://miltonly.com/streets/governors-court-milton,discovered not indexed,NEUTRAL,Discovered - currently not indexed,INDEXING_STATE_UNSPECIFIED,ROBOTS_TXT_STATE_UNSPECIFIED,PAGE_FETCH_STATE_UNSPECIFIED,CRAWLING_USER_AGENT_UNSPECIFIED,,,,https://miltonly.com/sitemap-index.xml https://miltonly.com/sitemap.xml,1,0,0,false,
https://miltonly.com/streets/gowling-terrace-milton,discovered not indexed,NEUTRAL,Discovered - currently not indexed,INDEXING_STATE_UNSPECIFIED,ROBOTS_TXT_STATE_UNSPECIFIED,PAGE_FETCH_STATE_UNSPECIFIED,CRAWLING_USER_AGENT_UNSPECIFIED,,,,https://miltonly.com/sitemap-index.xml https://miltonly.com/sitemap.xml,2,0,0,false,
https://miltonly.com/streets/graham-bell-court-milton,indexed,PASS,Submitted and indexed,INDEXING_ALLOWED,ALLOWED,SUCCESSFUL,MOBILE,2026-09-11T14:52:58Z,https://miltonly.com/streets/graham-bell-court-milton,https://miltonly.com/streets/graham-bell-court-milton,https://miltonly.com/sitemap-index.xml https://miltonly.com/sitemap.xml,1,14,0,false,
https://miltonly.com/streets/grant-way-milton,discovered not indexed,NEUTRAL,Discovered - currently not indexed,INDEXING_STATE_UNSPECIFIED,ROBOTS_TXT_STATE_UNSPECIFIED,PAGE_FETCH_STATE_UNSPECIFIED,CRAWLING_USER_AGENT_UNSPECIFIED,,,,https://miltonly.com/sitemap-index.xml https://miltonly.com/sitemap.xml,1,0,0,false,
https://miltonly.com/streets/greenlees-circle-milton,other,NEUTRAL,URL is unknown to Google,INDEXING_STATE_UNSPECIFIED,ROBOTS_TXT_STATE_UNSPECIFIED,PAGE_FETCH_STATE_UNSPECIFIED,,,,,,0,0,0,false,
https://miltonly.com/streets/grey-landing-milton,discovered not indexed,NEUTRAL,Discovered - currently not indexed,INDEXING_STATE_UNSPECIFIED,ROBOTS_TXT_STATE_UNSPECIFIED,PAGE_FETCH_STATE_UNSPECIFIED,CRAWLING_USER_AGENT_UNSPECIFIED,,,,https://miltonly.com/sitemap-index.xml https://miltonly.com/sitemap.xml,1,0,0,false,
https://miltonly.com/streets/guelph-junction-road-milton,crawled not indexed,NEUTRAL,Crawled - currently not indexed,INDEXING_ALLOWED,ALLOWED,SUCCESSFUL,MOBILE,2026-09-12T02:21:47Z,https://miltonly.com/streets/guelph-junction-road-milton,https://miltonly.com/streets/guelph-junction-road-milton,https://miltonly.com/sitemap-index.xml https://miltonly.com/sitemap.xml,1,0,0,false,
https://miltonly.com/streets/guelph-line-milton,other,NEUTRAL,URL is unknown to Google,INDEXING_STATE_UNSPECIFIED,ROBOTS_TXT_STATE_UNSPECIFIED,PAGE_FETCH_STATE_UNSPECIFIED,,,,,,0,0,0,false,
https://miltonly.com/streets/hadley-woods-terrace-milton,discovered not indexed,NEUTRAL,Discovered - currently not indexed,INDEXING_STATE_UNSPECIFIED,ROBOTS_TXT_STATE_UNSPECIFIED,PAGE_FETCH_STATE_UNSPECIFIED,CRAWLING_USER_AGENT_UNSPECIFIED,,,,https://miltonly.com/sitemap-index.xml https://miltonly.com/sitemap.xml,0,0,0,false,
https://miltonly.com/streets/halton-avenue-milton,other,NEUTRAL,URL is unknown to Google,INDEXING_STATE_UNSPECIFIED,ROBOTS_TXT_STATE_UNSPECIFIED,PAGE_FETCH_STATE_UNSPECIFIED,,,,,,0,0,0,false,
https://miltonly.com/streets/hamilton-crescent-milton,discovered not indexed,NEUTRAL,Discovered - currently not indexed,INDEXING_STATE_UNSPECIFIED,ROBOTS_TXT_STATE_UNSPECIFIED,PAGE_FETCH_STATE_UNSPECIFIED,CRAWLING_USER_AGENT_UNSPECIFIED,,,,https://miltonly.com/sitemap-index.xml https://miltonly.com/sitemap-index.xml https://miltonly.com/sitemap.xml,0,0,0,false,
https://miltonly.com/streets/hamman-way-milton,other,NEUTRAL,URL is unknown to Google,INDEXING_STATE_UNSPECIFIED,ROBOTS_TXT_STATE_UNSPECIFIED,PAGE_FETCH_STATE_UNSPECIFIED,,,,,,0,0,0,false,
https://miltonly.com/streets/hampshire-way-milton,other,NEUTRAL,URL is unknown to Google,INDEXING_STATE_UNSPECIFIED,ROBOTS_TXT_STATE_UNSPECIFIED,PAGE_FETCH_STATE_UNSPECIFIED,,,,,,0,0,0,false,
https://miltonly.com/streets/hanson-crescent-milton,discovered not indexed,NEUTRAL,Discovered - currently not indexed,INDEXING_STATE_UNSPECIFIED,ROBOTS_TXT_STATE_UNSPECIFIED,PAGE_FETCH_STATE_UNSPECIFIED,CRAWLING_USER_AGENT_UNSPECIFIED,,,,https://miltonly.com/sitemap-index.xml https://miltonly.com/sitemap.xml,2,0,0,false,
https://miltonly.com/streets/harkin-place-milton,discovered not indexed,NEUTRAL,Discovered - currently not indexed,INDEXING_STATE_UNSPECIFIED,ROBOTS_TXT_STATE_UNSPECIFIED,PAGE_FETCH_STATE_UNSPECIFIED,CRAWLING_USER_AGENT_UNSPECIFIED,,,,https://miltonly.com/sitemap-index.xml https://miltonly.com/sitemap.xml,1,0,0,false,
https://miltonly.com/streets/harris-boulevard-milton,indexed,PASS,Submitted and indexed,INDEXING_ALLOWED,ALLOWED,SUCCESSFUL,MOBILE,2026-08-20T11:47:51Z,https://miltonly.com/streets/harris-boulevard-milton,https://miltonly.com/streets/harris-boulevard-milton,https://miltonly.com/sitemap-index.xml https://miltonly.com/sitemap.xml,1,5,0,false,
https://miltonly.com/streets/harrison-road-milton,indexed,PASS,Submitted and indexed,INDEXING_ALLOWED,ALLOWED,SUCCESSFUL,MOBILE,2026-09-05T13:04:06Z,https://miltonly.com/streets/harrison-road-milton,https://miltonly.com/streets/harrison-road-milton,https://miltonly.com/sitemap-index.xml https://miltonly.com/sitemap.xml,1,2,0,false,
https://miltonly.com/streets/hartley-boulevard-milton,discovered not indexed,NEUTRAL,Discovered - currently not indexed,INDEXING_STATE_UNSPECIFIED,ROBOTS_TXT_STATE_UNSPECIFIED,PAGE_FETCH_STATE_UNSPECIFIED,CRAWLING_USER_AGENT_UNSPECIFIED,,,,https://miltonly.com/sitemap-index.xml https://miltonly.com/sitemap.xml,1,0,0,true,
https://miltonly.com/streets/harvest-drive-milton,indexed,PASS,Submitted and indexed,INDEXING_ALLOWED,ALLOWED,SUCCESSFUL,MOBILE,2026-09-07T02:53:42Z,https://miltonly.com/streets/harvest-drive-milton,https://miltonly.com/streets/harvest-drive-milton,https://miltonly.com/sitemap-index.xml https://miltonly.com/sitemap.xml,1,35,1,false,
https://miltonly.com/streets/harwood-drive-milton,discovered not indexed,NEUTRAL,Discovered - currently not indexed,INDEXING_STATE_UNSPECIFIED,ROBOTS_TXT_STATE_UNSPECIFIED,PAGE_FETCH_STATE_UNSPECIFIED,CRAWLING_USER_AGENT_UNSPECIFIED,,,,https://miltonly.com/sitemap-index.xml https://miltonly.com/sitemap.xml,0,0,0,false,
https://miltonly.com/streets/hasselfeldt-heights-milton,discovered not indexed,NEUTRAL,Discovered - currently not indexed,INDEXING_STATE_UNSPECIFIED,ROBOTS_TXT_STATE_UNSPECIFIED,PAGE_FETCH_STATE_UNSPECIFIED,CRAWLING_USER_AGENT_UNSPECIFIED,,,,https://miltonly.com/sitemap-index.xml https://miltonly.com/sitemap.xml,0,0,0,false,
https://miltonly.com/streets/hatt-court-milton,indexed,PASS,Submitted and indexed,INDEXING_ALLOWED,ALLOWED,SUCCESSFUL,MOBILE,2026-09-18T11:25:03Z,https://miltonly.com/streets/hatt-court-milton,https://miltonly.com/streets/hatt-court-milton,https://miltonly.com/sitemap-index.xml https://miltonly.com/sitemap.xml,1,3,0,false,
https://miltonly.com/streets/hatton-crossing-milton,discovered not indexed,NEUTRAL,Discovered - currently not indexed,INDEXING_STATE_UNSPECIFIED,ROBOTS_TXT_STATE_UNSPECIFIED,PAGE_FETCH_STATE_UNSPECIFIED,CRAWLING_USER_AGENT_UNSPECIFIED,,,,https://miltonly.com/sitemap-index.xml https://miltonly.com/sitemap.xml,1,0,0,false,
https://miltonly.com/streets/havelock-garden-milton,discovered not indexed,NEUTRAL,Discovered - currently not indexed,INDEXING_STATE_UNSPECIFIED,ROBOTS_TXT_STATE_UNSPECIFIED,PAGE_FETCH_STATE_UNSPECIFIED,CRAWLING_USER_AGENT_UNSPECIFIED,,,,https://miltonly.com/sitemap-index.xml https://miltonly.com/sitemap.xml,0,0,0,false,
https://miltonly.com/streets/haws-crescent-milton,discovered not indexed,NEUTRAL,Discovered - currently not indexed,INDEXING_STATE_UNSPECIFIED,ROBOTS_TXT_STATE_UNSPECIFIED,PAGE_FETCH_STATE_UNSPECIFIED,CRAWLING_USER_AGENT_UNSPECIFIED,,,,https://miltonly.com/sitemap-index.xml https://miltonly.com/sitemap.xml,1,0,0,false,
https://miltonly.com/streets/hawthorne-crescent-milton,discovered not indexed,NEUTRAL,Discovered - currently not indexed,INDEXING_STATE_UNSPECIFIED,ROBOTS_TXT_STATE_UNSPECIFIED,PAGE_FETCH_STATE_UNSPECIFIED,CRAWLING_USER_AGENT_UNSPECIFIED,,,,https://miltonly.com/sitemap-index.xml https://miltonly.com/sitemap.xml,1,0,0,false,
https://miltonly.com/streets/haxton-heights-milton,discovered not indexed,NEUTRAL,Discovered - currently not indexed,INDEXING_STATE_UNSPECIFIED,ROBOTS_TXT_STATE_UNSPECIFIED,PAGE_FETCH_STATE_UNSPECIFIED,CRAWLING_USER_AGENT_UNSPECIFIED,,,,https://miltonly.com/sitemap-index.xml https://miltonly.com/sitemap-index.xml https://miltonly.com/sitemap.xml,1,0,0,false,
https://miltonly.com/streets/hayward-crescent-milton,other,NEUTRAL,URL is unknown to Google,INDEXING_STATE_UNSPECIFIED,ROBOTS_TXT_STATE_UNSPECIFIED,PAGE_FETCH_STATE_UNSPECIFIED,,,,,,0,0,0,false,
https://miltonly.com/streets/hazel-way-milton,discovered not indexed,NEUTRAL,Discovered - currently not indexed,INDEXING_STATE_UNSPECIFIED,ROBOTS_TXT_STATE_UNSPECIFIED,PAGE_FETCH_STATE_UNSPECIFIED,CRAWLING_USER_AGENT_UNSPECIFIED,,,,https://miltonly.com/sitemap-index.xml https://miltonly.com/sitemap.xml,1,0,0,false,
https://miltonly.com/streets/hearns-place-milton,discovered not indexed,NEUTRAL,Discovered - currently not indexed,INDEXING_STATE_UNSPECIFIED,ROBOTS_TXT_STATE_UNSPECIFIED,PAGE_FETCH_STATE_UNSPECIFIED,CRAWLING_USER_AGENT_UNSPECIFIED,,,,https://miltonly.com/sitemap-index.xml https://miltonly.com/sitemap.xml,1,0,0,false,
https://miltonly.com/streets/hearst-boulevard-milton,discovered not indexed,NEUTRAL,Discovered - currently not indexed,INDEXING_STATE_UNSPECIFIED,ROBOTS_TXT_STATE_UNSPECIFIED,PAGE_FETCH_STATE_UNSPECIFIED,CRAWLING_USER_AGENT_UNSPECIFIED,,,,https://miltonly.com/sitemap-index.xml https://miltonly.com/sitemap.xml,2,0,0,false,
https://miltonly.com/streets/heaven-crescent-milton,indexed,PASS,Submitted and indexed,INDEXING_ALLOWED,ALLOWED,SUCCESSFUL,MOBILE,2026-09-11T13:08:21Z,https://miltonly.com/streets/heaven-crescent-milton,https://miltonly.com/streets/heaven-crescent-milton,,1,10,0,false,
https://miltonly.com/streets/hemlock-drive-milton,discovered not indexed,NEUTRAL,Discovered - currently not indexed,INDEXING_STATE_UNSPECIFIED,ROBOTS_TXT_STATE_UNSPECIFIED,PAGE_FETCH_STATE_UNSPECIFIED,CRAWLING_USER_AGENT_UNSPECIFIED,,,,https://miltonly.com/sitemap-index.xml https://miltonly.com/sitemap.xml,1,0,0,false,
https://miltonly.com/streets/hemstreet-crescent-milton,discovered not indexed,NEUTRAL,Discovered - currently not indexed,INDEXING_STATE_UNSPECIFIED,ROBOTS_TXT_STATE_UNSPECIFIED,PAGE_FETCH_STATE_UNSPECIFIED,CRAWLING_USER_AGENT_UNSPECIFIED,,,,https://miltonly.com/sitemap-index.xml https://miltonly.com/sitemap.xml,1,0,0,false,
https://miltonly.com/streets/henderson-road-milton,indexed,PASS,Submitted and indexed,INDEXING_ALLOWED,ALLOWED,SUCCESSFUL,MOBILE,2026-09-20T06:20:44Z,https://miltonly.com/streets/henderson-road-milton,https://miltonly.com/streets/henderson-road-milton,,1,20,2,false,
https://miltonly.com/streets/henry-crescent-milton,other,NEUTRAL,URL is unknown to Google,INDEXING_STATE_UNSPECIFIED,ROBOTS_TXT_STATE_UNSPECIFIED,PAGE_FETCH_STATE_UNSPECIFIED,,,,,,0,0,0,false,
https://miltonly.com/streets/hepburn-road-milton,discovered not indexed,NEUTRAL,Discovered - currently not indexed,INDEXING_STATE_UNSPECIFIED,ROBOTS_TXT_STATE_UNSPECIFIED,PAGE_FETCH_STATE_UNSPECIFIED,CRAWLING_USER_AGENT_UNSPECIFIED,,,,https://miltonly.com/sitemap-index.xml https://miltonly.com/sitemap.xml,0,0,0,false,
https://miltonly.com/streets/herman-way-milton,discovered not indexed,NEUTRAL,Discovered - currently not indexed,INDEXING_STATE_UNSPECIFIED,ROBOTS_TXT_STATE_UNSPECIFIED,PAGE_FETCH_STATE_UNSPECIFIED,CRAWLING_USER_AGENT_UNSPECIFIED,,,,https://miltonly.com/sitemap-index.xml https://miltonly.com/sitemap.xml,1,0,0,false,
https://miltonly.com/streets/heslop-road-milton,other,NEUTRAL,URL is unknown to Google,INDEXING_STATE_UNSPECIFIED,ROBOTS_TXT_STATE_UNSPECIFIED,PAGE_FETCH_STATE_UNSPECIFIED,,,,,,0,0,0,true,
https://miltonly.com/streets/hickory-crescent-milton,indexed,PASS,Submitted and indexed,INDEXING_ALLOWED,ALLOWED,SUCCESSFUL,MOBILE,2026-09-05T21:47:36Z,https://miltonly.com/streets/hickory-crescent-milton,https://miltonly.com/streets/hickory-crescent-milton,https://miltonly.com/sitemap-index.xml https://miltonly.com/sitemap.xml,1,9,0,false,
https://miltonly.com/streets/higginbotham-crescent-milton,discovered not indexed,NEUTRAL,Discovered - currently not indexed,INDEXING_STATE_UNSPECIFIED,ROBOTS_TXT_STATE_UNSPECIFIED,PAGE_FETCH_STATE_UNSPECIFIED,CRAWLING_USER_AGENT_UNSPECIFIED,,,,https://miltonly.com/sitemap-index.xml https://miltonly.com/sitemap.xml,1,0,0,true,
https://miltonly.com/streets/highside-drive-milton,indexed,PASS,Submitted and indexed,INDEXING_ALLOWED,ALLOWED,SUCCESSFUL,MOBILE,2026-09-11T14:39:54Z,https://miltonly.com/streets/highside-drive-milton,https://miltonly.com/streets/highside-drive-milton,https://miltonly.com/sitemap-index.xml https://miltonly.com/sitemap.xml,2,31,0,false,
https://miltonly.com/streets/highway-7-milton,indexed,PASS,Submitted and indexed,INDEXING_ALLOWED,ALLOWED,SUCCESSFUL,MOBILE,2026-08-02T08:36:00Z,https://miltonly.com/streets/highway-7-milton,https://miltonly.com/streets/highway-7-milton,https://miltonly.com/sitemap-index.xml https://miltonly.com/sitemap.xml,1,10,0,true,
https://miltonly.com/streets/hill-street-milton,discovered not indexed,NEUTRAL,Discovered - currently not indexed,INDEXING_STATE_UNSPECIFIED,ROBOTS_TXT_STATE_UNSPECIFIED,PAGE_FETCH_STATE_UNSPECIFIED,CRAWLING_USER_AGENT_UNSPECIFIED,,,,https://miltonly.com/sitemap-index.xml https://miltonly.com/sitemap.xml,0,0,0,false,
https://miltonly.com/streets/hilson-heights-milton,other,NEUTRAL,URL is unknown to Google,INDEXING_STATE_UNSPECIFIED,ROBOTS_TXT_STATE_UNSPECIFIED,PAGE_FETCH_STATE_UNSPECIFIED,,,,,,0,0,0,false,
https://miltonly.com/streets/hinchey-crescent-milton,discovered not indexed,NEUTRAL,Discovered - currently not indexed,INDEXING_STATE_UNSPECIFIED,ROBOTS_TXT_STATE_UNSPECIFIED,PAGE_FETCH_STATE_UNSPECIFIED,CRAWLING_USER_AGENT_UNSPECIFIED,,,,https://miltonly.com/sitemap-index.xml https://miltonly.com/sitemap.xml,0,0,0,false,
https://miltonly.com/streets/hincks-drive-milton,other,NEUTRAL,URL is unknown to Google,INDEXING_STATE_UNSPECIFIED,ROBOTS_TXT_STATE_UNSPECIFIED,PAGE_FETCH_STATE_UNSPECIFIED,,,,,,0,0,0,false,
https://miltonly.com/streets/hinton-terrace-milton,indexed,PASS,Submitted and indexed,INDEXING_ALLOWED,ALLOWED,SUCCESSFUL,MOBILE,2026-08-17T12:09:49Z,https://miltonly.com/streets/hinton-terrace-milton,https://miltonly.com/streets/hinton-terrace-milton,https://miltonly.com/sitemap-index.xml https://miltonly.com/sitemap-index.xml https://miltonly.com/sitemap.xml,2,32,0,false,
https://miltonly.com/streets/hobbs-crescent-milton,indexed,PASS,Submitted and indexed,INDEXING_ALLOWED,ALLOWED,SUCCESSFUL,MOBILE,2026-09-11T03:55:32Z,https://miltonly.com/streets/hobbs-crescent-milton,https://miltonly.com/streets/hobbs-crescent-milton,https://miltonly.com/sitemap-index.xml https://miltonly.com/sitemap.xml,1,58,4,false,
https://miltonly.com/streets/holbrook-court-milton,discovered not indexed,NEUTRAL,Discovered - currently not indexed,INDEXING_STATE_UNSPECIFIED,ROBOTS_TXT_STATE_UNSPECIFIED,PAGE_FETCH_STATE_UNSPECIFIED,CRAWLING_USER_AGENT_UNSPECIFIED,,,,https://miltonly.com/sitemap-index.xml https://miltonly.com/sitemap.xml,2,0,0,false,
https://miltonly.com/streets/holdsworth-crescent-milton,indexed,PASS,Submitted and indexed,INDEXING_ALLOWED,ALLOWED,SUCCESSFUL,MOBILE,2026-09-01T04:28:53Z,https://miltonly.com/streets/holdsworth-crescent-milton,https://miltonly.com/streets/holdsworth-crescent-milton,,2,41,1,false,
https://miltonly.com/streets/holland-heights-milton,other,NEUTRAL,URL is unknown to Google,INDEXING_STATE_UNSPECIFIED,ROBOTS_TXT_STATE_UNSPECIFIED,PAGE_FETCH_STATE_UNSPECIFIED,,,,,,0,0,0,false,
https://miltonly.com/streets/hollinrake-crescent-milton,other,NEUTRAL,URL is unknown to Google,INDEXING_STATE_UNSPECIFIED,ROBOTS_TXT_STATE_UNSPECIFIED,PAGE_FETCH_STATE_UNSPECIFIED,,,,,,0,0,0,false,
https://miltonly.com/streets/holloway-terrace-milton,indexed,PASS,Submitted and indexed,INDEXING_ALLOWED,ALLOWED,SUCCESSFUL,MOBILE,2026-09-06T19:23:19Z,https://miltonly.com/streets/holloway-terrace-milton,https://miltonly.com/streets/holloway-terrace-milton,https://miltonly.com/sitemap-index.xml https://miltonly.com/sitemap.xml,2,40,1,false,
https://miltonly.com/streets/holly-avenue-milton,discovered not indexed,NEUTRAL,Discovered - currently not indexed,INDEXING_STATE_UNSPECIFIED,ROBOTS_TXT_STATE_UNSPECIFIED,PAGE_FETCH_STATE_UNSPECIFIED,CRAWLING_USER_AGENT_UNSPECIFIED,,,,https://miltonly.com/sitemap-index.xml https://miltonly.com/sitemap.xml,1,0,0,false,
https://miltonly.com/streets/holmes-crescent-milton,discovered not indexed,NEUTRAL,Discovered - currently not indexed,INDEXING_STATE_UNSPECIFIED,ROBOTS_TXT_STATE_UNSPECIFIED,PAGE_FETCH_STATE_UNSPECIFIED,CRAWLING_USER_AGENT_UNSPECIFIED,,,,https://miltonly.com/sitemap-index.xml https://miltonly.com/sitemap.xml,0,0,0,false,
https://miltonly.com/streets/hood-terrace-milton,indexed,PASS,Submitted and indexed,INDEXING_ALLOWED,ALLOWED,SUCCESSFUL,MOBILE,2026-09-28T03:02:36Z,https://miltonly.com/streets/hood-terrace-milton,https://miltonly.com/streets/hood-terrace-milton,,1,0,0,false,
https://miltonly.com/streets/hop-place-milton,discovered not indexed,NEUTRAL,Discovered - currently not indexed,INDEXING_STATE_UNSPECIFIED,ROBOTS_TXT_STATE_UNSPECIFIED,PAGE_FETCH_STATE_UNSPECIFIED,CRAWLING_USER_AGENT_UNSPECIFIED,,,,https://miltonly.com/sitemap-index.xml https://miltonly.com/sitemap.xml,1,0,0,false,
https://miltonly.com/streets/houston-drive-milton,discovered not indexed,NEUTRAL,Discovered - currently not indexed,INDEXING_STATE_UNSPECIFIED,ROBOTS_TXT_STATE_UNSPECIFIED,PAGE_FETCH_STATE_UNSPECIFIED,CRAWLING_USER_AGENT_UNSPECIFIED,,,,https://miltonly.com/sitemap-index.xml https://miltonly.com/sitemap.xml,1,0,0,false,
https://miltonly.com/streets/howden-crescent-milton,other,NEUTRAL,URL is unknown to Google,INDEXING_STATE_UNSPECIFIED,ROBOTS_TXT_STATE_UNSPECIFIED,PAGE_FETCH_STATE_UNSPECIFIED,,,,,,0,0,0,false,
https://miltonly.com/streets/huddlestone-crescent-milton,other,NEUTRAL,URL is unknown to Google,INDEXING_STATE_UNSPECIFIED,ROBOTS_TXT_STATE_UNSPECIFIED,PAGE_FETCH_STATE_UNSPECIFIED,,,,,,0,0,0,false,
https://miltonly.com/streets/huffman-crescent-milton,indexed,PASS,Submitted and indexed,INDEXING_ALLOWED,ALLOWED,SUCCESSFUL,MOBILE,2026-09-17T03:20:24Z,https://miltonly.com/streets/huffman-crescent-milton,https://miltonly.com/streets/huffman-crescent-milton,https://miltonly.com/sitemap-index.xml https://miltonly.com/sitemap.xml,0,9,1,false,
https://miltonly.com/streets/hume-way-milton,discovered not indexed,NEUTRAL,Discovered - currently not indexed,INDEXING_STATE_UNSPECIFIED,ROBOTS_TXT_STATE_UNSPECIFIED,PAGE_FETCH_STATE_UNSPECIFIED,CRAWLING_USER_AGENT_UNSPECIFIED,,,,https://miltonly.com/sitemap-index.xml https://miltonly.com/sitemap.xml,1,0,0,false,
https://miltonly.com/streets/huntingford-gate-milton,other,NEUTRAL,URL is unknown to Google,INDEXING_STATE_UNSPECIFIED,ROBOTS_TXT_STATE_UNSPECIFIED,PAGE_FETCH_STATE_UNSPECIFIED,,,,,,0,0,0,false,
https://miltonly.com/streets/husband-place-milton,discovered not indexed,NEUTRAL,Discovered - currently not indexed,INDEXING_STATE_UNSPECIFIED,ROBOTS_TXT_STATE_UNSPECIFIED,PAGE_FETCH_STATE_UNSPECIFIED,CRAWLING_USER_AGENT_UNSPECIFIED,,,,https://miltonly.com/sitemap-index.xml https://miltonly.com/sitemap.xml,0,0,0,false,
https://miltonly.com/streets/hutchinson-avenue-milton,indexed,PASS,Submitted and indexed,INDEXING_ALLOWED,ALLOWED,SUCCESSFUL,MOBILE,2026-08-09T23:54:35Z,https://miltonly.com/streets/hutchinson-avenue-milton,https://miltonly.com/streets/hutchinson-avenue-milton,https://miltonly.com/sitemap-index.xml https://miltonly.com/sitemap.xml,1,25,0,true,
https://miltonly.com/streets/inglis-drive-milton,other,NEUTRAL,URL is unknown to Google,INDEXING_STATE_UNSPECIFIED,ROBOTS_TXT_STATE_UNSPECIFIED,PAGE_FETCH_STATE_UNSPECIFIED,,,,,,0,0,0,false,
https://miltonly.com/streets/inman-heights-milton,discovered not indexed,NEUTRAL,Discovered - currently not indexed,INDEXING_STATE_UNSPECIFIED,ROBOTS_TXT_STATE_UNSPECIFIED,PAGE_FETCH_STATE_UNSPECIFIED,CRAWLING_USER_AGENT_UNSPECIFIED,,,,https://miltonly.com/sitemap-index.xml https://miltonly.com/sitemap.xml,0,0,0,false,
https://miltonly.com/streets/irving-terrace-milton,other,NEUTRAL,URL is unknown to Google,INDEXING_STATE_UNSPECIFIED,ROBOTS_TXT_STATE_UNSPECIFIED,PAGE_FETCH_STATE_UNSPECIFIED,,,,,,0,0,0,false,
https://miltonly.com/streets/izumi-gate-milton,other,NEUTRAL,URL is unknown to Google,INDEXING_STATE_UNSPECIFIED,ROBOTS_TXT_STATE_UNSPECIFIED,PAGE_FETCH_STATE_UNSPECIFIED,,,,,,0,0,0,false,
https://miltonly.com/streets/jackman-gate-milton,discovered not indexed,NEUTRAL,Discovered - currently not indexed,INDEXING_STATE_UNSPECIFIED,ROBOTS_TXT_STATE_UNSPECIFIED,PAGE_FETCH_STATE_UNSPECIFIED,CRAWLING_USER_AGENT_UNSPECIFIED,,,,https://miltonly.com/sitemap-index.xml https://miltonly.com/sitemap.xml,0,0,0,false,
https://miltonly.com/streets/james-street-milton,discovered not indexed,NEUTRAL,Discovered - currently not indexed,INDEXING_STATE_UNSPECIFIED,ROBOTS_TXT_STATE_UNSPECIFIED,PAGE_FETCH_STATE_UNSPECIFIED,CRAWLING_USER_AGENT_UNSPECIFIED,,,,https://miltonly.com/sitemap-index.xml https://miltonly.com/sitemap.xml,1,0,0,false,
https://miltonly.com/streets/jarrett-crossing-milton,discovered not indexed,NEUTRAL,Discovered - currently not indexed,INDEXING_STATE_UNSPECIFIED,ROBOTS_TXT_STATE_UNSPECIFIED,PAGE_FETCH_STATE_UNSPECIFIED,CRAWLING_USER_AGENT_UNSPECIFIED,,,,https://miltonly.com/sitemap-index.xml https://miltonly.com/sitemap.xml,0,0,0,false,
https://miltonly.com/streets/jarvie-crescent-milton,discovered not indexed,NEUTRAL,Discovered - currently not indexed,INDEXING_STATE_UNSPECIFIED,ROBOTS_TXT_STATE_UNSPECIFIED,PAGE_FETCH_STATE_UNSPECIFIED,CRAWLING_USER_AGENT_UNSPECIFIED,,,,https://miltonly.com/sitemap-index.xml https://miltonly.com/sitemap.xml,1,0,0,false,
https://miltonly.com/streets/jean-landing-milton,indexed,PASS,Submitted and indexed,INDEXING_ALLOWED,ALLOWED,SUCCESSFUL,MOBILE,2026-09-22T08:33:17Z,https://miltonly.com/streets/jean-landing-milton,https://miltonly.com/streets/jean-landing-milton,https://miltonly.com/sitemap-index.xml https://miltonly.com/sitemap.xml,0,7,0,false,
https://miltonly.com/streets/jelinik-terrace-milton,indexed,PASS,Submitted and indexed,INDEXING_ALLOWED,ALLOWED,SUCCESSFUL,MOBILE,2026-07-24T23:22:43Z,https://miltonly.com/streets/jelinik-terrace-milton,https://miltonly.com/streets/jelinik-terrace-milton,https://miltonly.com/sitemap-index.xml https://miltonly.com/sitemap.xml,1,82,1,false,
https://miltonly.com/streets/john-street-milton,other,NEUTRAL,URL is unknown to Google,INDEXING_STATE_UNSPECIFIED,ROBOTS_TXT_STATE_UNSPECIFIED,PAGE_FETCH_STATE_UNSPECIFIED,,,,,,0,0,0,false,
https://miltonly.com/streets/johnson-heights-milton,discovered not indexed,NEUTRAL,Discovered - currently not indexed,INDEXING_STATE_UNSPECIFIED,ROBOTS_TXT_STATE_UNSPECIFIED,PAGE_FETCH_STATE_UNSPECIFIED,CRAWLING_USER_AGENT_UNSPECIFIED,,,,https://miltonly.com/sitemap-index.xml https://miltonly.com/sitemap.xml,0,0,0,false,
https://miltonly.com/streets/joyce-boulevard-milton,discovered not indexed,NEUTRAL,Discovered - currently not indexed,INDEXING_STATE_UNSPECIFIED,ROBOTS_TXT_STATE_UNSPECIFIED,PAGE_FETCH_STATE_UNSPECIFIED,CRAWLING_USER_AGENT_UNSPECIFIED,,,,https://miltonly.com/sitemap-index.xml https://miltonly.com/sitemap.xml,1,0,0,false,
https://miltonly.com/streets/kearns-drive-milton,discovered not indexed,NEUTRAL,Discovered - currently not indexed,INDEXING_STATE_UNSPECIFIED,ROBOTS_TXT_STATE_UNSPECIFIED,PAGE_FETCH_STATE_UNSPECIFIED,CRAWLING_USER_AGENT_UNSPECIFIED,,,,https://miltonly.com/sitemap-index.xml https://miltonly.com/sitemap.xml,0,0,0,false,
https://miltonly.com/streets/kelly-gate-milton,discovered not indexed,NEUTRAL,Discovered - currently not indexed,INDEXING_STATE_UNSPECIFIED,ROBOTS_TXT_STATE_UNSPECIFIED,PAGE_FETCH_STATE_UNSPECIFIED,CRAWLING_USER_AGENT_UNSPECIFIED,,,,https://miltonly.com/sitemap-index.xml https://miltonly.com/sitemap.xml,0,0,0,false,
https://miltonly.com/streets/kelso-road-milton,discovered not indexed,NEUTRAL,Discovered - currently not indexed,INDEXING_STATE_UNSPECIFIED,ROBOTS_TXT_STATE_UNSPECIFIED,PAGE_FETCH_STATE_UNSPECIFIED,CRAWLING_USER_AGENT_UNSPECIFIED,,,,https://miltonly.com/sitemap-index.xml https://miltonly.com/sitemap.xml,1,0,0,false,
https://miltonly.com/streets/kendall-drive-milton,other,NEUTRAL,URL is unknown to Google,INDEXING_STATE_UNSPECIFIED,ROBOTS_TXT_STATE_UNSPECIFIED,PAGE_FETCH_STATE_UNSPECIFIED,,,,,,0,0,0,false,
https://miltonly.com/streets/kennedy-circle-milton,discovered not indexed,NEUTRAL,Discovered - currently not indexed,INDEXING_STATE_UNSPECIFIED,ROBOTS_TXT_STATE_UNSPECIFIED,PAGE_FETCH_STATE_UNSPECIFIED,CRAWLING_USER_AGENT_UNSPECIFIED,,,,https://miltonly.com/sitemap-index.xml https://miltonly.com/sitemap-index.xml https://miltonly.com/sitemap.xml,1,0,0,false,
https://miltonly.com/streets/kerr-trail-milton,other,NEUTRAL,URL is unknown to Google,INDEXING_STATE_UNSPECIFIED,ROBOTS_TXT_STATE_UNSPECIFIED,PAGE_FETCH_STATE_UNSPECIFIED,,,,,,0,0,0,false,
https://miltonly.com/streets/king-street-milton,other,NEUTRAL,URL is unknown to Google,INDEXING_STATE_UNSPECIFIED,ROBOTS_TXT_STATE_UNSPECIFIED,PAGE_FETCH_STATE_UNSPECIFIED,,,,,,0,0,0,false,
https://miltonly.com/streets/kingsleigh-court-milton,discovered not indexed,NEUTRAL,Discovered - currently not indexed,INDEXING_STATE_UNSPECIFIED,ROBOTS_TXT_STATE_UNSPECIFIED,PAGE_FETCH_STATE_UNSPECIFIED,CRAWLING_USER_AGENT_UNSPECIFIED,,,,https://miltonly.com/sitemap-index.xml https://miltonly.com/sitemap.xml,2,0,0,false,
https://miltonly.com/streets/kingsway-place-milton,indexed,PASS,Submitted and indexed,INDEXING_ALLOWED,ALLOWED,SUCCESSFUL,MOBILE,2026-08-30T16:02:54Z,https://miltonly.com/streets/kingsway-place-milton,https://miltonly.com/streets/kingsway-place-milton,,1,25,2,false,
https://miltonly.com/streets/kitchen-court-milton,other,NEUTRAL,URL is unknown to Google,INDEXING_STATE_UNSPECIFIED,ROBOTS_TXT_STATE_UNSPECIFIED,PAGE_FETCH_STATE_UNSPECIFIED,,,,,,0,0,0,false,
https://miltonly.com/streets/knight-trail-milton,discovered not indexed,NEUTRAL,Discovered - currently not indexed,INDEXING_STATE_UNSPECIFIED,ROBOTS_TXT_STATE_UNSPECIFIED,PAGE_FETCH_STATE_UNSPECIFIED,CRAWLING_USER_AGENT_UNSPECIFIED,,,,https://miltonly.com/sitemap-index.xml https://miltonly.com/sitemap-index.xml https://miltonly.com/sitemap.xml,1,0,0,false,
https://miltonly.com/streets/kovachik-boulevard-milton,indexed,PASS,Submitted and indexed,INDEXING_ALLOWED,ALLOWED,SUCCESSFUL,MOBILE,2026-09-18T02:37:20Z,https://miltonly.com/streets/kovachik-boulevard-milton,https://miltonly.com/streets/kovachik-boulevard-milton,https://miltonly.com/sitemap-index.xml https://miltonly.com/sitemap.xml,0,114,0,false,
https://miltonly.com/streets/labine-point-milton,discovered not indexed,NEUTRAL,Discovered - currently not indexed,INDEXING_STATE_UNSPECIFIED,ROBOTS_TXT_STATE_UNSPECIFIED,PAGE_FETCH_STATE_UNSPECIFIED,CRAWLING_USER_AGENT_UNSPECIFIED,,,,https://miltonly.com/sitemap-index.xml https://miltonly.com/sitemap.xml,1,0,0,false,
https://miltonly.com/streets/laidlaw-drive-milton,indexed,PASS,Submitted and indexed,INDEXING_ALLOWED,ALLOWED,SUCCESSFUL,MOBILE,2026-09-07T14:48:41Z,https://miltonly.com/streets/laidlaw-drive-milton,https://miltonly.com/streets/laidlaw-drive-milton,,1,15,0,false,
https://miltonly.com/streets/laking-terrace-milton,other,NEUTRAL,URL is unknown to Google,INDEXING_STATE_UNSPECIFIED,ROBOTS_TXT_STATE_UNSPECIFIED,PAGE_FETCH_STATE_UNSPECIFIED,,,,,,0,0,0,false,
https://miltonly.com/streets/lamont-crescent-milton,discovered not indexed,NEUTRAL,Discovered - currently not indexed,INDEXING_STATE_UNSPECIFIED,ROBOTS_TXT_STATE_UNSPECIFIED,PAGE_FETCH_STATE_UNSPECIFIED,CRAWLING_USER_AGENT_UNSPECIFIED,,,,https://miltonly.com/sitemap-index.xml https://miltonly.com/sitemap.xml,1,0,0,false,
https://miltonly.com/streets/lancaster-boulevard-milton,indexed,PASS,Submitted and indexed,INDEXING_ALLOWED,ALLOWED,SUCCESSFUL,MOBILE,2026-09-07T00:49:47Z,https://miltonly.com/streets/lancaster-boulevard-milton,https://miltonly.com/streets/lancaster-boulevard-milton,https://miltonly.com/sitemap-index.xml https://miltonly.com/sitemap.xml,1,9,0,false,
https://miltonly.com/streets/landsborough-avenue-milton,indexed,PASS,Submitted and indexed,INDEXING_ALLOWED,ALLOWED,SUCCESSFUL,MOBILE,2026-09-06T21:42:40Z,https://miltonly.com/streets/landsborough-avenue-milton,https://miltonly.com/streets/landsborough-avenue-milton,https://miltonly.com/sitemap-index.xml https://miltonly.com/sitemap-index.xml https://miltonly.com/sitemap.xml,1,17,0,false,
https://miltonly.com/streets/langholm-street-milton,discovered not indexed,NEUTRAL,Discovered - currently not indexed,INDEXING_STATE_UNSPECIFIED,ROBOTS_TXT_STATE_UNSPECIFIED,PAGE_FETCH_STATE_UNSPECIFIED,CRAWLING_USER_AGENT_UNSPECIFIED,,,,https://miltonly.com/sitemap-index.xml https://miltonly.com/sitemap.xml,1,0,0,false,
https://miltonly.com/streets/laughren-crescent-milton,discovered not indexed,NEUTRAL,Discovered - currently not indexed,INDEXING_STATE_UNSPECIFIED,ROBOTS_TXT_STATE_UNSPECIFIED,PAGE_FETCH_STATE_UNSPECIFIED,CRAWLING_USER_AGENT_UNSPECIFIED,,,,https://miltonly.com/sitemap-index.xml https://miltonly.com/sitemap.xml,2,0,0,false,
https://miltonly.com/streets/laundon-terrace-milton,discovered not indexed,NEUTRAL,Discovered - currently not indexed,INDEXING_STATE_UNSPECIFIED,ROBOTS_TXT_STATE_UNSPECIFIED,PAGE_FETCH_STATE_UNSPECIFIED,CRAWLING_USER_AGENT_UNSPECIFIED,,,,https://miltonly.com/sitemap-index.xml https://miltonly.com/sitemap.xml,1,0,0,false,
https://miltonly.com/streets/laurier-avenue-milton,other,NEUTRAL,URL is unknown to Google,INDEXING_STATE_UNSPECIFIED,ROBOTS_TXT_STATE_UNSPECIFIED,PAGE_FETCH_STATE_UNSPECIFIED,,,,,,0,0,0,false,
https://miltonly.com/streets/lavery-heights-milton,discovered not indexed,NEUTRAL,Discovered - currently not indexed,INDEXING_STATE_UNSPECIFIED,ROBOTS_TXT_STATE_UNSPECIFIED,PAGE_FETCH_STATE_UNSPECIFIED,CRAWLING_USER_AGENT_UNSPECIFIED,,,,https://miltonly.com/sitemap-index.xml https://miltonly.com/sitemap.xml,1,0,0,false,
https://miltonly.com/streets/lear-gate-milton,discovered not indexed,NEUTRAL,Discovered - currently not indexed,INDEXING_STATE_UNSPECIFIED,ROBOTS_TXT_STATE_UNSPECIFIED,PAGE_FETCH_STATE_UNSPECIFIED,CRAWLING_USER_AGENT_UNSPECIFIED,,,,https://miltonly.com/sitemap-index.xml https://miltonly.com/sitemap.xml,0,0,0,false,
https://miltonly.com/streets/leatherleaf-landing-milton,indexed,PASS,Submitted and indexed,INDEXING_ALLOWED,ALLOWED,SUCCESSFUL,MOBILE,2026-08-13T08:56:58Z,https://miltonly.com/streets/leatherleaf-landing-milton,https://miltonly.com/streets/leatherleaf-landing-milton,https://miltonly.com/sitemap-index.xml https://miltonly.com/sitemap.xml,0,5,0,false,
https://miltonly.com/streets/leger-way-milton,other,NEUTRAL,URL is unknown to Google,INDEXING_STATE_UNSPECIFIED,ROBOTS_TXT_STATE_UNSPECIFIED,PAGE_FETCH_STATE_UNSPECIFIED,,,,,,0,0,0,false,
https://miltonly.com/streets/leitch-landing-milton,other,NEUTRAL,URL is unknown to Google,INDEXING_STATE_UNSPECIFIED,ROBOTS_TXT_STATE_UNSPECIFIED,PAGE_FETCH_STATE_UNSPECIFIED,,,,,,0,0,0,false,
https://miltonly.com/streets/leiterman-drive-milton,indexed,PASS,Submitted and indexed,INDEXING_ALLOWED,ALLOWED,SUCCESSFUL,MOBILE,2026-08-23T09:14:43Z,https://miltonly.com/streets/leiterman-drive-milton,https://miltonly.com/streets/leiterman-drive-milton,,1,25,1,false,
https://miltonly.com/streets/lemieux-court-milton,indexed,PASS,Submitted and indexed,INDEXING_ALLOWED,ALLOWED,SUCCESSFUL,MOBILE,2026-09-06T18:24:57Z,https://miltonly.com/streets/lemieux-court-milton,https://miltonly.com/streets/lemieux-court-milton,,0,37,0,false,
https://miltonly.com/streets/leriche-way-milton,discovered not indexed,NEUTRAL,Discovered - currently not indexed,INDEXING_STATE_UNSPECIFIED,ROBOTS_TXT_STATE_UNSPECIFIED,PAGE_FETCH_STATE_UNSPECIFIED,CRAWLING_USER_AGENT_UNSPECIFIED,,,,https://miltonly.com/sitemap-index.xml https://miltonly.com/sitemap.xml,1,0,0,false,
https://miltonly.com/streets/lily-crescent-milton,discovered not indexed,NEUTRAL,Discovered - currently not indexed,INDEXING_STATE_UNSPECIFIED,ROBOTS_TXT_STATE_UNSPECIFIED,PAGE_FETCH_STATE_UNSPECIFIED,CRAWLING_USER_AGENT_UNSPECIFIED,,,,https://miltonly.com/sitemap-index.xml https://miltonly.com/sitemap.xml,1,0,0,false,
https://miltonly.com/streets/limestone-road-milton,indexed,PASS,Submitted and indexed,INDEXING_ALLOWED,ALLOWED,SUCCESSFUL,MOBILE,2026-08-29T02:44:35Z,https://miltonly.com/streets/limestone-road-milton,https://miltonly.com/streets/limestone-road-milton,https://miltonly.com/sitemap-index.xml https://miltonly.com/sitemap.xml,1,21,0,false,
https://miltonly.com/streets/lingen-crescent-milton,indexed,PASS,Submitted and indexed,INDEXING_ALLOWED,ALLOWED,SUCCESSFUL,MOBILE,2026-08-29T08:35:30Z,https://miltonly.com/streets/lingen-crescent-milton,https://miltonly.com/streets/lingen-crescent-milton,https://miltonly.com/sitemap-index.xml https://miltonly.com/sitemap.xml,1,1,0,false,
https://miltonly.com/streets/little-crescent-milton,indexed,PASS,Submitted and indexed,INDEXING_ALLOWED,ALLOWED,SUCCESSFUL,MOBILE,2026-08-29T02:45:27Z,https://miltonly.com/streets/little-crescent-milton,https://miltonly.com/streets/little-crescent-milton,https://miltonly.com/sitemap-index.xml https://miltonly.com/sitemap-index.xml https://miltonly.com/sitemap.xml,0,3,0,false,
https://miltonly.com/streets/livingston-road-milton,other,NEUTRAL,URL is unknown to Google,INDEXING_STATE_UNSPECIFIED,ROBOTS_TXT_STATE_UNSPECIFIED,PAGE_FETCH_STATE_UNSPECIFIED,,,,,,0,0,0,false,
https://miltonly.com/streets/livock-trail-milton,other,NEUTRAL,URL is unknown to Google,INDEXING_STATE_UNSPECIFIED,ROBOTS_TXT_STATE_UNSPECIFIED,PAGE_FETCH_STATE_UNSPECIFIED,,,,,,0,0,0,false,
https://miltonly.com/streets/lloyd-landing-milton,other,NEUTRAL,URL is unknown to Google,INDEXING_STATE_UNSPECIFIED,ROBOTS_TXT_STATE_UNSPECIFIED,PAGE_FETCH_STATE_UNSPECIFIED,,,,,,0,0,0,true,
https://miltonly.com/streets/lobelia-crescent-milton,other,NEUTRAL,Duplicate without user-selected canonical,INDEXING_ALLOWED,ALLOWED,SUCCESSFUL,MOBILE,2026-09-02T12:23:51Z,https://www.747live.bet/,,https://miltonly.com/sitemap-index.xml https://miltonly.com/sitemap.xml,0,0,0,false,
https://miltonly.com/streets/locker-place-milton,indexed,PASS,Submitted and indexed,INDEXING_ALLOWED,ALLOWED,SUCCESSFUL,MOBILE,2026-09-05T06:16:43Z,https://miltonly.com/streets/locker-place-milton,https://miltonly.com/streets/locker-place-milton,https://miltonly.com/sitemap-index.xml https://miltonly.com/sitemap-index.xml https://miltonly.com/sitemap.xml,1,6,0,false,
https://miltonly.com/streets/logan-drive-milton,other,NEUTRAL,URL is unknown to Google,INDEXING_STATE_UNSPECIFIED,ROBOTS_TXT_STATE_UNSPECIFIED,PAGE_FETCH_STATE_UNSPECIFIED,,,,,,0,0,0,false,
https://miltonly.com/streets/lorne-scots-drive-milton,other,NEUTRAL,URL is unknown to Google,INDEXING_STATE_UNSPECIFIED,ROBOTS_TXT_STATE_UNSPECIFIED,PAGE_FETCH_STATE_UNSPECIFIED,,,,,,0,0,0,false,
https://miltonly.com/streets/lott-crescent-milton,other,NEUTRAL,URL is unknown to Google,INDEXING_STATE_UNSPECIFIED,ROBOTS_TXT_STATE_UNSPECIFIED,PAGE_FETCH_STATE_UNSPECIFIED,,,,,,0,0,0,false,
https://miltonly.com/streets/lowe-lane-milton,discovered not indexed,NEUTRAL,Discovered - currently not indexed,INDEXING_STATE_UNSPECIFIED,ROBOTS_TXT_STATE_UNSPECIFIED,PAGE_FETCH_STATE_UNSPECIFIED,CRAWLING_USER_AGENT_UNSPECIFIED,,,,https://miltonly.com/sitemap-index.xml https://miltonly.com/sitemap.xml,0,0,0,false,
https://miltonly.com/streets/lower-base-line-milton,other,NEUTRAL,Duplicate without user-selected canonical,INDEXING_ALLOWED,ALLOWED,SUCCESSFUL,MOBILE,2026-09-02T12:25:32Z,https://www.747live.bet/,,https://miltonly.com/sitemap-index.xml https://miltonly.com/sitemap.xml,1,0,0,false,
https://miltonly.com/streets/luxton-drive-milton,other,NEUTRAL,URL is unknown to Google,INDEXING_STATE_UNSPECIFIED,ROBOTS_TXT_STATE_UNSPECIFIED,PAGE_FETCH_STATE_UNSPECIFIED,,,,,,0,0,0,false,
https://miltonly.com/streets/lydia-avenue-milton,other,NEUTRAL,URL is unknown to Google,INDEXING_STATE_UNSPECIFIED,ROBOTS_TXT_STATE_UNSPECIFIED,PAGE_FETCH_STATE_UNSPECIFIED,,,,,,0,0,0,false,
https://miltonly.com/streets/lyons-court-milton,other,NEUTRAL,URL is unknown to Google,INDEXING_STATE_UNSPECIFIED,ROBOTS_TXT_STATE_UNSPECIFIED,PAGE_FETCH_STATE_UNSPECIFIED,,,,,,0,0,0,false,
https://miltonly.com/streets/mackenzie-drive-milton,other,NEUTRAL,URL is unknown to Google,INDEXING_STATE_UNSPECIFIED,ROBOTS_TXT_STATE_UNSPECIFIED,PAGE_FETCH_STATE_UNSPECIFIED,,,,,,0,0,0,false,
https://miltonly.com/streets/maddocks-trail-milton,indexed,PASS,Submitted and indexed,INDEXING_ALLOWED,ALLOWED,SUCCESSFUL,MOBILE,2026-09-06T22:17:36Z,https://miltonly.com/streets/maddocks-trail-milton,https://miltonly.com/streets/maddocks-trail-milton,https://miltonly.com/sitemap-index.xml https://miltonly.com/sitemap.xml,1,0,0,false,
https://miltonly.com/streets/mae-court-milton,indexed,PASS,Submitted and indexed,INDEXING_ALLOWED,ALLOWED,SUCCESSFUL,MOBILE,2026-08-13T03:10:29Z,https://miltonly.com/streets/mae-court-milton,https://miltonly.com/streets/mae-court-milton,https://miltonly.com/sitemap-index.xml https://miltonly.com/sitemap.xml,1,11,1,false,
https://miltonly.com/streets/magnolia-terrace-milton,indexed,PASS,Submitted and indexed,INDEXING_ALLOWED,ALLOWED,SUCCESSFUL,MOBILE,2026-09-11T10:27:43Z,https://miltonly.com/streets/magnolia-terrace-milton,https://miltonly.com/streets/magnolia-terrace-milton,https://miltonly.com/sitemap-index.xml https://miltonly.com/sitemap-index.xml https://miltonly.com/sitemap.xml,1,76,1,false,
https://miltonly.com/streets/magurn-gate-milton,indexed,PASS,Submitted and indexed,INDEXING_ALLOWED,ALLOWED,SUCCESSFUL,MOBILE,2026-08-29T17:48:40Z,https://miltonly.com/streets/magurn-gate-milton,https://miltonly.com/streets/magurn-gate-milton,https://miltonly.com/sitemap-index.xml https://miltonly.com/sitemap.xml,1,8,1,false,
https://miltonly.com/streets/main-street-milton,indexed,PASS,Submitted and indexed,INDEXING_ALLOWED,ALLOWED,SUCCESSFUL,MOBILE,2026-08-29T05:10:20Z,https://miltonly.com/streets/main-street-milton,https://miltonly.com/streets/main-street-milton,https://miltonly.com/sitemap-index.xml https://miltonly.com/sitemap-index.xml https://miltonly.com/sitemap.xml,0,9,0,false,
https://miltonly.com/streets/malboeuf-court-milton,discovered not indexed,NEUTRAL,Discovered - currently not indexed,INDEXING_STATE_UNSPECIFIED,ROBOTS_TXT_STATE_UNSPECIFIED,PAGE_FETCH_STATE_UNSPECIFIED,CRAWLING_USER_AGENT_UNSPECIFIED,,,,https://miltonly.com/sitemap-index.xml https://miltonly.com/sitemap.xml,0,0,0,false,
https://miltonly.com/streets/malick-street-milton,discovered not indexed,NEUTRAL,Discovered - currently not indexed,INDEXING_STATE_UNSPECIFIED,ROBOTS_TXT_STATE_UNSPECIFIED,PAGE_FETCH_STATE_UNSPECIFIED,CRAWLING_USER_AGENT_UNSPECIFIED,,,,https://miltonly.com/sitemap-index.xml https://miltonly.com/sitemap.xml,0,0,0,false,
https://miltonly.com/streets/mander-place-milton,discovered not indexed,NEUTRAL,Discovered - currently not indexed,INDEXING_STATE_UNSPECIFIED,ROBOTS_TXT_STATE_UNSPECIFIED,PAGE_FETCH_STATE_UNSPECIFIED,CRAWLING_USER_AGENT_UNSPECIFIED,,,,https://miltonly.com/sitemap-index.xml https://miltonly.com/sitemap.xml,1,0,0,false,
https://miltonly.com/streets/manitou-way-milton,discovered not indexed,NEUTRAL,Discovered - currently not indexed,INDEXING_STATE_UNSPECIFIED,ROBOTS_TXT_STATE_UNSPECIFIED,PAGE_FETCH_STATE_UNSPECIFIED,CRAWLING_USER_AGENT_UNSPECIFIED,,,,https://miltonly.com/sitemap-index.xml https://miltonly.com/sitemap.xml,1,0,0,false,
https://miltonly.com/streets/manley-lane-milton,discovered not indexed,NEUTRAL,Discovered - currently not indexed,INDEXING_STATE_UNSPECIFIED,ROBOTS_TXT_STATE_UNSPECIFIED,PAGE_FETCH_STATE_UNSPECIFIED,CRAWLING_USER_AGENT_UNSPECIFIED,,,,https://miltonly.com/sitemap-index.xml https://miltonly.com/sitemap.xml,0,0,0,false,
https://miltonly.com/streets/maple-avenue-milton,discovered not indexed,NEUTRAL,Discovered - currently not indexed,INDEXING_STATE_UNSPECIFIED,ROBOTS_TXT_STATE_UNSPECIFIED,PAGE_FETCH_STATE_UNSPECIFIED,CRAWLING_USER_AGENT_UNSPECIFIED,,,,https://miltonly.com/sitemap-index.xml https://miltonly.com/sitemap-index.xml https://miltonly.com/sitemap.xml,1,0,0,false,
https://miltonly.com/streets/maplewood-crescent-milton,discovered not indexed,NEUTRAL,Discovered - currently not indexed,INDEXING_STATE_UNSPECIFIED,ROBOTS_TXT_STATE_UNSPECIFIED,PAGE_FETCH_STATE_UNSPECIFIED,CRAWLING_USER_AGENT_UNSPECIFIED,,,,https://miltonly.com/sitemap-index.xml https://miltonly.com/sitemap.xml,0,0,0,false,
https://miltonly.com/streets/maquire-terrace-milton,indexed,PASS,Submitted and indexed,INDEXING_ALLOWED,ALLOWED,SUCCESSFUL,MOBILE,2026-09-11T22:12:04Z,https://miltonly.com/streets/maquire-terrace-milton,https://miltonly.com/streets/maquire-terrace-milton,https://miltonly.com/sitemap-index.xml https://miltonly.com/sitemap.xml,1,39,0,false,
https://miltonly.com/streets/mara-circle-milton,discovered not indexed,NEUTRAL,Discovered - currently not indexed,INDEXING_STATE_UNSPECIFIED,ROBOTS_TXT_STATE_UNSPECIFIED,PAGE_FETCH_STATE_UNSPECIFIED,CRAWLING_USER_AGENT_UNSPECIFIED,,,,https://miltonly.com/sitemap-index.xml https://miltonly.com/sitemap-index.xml https://miltonly.com/sitemap.xml,0,0,0,false,
https://miltonly.com/streets/marcellus-avenue-milton,discovered not indexed,NEUTRAL,Discovered - currently not indexed,INDEXING_STATE_UNSPECIFIED,ROBOTS_TXT_STATE_UNSPECIFIED,PAGE_FETCH_STATE_UNSPECIFIED,CRAWLING_USER_AGENT_UNSPECIFIED,,,,https://miltonly.com/sitemap-index.xml https://miltonly.com/sitemap.xml,0,0,0,false,
https://miltonly.com/streets/marigold-court-milton,indexed,PASS,Submitted and indexed,INDEXING_ALLOWED,ALLOWED,SUCCESSFUL,MOBILE,2026-08-12T21:12:03Z,https://miltonly.com/streets/marigold-court-milton,https://miltonly.com/streets/marigold-court-milton,https://miltonly.com/sitemap-index.xml https://miltonly.com/sitemap.xml,1,62,0,false,
https://miltonly.com/streets/marks-street-milton,discovered not indexed,NEUTRAL,Discovered - currently not indexed,INDEXING_STATE_UNSPECIFIED,ROBOTS_TXT_STATE_UNSPECIFIED,PAGE_FETCH_STATE_UNSPECIFIED,CRAWLING_USER_AGENT_UNSPECIFIED,,,,https://miltonly.com/sitemap-index.xml https://miltonly.com/sitemap.xml,0,0,0,false,
https://miltonly.com/streets/marley-crescent-milton,discovered not indexed,NEUTRAL,Discovered - currently not indexed,INDEXING_STATE_UNSPECIFIED,ROBOTS_TXT_STATE_UNSPECIFIED,PAGE_FETCH_STATE_UNSPECIFIED,CRAWLING_USER_AGENT_UNSPECIFIED,,,,https://miltonly.com/sitemap-index.xml https://miltonly.com/sitemap.xml,1,0,0,false,
https://miltonly.com/streets/marshall-crescent-milton,indexed,PASS,Submitted and indexed,INDEXING_ALLOWED,ALLOWED,SUCCESSFUL,MOBILE,2026-09-06T15:03:30Z,https://miltonly.com/streets/marshall-crescent-milton,https://miltonly.com/streets/marshall-crescent-milton,https://miltonly.com/sitemap-index.xml https://miltonly.com/sitemap.xml,1,45,0,false,
https://miltonly.com/streets/martin-street-milton,indexed,PASS,Submitted and indexed,INDEXING_ALLOWED,ALLOWED,SUCCESSFUL,MOBILE,2026-09-11T13:14:45Z,https://miltonly.com/streets/martin-street-milton,https://miltonly.com/streets/martin-street-milton,https://miltonly.com/sitemap-index.xml https://miltonly.com/sitemap-index.xml https://miltonly.com/sitemap.xml,1,45,0,false,
https://miltonly.com/streets/mccandless-court-milton,discovered not indexed,NEUTRAL,Discovered - currently not indexed,INDEXING_STATE_UNSPECIFIED,ROBOTS_TXT_STATE_UNSPECIFIED,PAGE_FETCH_STATE_UNSPECIFIED,CRAWLING_USER_AGENT_UNSPECIFIED,,,,https://miltonly.com/sitemap-index.xml https://miltonly.com/sitemap.xml,1,0,0,false,
https://miltonly.com/streets/mccartney-crescent-milton,discovered not indexed,NEUTRAL,Discovered - currently not indexed,INDEXING_STATE_UNSPECIFIED,ROBOTS_TXT_STATE_UNSPECIFIED,PAGE_FETCH_STATE_UNSPECIFIED,CRAWLING_USER_AGENT_UNSPECIFIED,,,,https://miltonly.com/sitemap-index.xml https://miltonly.com/sitemap.xml,0,0,0,false,
https://miltonly.com/streets/mcclenahan-crescent-milton,other,NEUTRAL,URL is unknown to Google,INDEXING_STATE_UNSPECIFIED,ROBOTS_TXT_STATE_UNSPECIFIED,PAGE_FETCH_STATE_UNSPECIFIED,,,,,,0,0,0,false,
https://miltonly.com/streets/mccready-drive-milton,discovered not indexed,NEUTRAL,Discovered - currently not indexed,INDEXING_STATE_UNSPECIFIED,ROBOTS_TXT_STATE_UNSPECIFIED,PAGE_FETCH_STATE_UNSPECIFIED,CRAWLING_USER_AGENT_UNSPECIFIED,,,,https://miltonly.com/sitemap-index.xml https://miltonly.com/sitemap.xml,1,0,0,false,
https://miltonly.com/streets/mccuaig-drive-milton,indexed,PASS,Submitted and indexed,INDEXING_ALLOWED,ALLOWED,SUCCESSFUL,MOBILE,2026-08-31T01:44:55Z,https://miltonly.com/streets/mccuaig-drive-milton,https://miltonly.com/streets/mccuaig-drive-milton,,1,9,0,false,
https://miltonly.com/streets/mcdermott-way-milton,discovered not indexed,NEUTRAL,Discovered - currently not indexed,INDEXING_STATE_UNSPECIFIED,ROBOTS_TXT_STATE_UNSPECIFIED,PAGE_FETCH_STATE_UNSPECIFIED,CRAWLING_USER_AGENT_UNSPECIFIED,,,,https://miltonly.com/sitemap-index.xml https://miltonly.com/sitemap.xml,1,0,0,false,
https://miltonly.com/streets/mcdougall-crossing-milton,discovered not indexed,NEUTRAL,Discovered - currently not indexed,INDEXING_STATE_UNSPECIFIED,ROBOTS_TXT_STATE_UNSPECIFIED,PAGE_FETCH_STATE_UNSPECIFIED,CRAWLING_USER_AGENT_UNSPECIFIED,,,,https://miltonly.com/sitemap-index.xml https://miltonly.com/sitemap.xml,0,0,0,true,
https://miltonly.com/streets/mcduffe-crescent-milton,indexed,PASS,Submitted and indexed,INDEXING_ALLOWED,ALLOWED,SUCCESSFUL,MOBILE,2026-08-29T21:48:08Z,https://miltonly.com/streets/mcduffe-crescent-milton,https://miltonly.com/streets/mcduffe-crescent-milton,,1,28,0,false,
https://miltonly.com/streets/mceachern-court-milton,indexed,PASS,Submitted and indexed,INDEXING_ALLOWED,ALLOWED,SUCCESSFUL,MOBILE,2026-08-29T02:48:49Z,https://miltonly.com/streets/mceachern-court-milton,https://miltonly.com/streets/mceachern-court-milton,https://miltonly.com/sitemap-index.xml https://miltonly.com/sitemap.xml,1,2,0,false,
https://miltonly.com/streets/mceastern-path-milton,discovered not indexed,NEUTRAL,Discovered - currently not indexed,INDEXING_STATE_UNSPECIFIED,ROBOTS_TXT_STATE_UNSPECIFIED,PAGE_FETCH_STATE_UNSPECIFIED,CRAWLING_USER_AGENT_UNSPECIFIED,,,,https://miltonly.com/sitemap-index.xml https://miltonly.com/sitemap.xml,1,0,0,false,
https://miltonly.com/streets/mcewan-drive-milton,discovered not indexed,NEUTRAL,Discovered - currently not indexed,INDEXING_STATE_UNSPECIFIED,ROBOTS_TXT_STATE_UNSPECIFIED,PAGE_FETCH_STATE_UNSPECIFIED,CRAWLING_USER_AGENT_UNSPECIFIED,,,,https://miltonly.com/sitemap-index.xml https://miltonly.com/sitemap.xml,1,0,0,true,
https://miltonly.com/streets/mcfarland-court-milton,discovered not indexed,NEUTRAL,Discovered - currently not indexed,INDEXING_STATE_UNSPECIFIED,ROBOTS_TXT_STATE_UNSPECIFIED,PAGE_FETCH_STATE_UNSPECIFIED,CRAWLING_USER_AGENT_UNSPECIFIED,,,,https://miltonly.com/sitemap-index.xml https://miltonly.com/sitemap.xml,1,0,0,false,
https://miltonly.com/streets/mcferran-crescent-milton,discovered not indexed,NEUTRAL,Discovered - currently not indexed,INDEXING_STATE_UNSPECIFIED,ROBOTS_TXT_STATE_UNSPECIFIED,PAGE_FETCH_STATE_UNSPECIFIED,CRAWLING_USER_AGENT_UNSPECIFIED,,,,https://miltonly.com/sitemap-index.xml https://miltonly.com/sitemap.xml,0,0,0,false,
https://miltonly.com/streets/mcgibbon-drive-milton,discovered not indexed,NEUTRAL,Discovered - currently not indexed,INDEXING_STATE_UNSPECIFIED,ROBOTS_TXT_STATE_UNSPECIFIED,PAGE_FETCH_STATE_UNSPECIFIED,CRAWLING_USER_AGENT_UNSPECIFIED,,,,https://miltonly.com/sitemap-index.xml https://miltonly.com/sitemap.xml,1,0,0,false,
https://miltonly.com/streets/mcginnis-crescent-milton,discovered not indexed,NEUTRAL,Discovered - currently not indexed,INDEXING_STATE_UNSPECIFIED,ROBOTS_TXT_STATE_UNSPECIFIED,PAGE_FETCH_STATE_UNSPECIFIED,CRAWLING_USER_AGENT_UNSPECIFIED,,,,https://miltonly.com/sitemap-index.xml https://miltonly.com/sitemap.xml,0,0,0,false,
https://miltonly.com/streets/mcguffin-gate-milton,other,NEUTRAL,URL is unknown to Google,INDEXING_STATE_UNSPECIFIED,ROBOTS_TXT_STATE_UNSPECIFIED,PAGE_FETCH_STATE_UNSPECIFIED,,,,,,0,0,0,false,
https://miltonly.com/streets/mcjannett-avenue-milton,indexed,PASS,Submitted and indexed,INDEXING_ALLOWED,ALLOWED,SUCCESSFUL,MOBILE,2026-08-30T07:52:45Z,https://miltonly.com/streets/mcjannett-avenue-milton,https://miltonly.com/streets/mcjannett-avenue-milton,https://miltonly.com/sitemap-index.xml https://miltonly.com/sitemap.xml,1,20,0,false,
https://miltonly.com/streets/mckim-gate-milton,discovered not indexed,NEUTRAL,Discovered - currently not indexed,INDEXING_STATE_UNSPECIFIED,ROBOTS_TXT_STATE_UNSPECIFIED,PAGE_FETCH_STATE_UNSPECIFIED,CRAWLING_USER_AGENT_UNSPECIFIED,,,,https://miltonly.com/sitemap-index.xml https://miltonly.com/sitemap.xml,0,0,0,false,
https://miltonly.com/streets/mclaren-road-milton,other,NEUTRAL,URL is unknown to Google,INDEXING_STATE_UNSPECIFIED,ROBOTS_TXT_STATE_UNSPECIFIED,PAGE_FETCH_STATE_UNSPECIFIED,,,,,,0,0,0,false,
https://miltonly.com/streets/mclaughlin-avenue-milton,other,NEUTRAL,URL is unknown to Google,INDEXING_STATE_UNSPECIFIED,ROBOTS_TXT_STATE_UNSPECIFIED,PAGE_FETCH_STATE_UNSPECIFIED,,,,,,0,0,0,false,
https://miltonly.com/streets/mcmullen-crescent-milton,other,NEUTRAL,URL is unknown to Google,INDEXING_STATE_UNSPECIFIED,ROBOTS_TXT_STATE_UNSPECIFIED,PAGE_FETCH_STATE_UNSPECIFIED,,,,,,0,0,0,false,
https://miltonly.com/streets/mcnabb-crescent-milton,discovered not indexed,NEUTRAL,Discovered - currently not indexed,INDEXING_STATE_UNSPECIFIED,ROBOTS_TXT_STATE_UNSPECIFIED,PAGE_FETCH_STATE_UNSPECIFIED,CRAWLING_USER_AGENT_UNSPECIFIED,,,,https://miltonly.com/sitemap-index.xml https://miltonly.com/sitemap.xml,1,0,0,false,
https://miltonly.com/streets/mcnair-circle-milton,indexed,PASS,Submitted and indexed,INDEXING_ALLOWED,ALLOWED,SUCCESSFUL,MOBILE,2026-09-01T06:26:59Z,https://miltonly.com/streets/mcnair-circle-milton,https://miltonly.com/streets/mcnair-circle-milton,,2,28,0,false,
https://miltonly.com/streets/mcneil-drive-milton,discovered not indexed,NEUTRAL,Discovered - currently not indexed,INDEXING_STATE_UNSPECIFIED,ROBOTS_TXT_STATE_UNSPECIFIED,PAGE_FETCH_STATE_UNSPECIFIED,CRAWLING_USER_AGENT_UNSPECIFIED,,,,https://miltonly.com/sitemap-index.xml https://miltonly.com/sitemap.xml,0,0,0,false,
https://miltonly.com/streets/mcphail-way-milton,discovered not indexed,NEUTRAL,Discovered - currently not indexed,INDEXING_STATE_UNSPECIFIED,ROBOTS_TXT_STATE_UNSPECIFIED,PAGE_FETCH_STATE_UNSPECIFIED,CRAWLING_USER_AGENT_UNSPECIFIED,,,,https://miltonly.com/sitemap-index.xml https://miltonly.com/sitemap.xml,1,0,0,false,
https://miltonly.com/streets/mcphedran-point-milton,indexed,PASS,Submitted and indexed,INDEXING_ALLOWED,ALLOWED,SUCCESSFUL,MOBILE,2026-08-30T07:48:19Z,https://miltonly.com/streets/mcphedran-point-milton,https://miltonly.com/streets/mcphedran-point-milton,https://miltonly.com/sitemap-index.xml https://miltonly.com/sitemap.xml,1,3,0,false,
https://miltonly.com/streets/meadowbrook-drive-milton,discovered not indexed,NEUTRAL,Discovered - currently not indexed,INDEXING_STATE_UNSPECIFIED,ROBOTS_TXT_STATE_UNSPECIFIED,PAGE_FETCH_STATE_UNSPECIFIED,CRAWLING_USER_AGENT_UNSPECIFIED,,,,https://miltonly.com/sitemap-index.xml https://miltonly.com/sitemap.xml,0,0,0,false,
https://miltonly.com/streets/meadowland-crescent-milton,other,NEUTRAL,URL is unknown to Google,INDEXING_STATE_UNSPECIFIED,ROBOTS_TXT_STATE_UNSPECIFIED,PAGE_FETCH_STATE_UNSPECIFIED,,,,,,0,0,0,false,
https://miltonly.com/streets/megson-terrace-milton,indexed,PASS,Submitted and indexed,INDEXING_ALLOWED,ALLOWED,SUCCESSFUL,MOBILE,2026-09-11T12:19:29Z,https://miltonly.com/streets/megson-terrace-milton,https://miltonly.com/streets/megson-terrace-milton,https://miltonly.com/sitemap-index.xml https://miltonly.com/sitemap.xml,1,22,0,false,
https://miltonly.com/streets/meighen-way-milton,discovered not indexed,NEUTRAL,Discovered - currently not indexed,INDEXING_STATE_UNSPECIFIED,ROBOTS_TXT_STATE_UNSPECIFIED,PAGE_FETCH_STATE_UNSPECIFIED,CRAWLING_USER_AGENT_UNSPECIFIED,,,,https://miltonly.com/sitemap-index.xml https://miltonly.com/sitemap.xml,0,0,0,false,
https://miltonly.com/streets/melanson-heights-milton,discovered not indexed,NEUTRAL,Discovered - currently not indexed,INDEXING_STATE_UNSPECIFIED,ROBOTS_TXT_STATE_UNSPECIFIED,PAGE_FETCH_STATE_UNSPECIFIED,CRAWLING_USER_AGENT_UNSPECIFIED,,,,https://miltonly.com/sitemap-index.xml https://miltonly.com/sitemap.xml,0,0,0,false,
https://miltonly.com/streets/melville-bonus-crescent-milton,discovered not indexed,NEUTRAL,Discovered - currently not indexed,INDEXING_STATE_UNSPECIFIED,ROBOTS_TXT_STATE_UNSPECIFIED,PAGE_FETCH_STATE_UNSPECIFIED,CRAWLING_USER_AGENT_UNSPECIFIED,,,,https://miltonly.com/sitemap-index.xml https://miltonly.com/sitemap.xml,1,0,0,true,
https://miltonly.com/streets/mendelson-heights-milton,discovered not indexed,NEUTRAL,Discovered - currently not indexed,INDEXING_STATE_UNSPECIFIED,ROBOTS_TXT_STATE_UNSPECIFIED,PAGE_FETCH_STATE_UNSPECIFIED,CRAWLING_USER_AGENT_UNSPECIFIED,,,,https://miltonly.com/sitemap-index.xml https://miltonly.com/sitemap.xml,1,0,0,false,
https://miltonly.com/streets/menefy-place-milton,discovered not indexed,NEUTRAL,Discovered - currently not indexed,INDEXING_STATE_UNSPECIFIED,ROBOTS_TXT_STATE_UNSPECIFIED,PAGE_FETCH_STATE_UNSPECIFIED,CRAWLING_USER_AGENT_UNSPECIFIED,,,,https://miltonly.com/sitemap-index.xml https://miltonly.com/sitemap.xml,0,0,0,false,
https://miltonly.com/streets/menzies-court-milton,discovered not indexed,NEUTRAL,Discovered - currently not indexed,INDEXING_STATE_UNSPECIFIED,ROBOTS_TXT_STATE_UNSPECIFIED,PAGE_FETCH_STATE_UNSPECIFIED,CRAWLING_USER_AGENT_UNSPECIFIED,,,,https://miltonly.com/sitemap-index.xml https://miltonly.com/sitemap.xml,1,0,0,true,
https://miltonly.com/streets/merritt-drive-milton,discovered not indexed,NEUTRAL,Discovered - currently not indexed,INDEXING_STATE_UNSPECIFIED,ROBOTS_TXT_STATE_UNSPECIFIED,PAGE_FETCH_STATE_UNSPECIFIED,CRAWLING_USER_AGENT_UNSPECIFIED,,,,https://miltonly.com/sitemap-index.xml https://miltonly.com/sitemap.xml,1,0,0,false,
https://miltonly.com/streets/michener-place-milton,other,NEUTRAL,URL is unknown to Google,INDEXING_STATE_UNSPECIFIED,ROBOTS_TXT_STATE_UNSPECIFIED,PAGE_FETCH_STATE_UNSPECIFIED,,,,,,0,0,0,false,
https://miltonly.com/streets/mickey-court-milton,discovered not indexed,NEUTRAL,Discovered - currently not indexed,INDEXING_STATE_UNSPECIFIED,ROBOTS_TXT_STATE_UNSPECIFIED,PAGE_FETCH_STATE_UNSPECIFIED,CRAWLING_USER_AGENT_UNSPECIFIED,,,,https://miltonly.com/sitemap-index.xml https://miltonly.com/sitemap.xml,0,0,0,false,
https://miltonly.com/streets/middleton-crescent-milton,discovered not indexed,NEUTRAL,Discovered - currently not indexed,INDEXING_STATE_UNSPECIFIED,ROBOTS_TXT_STATE_UNSPECIFIED,PAGE_FETCH_STATE_UNSPECIFIED,CRAWLING_USER_AGENT_UNSPECIFIED,,,,https://miltonly.com/sitemap-index.xml https://miltonly.com/sitemap.xml,0,0,0,false,
https://miltonly.com/streets/miles-street-milton,indexed,PASS,Submitted and indexed,INDEXING_ALLOWED,ALLOWED,SUCCESSFUL,MOBILE,2026-07-23T16:19:32Z,https://miltonly.com/streets/miles-street-milton,https://miltonly.com/streets/miles-street-milton,https://miltonly.com/sitemap-index.xml https://miltonly.com/sitemap.xml,1,5,0,false,
https://miltonly.com/streets/mill-street-milton,other,NEUTRAL,URL is unknown to Google,INDEXING_STATE_UNSPECIFIED,ROBOTS_TXT_STATE_UNSPECIFIED,PAGE_FETCH_STATE_UNSPECIFIED,,,,,,0,0,0,false,
https://miltonly.com/streets/miller-way-milton,indexed,PASS,Submitted and indexed,INDEXING_ALLOWED,ALLOWED,SUCCESSFUL,MOBILE,2026-08-30T14:11:09Z,https://miltonly.com/streets/miller-way-milton,https://miltonly.com/streets/miller-way-milton,,1,2,0,false,
https://miltonly.com/streets/millside-drive-milton,discovered not indexed,NEUTRAL,Discovered - currently not indexed,INDEXING_STATE_UNSPECIFIED,ROBOTS_TXT_STATE_UNSPECIFIED,PAGE_FETCH_STATE_UNSPECIFIED,CRAWLING_USER_AGENT_UNSPECIFIED,,,,https://miltonly.com/sitemap-index.xml https://miltonly.com/sitemap.xml,1,0,0,false,
https://miltonly.com/streets/milton-heights-crescent-milton,indexed,PASS,Submitted and indexed,INDEXING_ALLOWED,ALLOWED,SUCCESSFUL,MOBILE,2026-09-17T16:16:26Z,https://miltonly.com/streets/milton-heights-crescent-milton,https://miltonly.com/streets/milton-heights-crescent-milton,https://miltonly.com/sitemap-index.xml https://miltonly.com/sitemap.xml,1,0,0,false,
https://miltonly.com/streets/miltonbrook-crescent-milton,indexed,PASS,Submitted and indexed,INDEXING_ALLOWED,ALLOWED,SUCCESSFUL,MOBILE,2026-09-05T21:23:45Z,https://miltonly.com/streets/miltonbrook-crescent-milton,https://miltonly.com/streets/miltonbrook-crescent-milton,https://miltonly.com/sitemap-index.xml https://miltonly.com/sitemap.xml,1,11,0,false,
https://miltonly.com/streets/minchin-way-milton,indexed,PASS,Submitted and indexed,INDEXING_ALLOWED,ALLOWED,SUCCESSFUL,MOBILE,2026-09-09T01:34:52Z,https://miltonly.com/streets/minchin-way-milton,https://miltonly.com/streets/minchin-way-milton,,2,9,0,false,
https://miltonly.com/streets/minto-crescent-milton,indexed,PASS,Submitted and indexed,INDEXING_ALLOWED,ALLOWED,SUCCESSFUL,MOBILE,2026-08-13T04:50:34Z,https://miltonly.com/streets/minto-crescent-milton,https://miltonly.com/streets/minto-crescent-milton,,0,26,0,false,
https://miltonly.com/streets/mockridge-terrace-milton,indexed,PASS,Submitted and indexed,INDEXING_ALLOWED,ALLOWED,SUCCESSFUL,MOBILE,2026-09-02T12:21:06Z,https://miltonly.com/streets/mockridge-terrace-milton,https://miltonly.com/streets/mockridge-terrace-milton,https://miltonly.com/sitemap-index.xml https://miltonly.com/sitemap.xml,1,34,0,false,
https://miltonly.com/streets/moira-crescent-milton,discovered not indexed,NEUTRAL,Discovered - currently not indexed,INDEXING_STATE_UNSPECIFIED,ROBOTS_TXT_STATE_UNSPECIFIED,PAGE_FETCH_STATE_UNSPECIFIED,CRAWLING_USER_AGENT_UNSPECIFIED,,,,https://miltonly.com/sitemap-index.xml https://miltonly.com/sitemap.xml,1,0,0,false,
https://miltonly.com/streets/monaghan-crescent-milton,discovered not indexed,NEUTRAL,Discovered - currently not indexed,INDEXING_STATE_UNSPECIFIED,ROBOTS_TXT_STATE_UNSPECIFIED,PAGE_FETCH_STATE_UNSPECIFIED,CRAWLING_USER_AGENT_UNSPECIFIED,,,,https://miltonly.com/sitemap-index.xml https://miltonly.com/sitemap.xml,1,0,0,false,
https://miltonly.com/streets/moonseed-place-milton,other,NEUTRAL,URL is unknown to Google,INDEXING_STATE_UNSPECIFIED,ROBOTS_TXT_STATE_UNSPECIFIED,PAGE_FETCH_STATE_UNSPECIFIED,,,,,,0,0,0,false,
https://miltonly.com/streets/moorelands-crescent-milton,indexed,PASS,Submitted and indexed,INDEXING_ALLOWED,ALLOWED,SUCCESSFUL,MOBILE,2026-09-03T08:36:58Z,https://miltonly.com/streets/moorelands-crescent-milton,https://miltonly.com/streets/moorelands-crescent-milton,https://miltonly.com/sitemap-index.xml https://miltonly.com/sitemap.xml,2,35,0,false,
https://miltonly.com/streets/moreau-lane-milton,discovered not indexed,NEUTRAL,Discovered - currently not indexed,INDEXING_STATE_UNSPECIFIED,ROBOTS_TXT_STATE_UNSPECIFIED,PAGE_FETCH_STATE_UNSPECIFIED,CRAWLING_USER_AGENT_UNSPECIFIED,,,,https://miltonly.com/sitemap-index.xml https://miltonly.com/sitemap.xml,1,0,0,false,
https://miltonly.com/streets/morley-avenue-milton,other,NEUTRAL,URL is unknown to Google,INDEXING_STATE_UNSPECIFIED,ROBOTS_TXT_STATE_UNSPECIFIED,PAGE_FETCH_STATE_UNSPECIFIED,,,,,,0,0,0,false,
https://miltonly.com/streets/morse-place-milton,indexed,PASS,Submitted and indexed,INDEXING_ALLOWED,ALLOWED,SUCCESSFUL,MOBILE,2026-08-17T19:24:15Z,https://miltonly.com/streets/morse-place-milton,https://miltonly.com/streets/morse-place-milton,https://miltonly.com/sitemap-index.xml https://miltonly.com/sitemap.xml,1,0,0,false,
https://miltonly.com/streets/mortimer-crescent-milton,discovered not indexed,NEUTRAL,Discovered - currently not indexed,INDEXING_STATE_UNSPECIFIED,ROBOTS_TXT_STATE_UNSPECIFIED,PAGE_FETCH_STATE_UNSPECIFIED,CRAWLING_USER_AGENT_UNSPECIFIED,,,,https://miltonly.com/sitemap-index.xml https://miltonly.com/sitemap.xml,0,0,0,false,
https://miltonly.com/streets/mountainview-drive-milton,discovered not indexed,NEUTRAL,Discovered - currently not indexed,INDEXING_STATE_UNSPECIFIED,ROBOTS_TXT_STATE_UNSPECIFIED,PAGE_FETCH_STATE_UNSPECIFIED,CRAWLING_USER_AGENT_UNSPECIFIED,,,,https://miltonly.com/sitemap-index.xml https://miltonly.com/sitemap.xml,0,0,0,false,
https://miltonly.com/streets/mowat-lane-milton,discovered not indexed,NEUTRAL,Discovered - currently not indexed,INDEXING_STATE_UNSPECIFIED,ROBOTS_TXT_STATE_UNSPECIFIED,PAGE_FETCH_STATE_UNSPECIFIED,CRAWLING_USER_AGENT_UNSPECIFIED,,,,https://miltonly.com/sitemap-index.xml https://miltonly.com/sitemap-index.xml https://miltonly.com/sitemap.xml,1,0,0,false,
https://miltonly.com/streets/mulroney-heights-milton,other,NEUTRAL,URL is unknown to Google,INDEXING_STATE_UNSPECIFIED,ROBOTS_TXT_STATE_UNSPECIFIED,PAGE_FETCH_STATE_UNSPECIFIED,,,,,,0,0,0,false,
https://miltonly.com/streets/murlock-heights-milton,crawled not indexed,NEUTRAL,Crawled - currently not indexed,INDEXING_ALLOWED,ALLOWED,SUCCESSFUL,MOBILE,2026-09-28T13:34:43Z,https://miltonly.com/streets/murlock-heights-milton,https://miltonly.com/streets/murlock-heights-milton,https://miltonly.com/sitemap-index.xml https://miltonly.com/sitemap-index.xml https://miltonly.com/sitemap.xml,1,1,0,false,
https://miltonly.com/streets/murray-meadows-place-milton,indexed,PASS,Submitted and indexed,INDEXING_ALLOWED,ALLOWED,SUCCESSFUL,MOBILE,2026-08-13T11:26:55Z,https://miltonly.com/streets/murray-meadows-place-milton,https://miltonly.com/streets/murray-meadows-place-milton,,1,14,1,false,
https://miltonly.com/streets/muskoka-heights-milton,indexed,PASS,Submitted and indexed,INDEXING_ALLOWED,ALLOWED,SUCCESSFUL,MOBILE,2026-09-06T06:53:29Z,https://miltonly.com/streets/muskoka-heights-milton,https://miltonly.com/streets/muskoka-heights-milton,,2,24,0,false,
https://miltonly.com/streets/nadalin-heights-milton,other,NEUTRAL,URL is unknown to Google,INDEXING_STATE_UNSPECIFIED,ROBOTS_TXT_STATE_UNSPECIFIED,PAGE_FETCH_STATE_UNSPECIFIED,,,,,,0,0,0,false,
https://miltonly.com/streets/nairn-circle-milton,indexed,PASS,Submitted and indexed,INDEXING_ALLOWED,ALLOWED,SUCCESSFUL,MOBILE,2026-09-10T05:49:05Z,https://miltonly.com/streets/nairn-circle-milton,https://miltonly.com/streets/nairn-circle-milton,,1,117,1,false,
https://miltonly.com/streets/nakerville-crescent-milton,indexed,PASS,Submitted and indexed,INDEXING_ALLOWED,ALLOWED,SUCCESSFUL,MOBILE,2026-08-31T15:21:09Z,https://miltonly.com/streets/nakerville-crescent-milton,https://miltonly.com/streets/nakerville-crescent-milton,https://miltonly.com/sitemap-index.xml https://miltonly.com/sitemap.xml,1,17,0,false,
https://miltonly.com/streets/nassagaweya-esquesing-townline-milton,indexed,PASS,Submitted and indexed,INDEXING_ALLOWED,ALLOWED,SUCCESSFUL,MOBILE,2026-09-03T16:14:31Z,https://miltonly.com/streets/nassagaweya-esquesing-townline-milton,https://miltonly.com/streets/nassagaweya-esquesing-townline-milton,https://miltonly.com/sitemap-index.xml https://miltonly.com/sitemap.xml,1,19,1,true,
https://miltonly.com/streets/nassagaweya-puslinch-townline-milton,indexed,PASS,Submitted and indexed,INDEXING_ALLOWED,ALLOWED,SUCCESSFUL,MOBILE,2026-08-30T16:05:29Z,https://miltonly.com/streets/nassagaweya-puslinch-townline-milton,https://miltonly.com/streets/nassagaweya-puslinch-townline-milton,https://miltonly.com/sitemap-index.xml https://miltonly.com/sitemap.xml,1,8,0,true,
https://miltonly.com/streets/nelson-court-milton,discovered not indexed,NEUTRAL,Discovered - currently not indexed,INDEXING_STATE_UNSPECIFIED,ROBOTS_TXT_STATE_UNSPECIFIED,PAGE_FETCH_STATE_UNSPECIFIED,CRAWLING_USER_AGENT_UNSPECIFIED,,,,https://miltonly.com/sitemap-index.xml https://miltonly.com/sitemap.xml,1,0,0,false,
https://miltonly.com/streets/newell-street-milton,discovered not indexed,NEUTRAL,Discovered - currently not indexed,INDEXING_STATE_UNSPECIFIED,ROBOTS_TXT_STATE_UNSPECIFIED,PAGE_FETCH_STATE_UNSPECIFIED,CRAWLING_USER_AGENT_UNSPECIFIED,,,,https://miltonly.com/sitemap-index.xml https://miltonly.com/sitemap-index.xml https://miltonly.com/sitemap.xml,2,0,0,false,
https://miltonly.com/streets/nipissing-road-milton,indexed,PASS,Submitted and indexed,INDEXING_ALLOWED,ALLOWED,SUCCESSFUL,MOBILE,2026-09-01T21:11:55Z,https://miltonly.com/streets/nipissing-road-milton,https://miltonly.com/streets/nipissing-road-milton,https://miltonly.com/sitemap-index.xml https://miltonly.com/sitemap-index.xml https://miltonly.com/sitemap.xml,1,18,0,false,
https://miltonly.com/streets/no-1-side-road-milton,indexed,PASS,Submitted and indexed,INDEXING_ALLOWED,ALLOWED,SUCCESSFUL,MOBILE,2026-09-24T18:53:00Z,https://miltonly.com/streets/no-1-side-road-milton,https://miltonly.com/streets/no-1-side-road-milton,https://miltonly.com/sitemap-index.xml https://miltonly.com/sitemap.xml,1,7,0,false,
https://miltonly.com/streets/norrington-place-milton,discovered not indexed,NEUTRAL,Discovered - currently not indexed,INDEXING_STATE_UNSPECIFIED,ROBOTS_TXT_STATE_UNSPECIFIED,PAGE_FETCH_STATE_UNSPECIFIED,CRAWLING_USER_AGENT_UNSPECIFIED,,,,https://miltonly.com/sitemap-index.xml https://miltonly.com/sitemap.xml,0,0,0,false,
https://miltonly.com/streets/norris-circle-milton,other,NEUTRAL,URL is unknown to Google,INDEXING_STATE_UNSPECIFIED,ROBOTS_TXT_STATE_UNSPECIFIED,PAGE_FETCH_STATE_UNSPECIFIED,,,,,,0,0,0,false,
https://miltonly.com/streets/nunn-court-milton,other,NEUTRAL,URL is unknown to Google,INDEXING_STATE_UNSPECIFIED,ROBOTS_TXT_STATE_UNSPECIFIED,PAGE_FETCH_STATE_UNSPECIFIED,,,,,,0,0,0,false,
https://miltonly.com/streets/oak-street-milton,other,NEUTRAL,URL is unknown to Google,INDEXING_STATE_UNSPECIFIED,ROBOTS_TXT_STATE_UNSPECIFIED,PAGE_FETCH_STATE_UNSPECIFIED,,,,,,0,0,0,false,
https://miltonly.com/streets/old-tremaine-road-milton,indexed,PASS,Submitted and indexed,INDEXING_ALLOWED,ALLOWED,SUCCESSFUL,MOBILE,2026-08-01T17:18:33Z,https://miltonly.com/streets/old-tremaine-road-milton,https://miltonly.com/streets/old-tremaine-road-milton,https://miltonly.com/sitemap-index.xml https://miltonly.com/sitemap.xml,1,14,0,false,
https://miltonly.com/streets/ollerenshaw-point-milton,indexed,PASS,Submitted and indexed,INDEXING_ALLOWED,ALLOWED,SUCCESSFUL,MOBILE,2026-08-29T18:26:07Z,https://miltonly.com/streets/ollerenshaw-point-milton,https://miltonly.com/streets/ollerenshaw-point-milton,https://miltonly.com/sitemap-index.xml https://miltonly.com/sitemap.xml,1,2,0,false,
https://miltonly.com/streets/onley-lane-milton,discovered not indexed,NEUTRAL,Discovered - currently not indexed,INDEXING_STATE_UNSPECIFIED,ROBOTS_TXT_STATE_UNSPECIFIED,PAGE_FETCH_STATE_UNSPECIFIED,CRAWLING_USER_AGENT_UNSPECIFIED,,,,https://miltonly.com/sitemap-index.xml https://miltonly.com/sitemap.xml,0,0,0,false,
https://miltonly.com/streets/ontario-street-milton,discovered not indexed,NEUTRAL,Discovered - currently not indexed,INDEXING_STATE_UNSPECIFIED,ROBOTS_TXT_STATE_UNSPECIFIED,PAGE_FETCH_STATE_UNSPECIFIED,CRAWLING_USER_AGENT_UNSPECIFIED,,,,https://miltonly.com/sitemap-index.xml https://miltonly.com/sitemap.xml,2,0,0,false,
https://miltonly.com/streets/oriole-court-milton,indexed,PASS,Submitted and indexed,INDEXING_ALLOWED,ALLOWED,SUCCESSFUL,MOBILE,2026-09-10T11:53:49Z,https://miltonly.com/streets/oriole-court-milton,https://miltonly.com/streets/oriole-court-milton,,1,15,1,false,
https://miltonly.com/streets/orr-terrace-milton,discovered not indexed,NEUTRAL,Discovered - currently not indexed,INDEXING_STATE_UNSPECIFIED,ROBOTS_TXT_STATE_UNSPECIFIED,PAGE_FETCH_STATE_UNSPECIFIED,CRAWLING_USER_AGENT_UNSPECIFIED,,,,https://miltonly.com/sitemap-index.xml https://miltonly.com/sitemap-index.xml https://miltonly.com/sitemap.xml,1,0,0,false,
https://miltonly.com/streets/panton-trail-milton,discovered not indexed,NEUTRAL,Discovered - currently not indexed,INDEXING_STATE_UNSPECIFIED,ROBOTS_TXT_STATE_UNSPECIFIED,PAGE_FETCH_STATE_UNSPECIFIED,CRAWLING_USER_AGENT_UNSPECIFIED,,,,https://miltonly.com/sitemap-index.xml https://miltonly.com/sitemap.xml,1,0,0,false,
https://miltonly.com/streets/parent-place-milton,indexed,PASS,Submitted and indexed,INDEXING_ALLOWED,ALLOWED,SUCCESSFUL,MOBILE,2026-08-30T01:44:18Z,https://miltonly.com/streets/parent-place-milton,https://miltonly.com/streets/parent-place-milton,,1,69,1,false,
https://miltonly.com/streets/parkway-drive-milton,indexed,PASS,Submitted and indexed,INDEXING_ALLOWED,ALLOWED,SUCCESSFUL,MOBILE,2026-07-24T22:00:56Z,https://miltonly.com/streets/parkway-drive-milton,https://miltonly.com/streets/parkway-drive-milton,https://miltonly.com/sitemap-index.xml https://miltonly.com/sitemap.xml,0,1,0,false,
https://miltonly.com/streets/patterson-drive-milton,indexed,PASS,Submitted and indexed,INDEXING_ALLOWED,ALLOWED,SUCCESSFUL,MOBILE,2026-09-03T15:43:43Z,https://miltonly.com/streets/patterson-drive-milton,https://miltonly.com/streets/patterson-drive-milton,,1,5,1,false,
https://miltonly.com/streets/paupst-place-milton,indexed,PASS,Submitted and indexed,INDEXING_ALLOWED,ALLOWED,SUCCESSFUL,MOBILE,2026-08-29T02:43:15Z,https://miltonly.com/streets/paupst-place-milton,https://miltonly.com/streets/paupst-place-milton,https://miltonly.com/sitemap-index.xml https://miltonly.com/sitemap.xml,2,3,0,false,
https://miltonly.com/streets/peacock-lane-milton,discovered not indexed,NEUTRAL,Discovered - currently not indexed,INDEXING_STATE_UNSPECIFIED,ROBOTS_TXT_STATE_UNSPECIFIED,PAGE_FETCH_STATE_UNSPECIFIED,CRAWLING_USER_AGENT_UNSPECIFIED,,,,https://miltonly.com/sitemap-index.xml https://miltonly.com/sitemap.xml,0,0,0,false,
https://miltonly.com/streets/pearen-avenue-milton,other,NEUTRAL,URL is unknown to Google,INDEXING_STATE_UNSPECIFIED,ROBOTS_TXT_STATE_UNSPECIFIED,PAGE_FETCH_STATE_UNSPECIFIED,,,,,,0,0,0,false,
https://miltonly.com/streets/pearl-street-milton,other,NEUTRAL,URL is unknown to Google,INDEXING_STATE_UNSPECIFIED,ROBOTS_TXT_STATE_UNSPECIFIED,PAGE_FETCH_STATE_UNSPECIFIED,,,,,,0,0,0,false,
https://miltonly.com/streets/pears-court-milton,indexed,PASS,Submitted and indexed,INDEXING_ALLOWED,ALLOWED,SUCCESSFUL,MOBILE,2026-09-28T02:56:05Z,https://miltonly.com/streets/pears-court-milton,https://miltonly.com/streets/pears-court-milton,https://miltonly.com/sitemap-index.xml https://miltonly.com/sitemap.xml,1,0,0,false,
https://miltonly.com/streets/penson-crescent-milton,other,NEUTRAL,URL is unknown to Google,INDEXING_STATE_UNSPECIFIED,ROBOTS_TXT_STATE_UNSPECIFIED,PAGE_FETCH_STATE_UNSPECIFIED,,,,,,0,0,0,false,
https://miltonly.com/streets/peregrine-way-milton,other,NEUTRAL,URL is unknown to Google,INDEXING_STATE_UNSPECIFIED,ROBOTS_TXT_STATE_UNSPECIFIED,PAGE_FETCH_STATE_UNSPECIFIED,,,,,,0,0,0,false,
https://miltonly.com/streets/periwinkle-place-milton,indexed,PASS,Submitted and indexed,INDEXING_ALLOWED,ALLOWED,SUCCESSFUL,MOBILE,2026-08-18T03:10:35Z,https://miltonly.com/streets/periwinkle-place-milton,https://miltonly.com/streets/periwinkle-place-milton,,1,10,1,false,
https://miltonly.com/streets/pettigrew-trail-milton,indexed,PASS,Submitted and indexed,INDEXING_ALLOWED,ALLOWED,SUCCESSFUL,MOBILE,2026-09-06T14:40:02Z,https://miltonly.com/streets/pettigrew-trail-milton,https://miltonly.com/streets/pettigrew-trail-milton,https://miltonly.com/sitemap-index.xml https://miltonly.com/sitemap.xml,1,8,0,false,
https://miltonly.com/streets/pettit-trail-milton,other,NEUTRAL,URL is unknown to Google,INDEXING_STATE_UNSPECIFIED,ROBOTS_TXT_STATE_UNSPECIFIED,PAGE_FETCH_STATE_UNSPECIFIED,,,,,,0,0,0,false,
https://miltonly.com/streets/pharo-point-milton,indexed,PASS,Submitted and indexed,INDEXING_ALLOWED,ALLOWED,SUCCESSFUL,MOBILE,2026-08-30T07:44:38Z,https://miltonly.com/streets/pharo-point-milton,https://miltonly.com/streets/pharo-point-milton,https://miltonly.com/sitemap-index.xml https://miltonly.com/sitemap-index.xml https://miltonly.com/sitemap.xml,1,2,0,false,
https://miltonly.com/streets/philbrook-drive-milton,indexed,PASS,Submitted and indexed,INDEXING_ALLOWED,ALLOWED,SUCCESSFUL,MOBILE,2026-08-30T06:44:15Z,https://miltonly.com/streets/philbrook-drive-milton,https://miltonly.com/streets/philbrook-drive-milton,https://miltonly.com/sitemap-index.xml https://miltonly.com/sitemap.xml,1,10,0,false,
https://miltonly.com/streets/pickersgill-crescent-milton,discovered not indexed,NEUTRAL,Discovered - currently not indexed,INDEXING_STATE_UNSPECIFIED,ROBOTS_TXT_STATE_UNSPECIFIED,PAGE_FETCH_STATE_UNSPECIFIED,CRAWLING_USER_AGENT_UNSPECIFIED,,,,https://miltonly.com/sitemap-index.xml https://miltonly.com/sitemap.xml,1,0,0,false,
https://miltonly.com/streets/pine-street-milton,other,NEUTRAL,URL is unknown to Google,INDEXING_STATE_UNSPECIFIED,ROBOTS_TXT_STATE_UNSPECIFIED,PAGE_FETCH_STATE_UNSPECIFIED,,,,,,0,0,0,false,
https://miltonly.com/streets/pine-view-trail-milton,discovered not indexed,NEUTRAL,Discovered - currently not indexed,INDEXING_STATE_UNSPECIFIED,ROBOTS_TXT_STATE_UNSPECIFIED,PAGE_FETCH_STATE_UNSPECIFIED,CRAWLING_USER_AGENT_UNSPECIFIED,,,,https://miltonly.com/sitemap-index.xml https://miltonly.com/sitemap.xml,0,0,0,true,
https://miltonly.com/streets/pineridge-drive-milton,discovered not indexed,NEUTRAL,Discovered - currently not indexed,INDEXING_STATE_UNSPECIFIED,ROBOTS_TXT_STATE_UNSPECIFIED,PAGE_FETCH_STATE_UNSPECIFIED,CRAWLING_USER_AGENT_UNSPECIFIED,,,,https://miltonly.com/sitemap-index.xml https://miltonly.com/sitemap.xml,1,0,0,false,
https://miltonly.com/streets/pitcher-place-milton,discovered not indexed,NEUTRAL,Discovered - currently not indexed,INDEXING_STATE_UNSPECIFIED,ROBOTS_TXT_STATE_UNSPECIFIED,PAGE_FETCH_STATE_UNSPECIFIED,CRAWLING_USER_AGENT_UNSPECIFIED,,,,https://miltonly.com/sitemap-index.xml https://miltonly.com/sitemap.xml,0,0,0,false,
https://miltonly.com/streets/pitfield-road-milton,indexed,PASS,Submitted and indexed,INDEXING_ALLOWED,ALLOWED,SUCCESSFUL,MOBILE,2026-09-03T07:26:15Z,https://miltonly.com/streets/pitfield-road-milton,https://miltonly.com/streets/pitfield-road-milton,https://miltonly.com/sitemap-index.xml https://miltonly.com/sitemap.xml,1,9,0,false,
https://miltonly.com/streets/playfair-terrace-milton,discovered not indexed,NEUTRAL,Discovered - currently not indexed,INDEXING_STATE_UNSPECIFIED,ROBOTS_TXT_STATE_UNSPECIFIED,PAGE_FETCH_STATE_UNSPECIFIED,CRAWLING_USER_AGENT_UNSPECIFIED,,,,https://miltonly.com/sitemap-index.xml https://miltonly.com/sitemap.xml,0,0,0,false,
https://miltonly.com/streets/plum-place-milton,discovered not indexed,NEUTRAL,Discovered - currently not indexed,INDEXING_STATE_UNSPECIFIED,ROBOTS_TXT_STATE_UNSPECIFIED,PAGE_FETCH_STATE_UNSPECIFIED,CRAWLING_USER_AGENT_UNSPECIFIED,,,,https://miltonly.com/sitemap-index.xml https://miltonly.com/sitemap.xml,1,0,0,false,
https://miltonly.com/streets/pollock-gate-milton,discovered not indexed,NEUTRAL,Discovered - currently not indexed,INDEXING_STATE_UNSPECIFIED,ROBOTS_TXT_STATE_UNSPECIFIED,PAGE_FETCH_STATE_UNSPECIFIED,CRAWLING_USER_AGENT_UNSPECIFIED,,,,https://miltonly.com/sitemap-index.xml https://miltonly.com/sitemap.xml,1,0,0,false,
https://miltonly.com/streets/poplar-road-milton,discovered not indexed,NEUTRAL,Discovered - currently not indexed,INDEXING_STATE_UNSPECIFIED,ROBOTS_TXT_STATE_UNSPECIFIED,PAGE_FETCH_STATE_UNSPECIFIED,CRAWLING_USER_AGENT_UNSPECIFIED,,,,https://miltonly.com/sitemap-index.xml https://miltonly.com/sitemap.xml,0,0,0,false,
https://miltonly.com/streets/portch-gate-milton,discovered not indexed,NEUTRAL,Discovered - currently not indexed,INDEXING_STATE_UNSPECIFIED,ROBOTS_TXT_STATE_UNSPECIFIED,PAGE_FETCH_STATE_UNSPECIFIED,CRAWLING_USER_AGENT_UNSPECIFIED,,,,https://miltonly.com/sitemap-index.xml https://miltonly.com/sitemap.xml,1,0,0,false,
https://miltonly.com/streets/porter-way-milton,indexed,PASS,Submitted and indexed,INDEXING_ALLOWED,ALLOWED,SUCCESSFUL,MOBILE,2026-09-11T20:00:01Z,https://miltonly.com/streets/porter-way-milton,https://miltonly.com/streets/porter-way-milton,,1,6,0,false,
https://miltonly.com/streets/potts-terrace-milton,indexed,PASS,Submitted and indexed,INDEXING_ALLOWED,ALLOWED,SUCCESSFUL,MOBILE,2026-09-05T12:16:36Z,https://miltonly.com/streets/potts-terrace-milton,https://miltonly.com/streets/potts-terrace-milton,https://miltonly.com/sitemap-index.xml https://miltonly.com/sitemap.xml,1,10,1,false,
https://miltonly.com/streets/powadiuk-place-milton,discovered not indexed,NEUTRAL,Discovered - currently not indexed,INDEXING_STATE_UNSPECIFIED,ROBOTS_TXT_STATE_UNSPECIFIED,PAGE_FETCH_STATE_UNSPECIFIED,CRAWLING_USER_AGENT_UNSPECIFIED,,,,https://miltonly.com/sitemap-index.xml https://miltonly.com/sitemap.xml,0,0,0,false,
https://miltonly.com/streets/powys-street-milton,discovered not indexed,NEUTRAL,Discovered - currently not indexed,INDEXING_STATE_UNSPECIFIED,ROBOTS_TXT_STATE_UNSPECIFIED,PAGE_FETCH_STATE_UNSPECIFIED,CRAWLING_USER_AGENT_UNSPECIFIED,,,,https://miltonly.com/sitemap-index.xml https://miltonly.com/sitemap.xml,1,0,0,false,
https://miltonly.com/streets/pozbou-crescent-milton,indexed,PASS,Submitted and indexed,INDEXING_ALLOWED,ALLOWED,SUCCESSFUL,MOBILE,2026-08-29T04:18:47Z,https://miltonly.com/streets/pozbou-crescent-milton,https://miltonly.com/streets/pozbou-crescent-milton,https://miltonly.com/sitemap-index.xml https://miltonly.com/sitemap.xml,2,13,0,false,
https://miltonly.com/streets/pratt-heights-milton,indexed,PASS,Submitted and indexed,INDEXING_ALLOWED,ALLOWED,SUCCESSFUL,MOBILE,2026-08-18T17:30:03Z,https://miltonly.com/streets/pratt-heights-milton,https://miltonly.com/streets/pratt-heights-milton,https://miltonly.com/sitemap-index.xml https://miltonly.com/sitemap.xml,1,2,0,false,
https://miltonly.com/streets/primrose-crescent-milton,discovered not indexed,NEUTRAL,Discovered - currently not indexed,INDEXING_STATE_UNSPECIFIED,ROBOTS_TXT_STATE_UNSPECIFIED,PAGE_FETCH_STATE_UNSPECIFIED,CRAWLING_USER_AGENT_UNSPECIFIED,,,,https://miltonly.com/sitemap-index.xml https://miltonly.com/sitemap.xml,1,0,0,false,
https://miltonly.com/streets/pringle-avenue-milton,indexed,PASS,Submitted and indexed,INDEXING_ALLOWED,ALLOWED,SUCCESSFUL,MOBILE,2026-08-10T03:39:00Z,https://miltonly.com/streets/pringle-avenue-milton,https://miltonly.com/streets/pringle-avenue-milton,https://miltonly.com/sitemap-index.xml https://miltonly.com/sitemap.xml,1,34,0,false,
https://miltonly.com/streets/prosser-circle-milton,indexed,PASS,Submitted and indexed,INDEXING_ALLOWED,ALLOWED,SUCCESSFUL,MOBILE,2026-08-29T03:25:40Z,https://miltonly.com/streets/prosser-circle-milton,https://miltonly.com/streets/prosser-circle-milton,,1,58,0,false,
https://miltonly.com/streets/proud-drive-milton,other,NEUTRAL,URL is unknown to Google,INDEXING_STATE_UNSPECIFIED,ROBOTS_TXT_STATE_UNSPECIFIED,PAGE_FETCH_STATE_UNSPECIFIED,,,,,,0,0,0,false,
https://miltonly.com/streets/queen-street-milton,discovered not indexed,NEUTRAL,Discovered - currently not indexed,INDEXING_STATE_UNSPECIFIED,ROBOTS_TXT_STATE_UNSPECIFIED,PAGE_FETCH_STATE_UNSPECIFIED,CRAWLING_USER_AGENT_UNSPECIFIED,,,,https://miltonly.com/sitemap-index.xml https://miltonly.com/sitemap.xml,1,0,0,false,
https://miltonly.com/streets/quinlan-court-milton,indexed,PASS,Submitted and indexed,INDEXING_ALLOWED,ALLOWED,SUCCESSFUL,MOBILE,2026-09-14T14:43:03Z,https://miltonly.com/streets/quinlan-court-milton,https://miltonly.com/streets/quinlan-court-milton,https://miltonly.com/sitemap-index.xml https://miltonly.com/sitemap.xml,0,18,0,false,
https://miltonly.com/streets/racey-trail-milton,discovered not indexed,NEUTRAL,Discovered - currently not indexed,INDEXING_STATE_UNSPECIFIED,ROBOTS_TXT_STATE_UNSPECIFIED,PAGE_FETCH_STATE_UNSPECIFIED,CRAWLING_USER_AGENT_UNSPECIFIED,,,,https://miltonly.com/sitemap-index.xml https://miltonly.com/sitemap.xml,0,0,0,false,
https://miltonly.com/streets/raftis-crescent-milton,discovered not indexed,NEUTRAL,Discovered - currently not indexed,INDEXING_STATE_UNSPECIFIED,ROBOTS_TXT_STATE_UNSPECIFIED,PAGE_FETCH_STATE_UNSPECIFIED,CRAWLING_USER_AGENT_UNSPECIFIED,,,,https://miltonly.com/sitemap-index.xml https://miltonly.com/sitemap.xml,1,0,0,false,
https://miltonly.com/streets/ramsey-place-milton,other,NEUTRAL,URL is unknown to Google,INDEXING_STATE_UNSPECIFIED,ROBOTS_TXT_STATE_UNSPECIFIED,PAGE_FETCH_STATE_UNSPECIFIED,,,,,,0,0,0,true,
https://miltonly.com/streets/ramshaw-crescent-milton,discovered not indexed,NEUTRAL,Discovered - currently not indexed,INDEXING_STATE_UNSPECIFIED,ROBOTS_TXT_STATE_UNSPECIFIED,PAGE_FETCH_STATE_UNSPECIFIED,CRAWLING_USER_AGENT_UNSPECIFIED,,,,https://miltonly.com/sitemap-index.xml https://miltonly.com/sitemap.xml,1,0,0,false,
https://miltonly.com/streets/randall-crescent-milton,discovered not indexed,NEUTRAL,Discovered - currently not indexed,INDEXING_STATE_UNSPECIFIED,ROBOTS_TXT_STATE_UNSPECIFIED,PAGE_FETCH_STATE_UNSPECIFIED,CRAWLING_USER_AGENT_UNSPECIFIED,,,,https://miltonly.com/sitemap-index.xml https://miltonly.com/sitemap.xml,2,0,0,false,
https://miltonly.com/streets/random-acres-road-milton,indexed,PASS,Submitted and indexed,INDEXING_ALLOWED,ALLOWED,SUCCESSFUL,MOBILE,2026-08-29T02:54:07Z,https://miltonly.com/streets/random-acres-road-milton,https://miltonly.com/streets/random-acres-road-milton,https://miltonly.com/sitemap-index.xml https://miltonly.com/sitemap.xml,1,3,0,true,
https://miltonly.com/streets/raspberry-terrace-milton,indexed,PASS,Submitted and indexed,INDEXING_ALLOWED,ALLOWED,SUCCESSFUL,MOBILE,2026-09-13T20:43:47Z,https://miltonly.com/streets/raspberry-terrace-milton,https://miltonly.com/streets/raspberry-terrace-milton,,2,88,0,false,
https://miltonly.com/streets/redbud-garden-milton,other,NEUTRAL,URL is unknown to Google,INDEXING_STATE_UNSPECIFIED,ROBOTS_TXT_STATE_UNSPECIFIED,PAGE_FETCH_STATE_UNSPECIFIED,,,,,,0,0,0,false,
https://miltonly.com/streets/reece-court-milton,discovered not indexed,NEUTRAL,Discovered - currently not indexed,INDEXING_STATE_UNSPECIFIED,ROBOTS_TXT_STATE_UNSPECIFIED,PAGE_FETCH_STATE_UNSPECIFIED,CRAWLING_USER_AGENT_UNSPECIFIED,,,,https://miltonly.com/sitemap-index.xml https://miltonly.com/sitemap.xml,1,0,0,false,
https://miltonly.com/streets/reichert-court-milton,discovered not indexed,NEUTRAL,Discovered - currently not indexed,INDEXING_STATE_UNSPECIFIED,ROBOTS_TXT_STATE_UNSPECIFIED,PAGE_FETCH_STATE_UNSPECIFIED,CRAWLING_USER_AGENT_UNSPECIFIED,,,,https://miltonly.com/sitemap-index.xml https://miltonly.com/sitemap.xml,1,0,0,false,
https://miltonly.com/streets/reid-side-road-milton,indexed,PASS,Submitted and indexed,INDEXING_ALLOWED,ALLOWED,SUCCESSFUL,MOBILE,2026-09-06T20:01:40Z,https://miltonly.com/streets/reid-side-road-milton,https://miltonly.com/streets/reid-side-road-milton,,1,2,0,false,
https://miltonly.com/streets/reis-place-milton,other,NEUTRAL,URL is unknown to Google,INDEXING_STATE_UNSPECIFIED,ROBOTS_TXT_STATE_UNSPECIFIED,PAGE_FETCH_STATE_UNSPECIFIED,,,,,,0,0,0,false,
https://miltonly.com/streets/restivo-lane-milton,indexed,PASS,Submitted and indexed,INDEXING_ALLOWED,ALLOWED,SUCCESSFUL,MOBILE,2026-09-13T17:37:23Z,https://miltonly.com/streets/restivo-lane-milton,https://miltonly.com/streets/restivo-lane-milton,https://miltonly.com/sitemap-index.xml https://miltonly.com/sitemap-index.xml https://miltonly.com/sitemap.xml,0,64,5,false,
https://miltonly.com/streets/richardson-way-milton,indexed,PASS,Submitted and indexed,INDEXING_ALLOWED,ALLOWED,SUCCESSFUL,MOBILE,2026-09-11T15:58:09Z,https://miltonly.com/streets/richardson-way-milton,https://miltonly.com/streets/richardson-way-milton,https://miltonly.com/sitemap-index.xml https://miltonly.com/sitemap.xml,1,32,1,true,
https://miltonly.com/streets/riddell-crescent-milton,other,NEUTRAL,URL is unknown to Google,INDEXING_STATE_UNSPECIFIED,ROBOTS_TXT_STATE_UNSPECIFIED,PAGE_FETCH_STATE_UNSPECIFIED,,,,,,0,0,0,false,
https://miltonly.com/streets/ridge-drive-milton,indexed,PASS,Submitted and indexed,INDEXING_ALLOWED,ALLOWED,SUCCESSFUL,MOBILE,2026-09-05T06:15:38Z,https://miltonly.com/streets/ridge-drive-milton,https://miltonly.com/streets/ridge-drive-milton,https://miltonly.com/sitemap-index.xml https://miltonly.com/sitemap.xml,1,8,2,false,
https://miltonly.com/streets/rigo-crossing-milton,other,NEUTRAL,URL is unknown to Google,INDEXING_STATE_UNSPECIFIED,ROBOTS_TXT_STATE_UNSPECIFIED,PAGE_FETCH_STATE_UNSPECIFIED,,,,,,0,0,0,true,
https://miltonly.com/streets/riverplace-crescent-milton,other,NEUTRAL,URL is unknown to Google,INDEXING_STATE_UNSPECIFIED,ROBOTS_TXT_STATE_UNSPECIFIED,PAGE_FETCH_STATE_UNSPECIFIED,,,,,,0,0,0,false,
https://miltonly.com/streets/robarts-drive-milton,discovered not indexed,NEUTRAL,Discovered - currently not indexed,INDEXING_STATE_UNSPECIFIED,ROBOTS_TXT_STATE_UNSPECIFIED,PAGE_FETCH_STATE_UNSPECIFIED,CRAWLING_USER_AGENT_UNSPECIFIED,,,,https://miltonly.com/sitemap-index.xml https://miltonly.com/sitemap-index.xml https://miltonly.com/sitemap.xml,0,0,0,false,
https://miltonly.com/streets/robertson-crescent-milton,indexed,PASS,Submitted and indexed,INDEXING_ALLOWED,ALLOWED,SUCCESSFUL,MOBILE,2026-09-11T12:52:24Z,https://miltonly.com/streets/robertson-crescent-milton,https://miltonly.com/streets/robertson-crescent-milton,https://miltonly.com/sitemap-index.xml https://miltonly.com/sitemap.xml,1,26,2,false,
https://miltonly.com/streets/robinwood-crescent-milton,discovered not indexed,NEUTRAL,Discovered - currently not indexed,INDEXING_STATE_UNSPECIFIED,ROBOTS_TXT_STATE_UNSPECIFIED,PAGE_FETCH_STATE_UNSPECIFIED,CRAWLING_USER_AGENT_UNSPECIFIED,,,,https://miltonly.com/sitemap-index.xml https://miltonly.com/sitemap.xml,0,0,0,false,
https://miltonly.com/streets/robson-crescent-milton,other,NEUTRAL,URL is unknown to Google,INDEXING_STATE_UNSPECIFIED,ROBOTS_TXT_STATE_UNSPECIFIED,PAGE_FETCH_STATE_UNSPECIFIED,,,,,,0,0,0,false,
https://miltonly.com/streets/rolph-terrace-milton,indexed,PASS,Submitted and indexed,INDEXING_ALLOWED,ALLOWED,SUCCESSFUL,MOBILE,2026-09-21T05:13:46Z,https://miltonly.com/streets/rolph-terrace-milton,https://miltonly.com/streets/rolph-terrace-milton,https://miltonly.com/sitemap-index.xml https://miltonly.com/sitemap.xml,2,24,0,false,
https://miltonly.com/streets/roper-drive-milton,other,NEUTRAL,URL is unknown to Google,INDEXING_STATE_UNSPECIFIED,ROBOTS_TXT_STATE_UNSPECIFIED,PAGE_FETCH_STATE_UNSPECIFIED,,,,,,0,0,0,false,
https://miltonly.com/streets/rose-way-milton,indexed,PASS,Submitted and indexed,INDEXING_ALLOWED,ALLOWED,SUCCESSFUL,MOBILE,2026-08-30T20:49:00Z,https://miltonly.com/streets/rose-way-milton,https://miltonly.com/streets/rose-way-milton,,1,30,0,false,
https://miltonly.com/streets/roseheath-drive-milton,other,NEUTRAL,URL is unknown to Google,INDEXING_STATE_UNSPECIFIED,ROBOTS_TXT_STATE_UNSPECIFIED,PAGE_FETCH_STATE_UNSPECIFIED,,,,,,0,0,0,false,
https://miltonly.com/streets/rottenburg-court-milton,indexed,PASS,Submitted and indexed,INDEXING_ALLOWED,ALLOWED,SUCCESSFUL,MOBILE,2026-08-18T05:14:24Z,https://miltonly.com/streets/rottenburg-court-milton,https://miltonly.com/streets/rottenburg-court-milton,https://miltonly.com/sitemap-index.xml https://miltonly.com/sitemap.xml,1,35,1,false,
https://miltonly.com/streets/rowe-terrace-milton,other,NEUTRAL,Duplicate without user-selected canonical,INDEXING_ALLOWED,ALLOWED,SUCCESSFUL,MOBILE,2026-09-18T18:27:06Z,https://www.747live.bet/,,https://miltonly.com/sitemap-index.xml https://miltonly.com/sitemap.xml,2,0,0,false,
https://miltonly.com/streets/ruddy-crescent-milton,crawled not indexed,NEUTRAL,Crawled - currently not indexed,INDEXING_STATE_UNSPECIFIED,ALLOWED,SUCCESSFUL,MOBILE,2026-09-17T12:07:54Z,,,https://miltonly.com/sitemap-index.xml https://miltonly.com/sitemap.xml,1,0,0,false,
https://miltonly.com/streets/ruhl-drive-milton,indexed,PASS,Submitted and indexed,INDEXING_ALLOWED,ALLOWED,SUCCESSFUL,MOBILE,2026-08-29T07:37:44Z,https://miltonly.com/streets/ruhl-drive-milton,https://miltonly.com/streets/ruhl-drive-milton,https://miltonly.com/sitemap-index.xml https://miltonly.com/sitemap.xml,1,35,0,false,
https://miltonly.com/streets/rutland-crescent-milton,discovered not indexed,NEUTRAL,Discovered - currently not indexed,INDEXING_STATE_UNSPECIFIED,ROBOTS_TXT_STATE_UNSPECIFIED,PAGE_FETCH_STATE_UNSPECIFIED,CRAWLING_USER_AGENT_UNSPECIFIED,,,,https://miltonly.com/sitemap-index.xml https://miltonly.com/sitemap.xml,0,0,0,false,
https://miltonly.com/streets/rutledge-way-milton,other,NEUTRAL,URL is unknown to Google,INDEXING_STATE_UNSPECIFIED,ROBOTS_TXT_STATE_UNSPECIFIED,PAGE_FETCH_STATE_UNSPECIFIED,,,,,,0,0,0,false,
https://miltonly.com/streets/sales-court-milton,discovered not indexed,NEUTRAL,Discovered - currently not indexed,INDEXING_STATE_UNSPECIFIED,ROBOTS_TXT_STATE_UNSPECIFIED,PAGE_FETCH_STATE_UNSPECIFIED,CRAWLING_USER_AGENT_UNSPECIFIED,,,,https://miltonly.com/sitemap-index.xml https://miltonly.com/sitemap.xml,0,0,0,false,
https://miltonly.com/streets/sanderson-crescent-milton,discovered not indexed,NEUTRAL,Discovered - currently not indexed,INDEXING_STATE_UNSPECIFIED,ROBOTS_TXT_STATE_UNSPECIFIED,PAGE_FETCH_STATE_UNSPECIFIED,CRAWLING_USER_AGENT_UNSPECIFIED,,,,https://miltonly.com/sitemap-index.xml https://miltonly.com/sitemap.xml,2,0,0,false,
https://miltonly.com/streets/santa-maria-boulevard-milton,discovered not indexed,NEUTRAL,Discovered - currently not indexed,INDEXING_STATE_UNSPECIFIED,ROBOTS_TXT_STATE_UNSPECIFIED,PAGE_FETCH_STATE_UNSPECIFIED,CRAWLING_USER_AGENT_UNSPECIFIED,,,,https://miltonly.com/sitemap-index.xml https://miltonly.com/sitemap.xml,0,0,0,true,
https://miltonly.com/streets/satok-crescent-milton,indexed,PASS,Submitted and indexed,INDEXING_ALLOWED,ALLOWED,SUCCESSFUL,MOBILE,2026-08-01T18:46:24Z,https://miltonly.com/streets/satok-crescent-milton,https://miltonly.com/streets/satok-crescent-milton,,1,23,0,false,
https://miltonly.com/streets/sauble-court-milton,crawled not indexed,NEUTRAL,Crawled - currently not indexed,INDEXING_STATE_UNSPECIFIED,ALLOWED,SUCCESSFUL,MOBILE,2026-09-27T12:09:05Z,,,https://miltonly.com/sitemap-index.xml https://miltonly.com/sitemap.xml,1,0,0,false,
https://miltonly.com/streets/sauve-street-milton,indexed,PASS,Submitted and indexed,INDEXING_ALLOWED,ALLOWED,SUCCESSFUL,MOBILE,2026-09-22T02:25:37Z,https://miltonly.com/streets/sauve-street-milton,https://miltonly.com/streets/sauve-street-milton,https://miltonly.com/sitemap-index.xml https://miltonly.com/sitemap.xml,1,13,0,false,
https://miltonly.com/streets/savoline-boulevard-milton,discovered not indexed,NEUTRAL,Discovered - currently not indexed,INDEXING_STATE_UNSPECIFIED,ROBOTS_TXT_STATE_UNSPECIFIED,PAGE_FETCH_STATE_UNSPECIFIED,CRAWLING_USER_AGENT_UNSPECIFIED,,,,https://miltonly.com/sitemap-index.xml https://miltonly.com/sitemap.xml,1,0,0,false,
https://miltonly.com/streets/schreyer-crescent-milton,indexed,PASS,Submitted and indexed,INDEXING_ALLOWED,ALLOWED,SUCCESSFUL,MOBILE,2026-09-18T16:22:25Z,https://miltonly.com/streets/schreyer-crescent-milton,https://miltonly.com/streets/schreyer-crescent-milton,https://miltonly.com/sitemap-index.xml https://miltonly.com/sitemap.xml,2,26,0,false,
https://miltonly.com/streets/scott-boulevard-milton,discovered not indexed,NEUTRAL,Discovered - currently not indexed,INDEXING_STATE_UNSPECIFIED,ROBOTS_TXT_STATE_UNSPECIFIED,PAGE_FETCH_STATE_UNSPECIFIED,CRAWLING_USER_AGENT_UNSPECIFIED,,,,https://miltonly.com/sitemap-index.xml https://miltonly.com/sitemap-index.xml https://miltonly.com/sitemap.xml,2,0,0,false,
https://miltonly.com/streets/second-line-milton,other,NEUTRAL,URL is unknown to Google,INDEXING_STATE_UNSPECIFIED,ROBOTS_TXT_STATE_UNSPECIFIED,PAGE_FETCH_STATE_UNSPECIFIED,,,,,,0,0,0,true,
https://miltonly.com/streets/second-line-nassagaweya-milton,indexed,PASS,Submitted and indexed,INDEXING_ALLOWED,ALLOWED,SUCCESSFUL,MOBILE,2026-08-30T10:21:39Z,https://miltonly.com/streets/second-line-nassagaweya-milton,https://miltonly.com/streets/second-line-nassagaweya-milton,,1,11,0,false,
https://miltonly.com/streets/secord-court-milton,discovered not indexed,NEUTRAL,Discovered - currently not indexed,INDEXING_STATE_UNSPECIFIED,ROBOTS_TXT_STATE_UNSPECIFIED,PAGE_FETCH_STATE_UNSPECIFIED,CRAWLING_USER_AGENT_UNSPECIFIED,,,,https://miltonly.com/sitemap-index.xml https://miltonly.com/sitemap.xml,1,0,0,false,
https://miltonly.com/streets/seivert-place-milton,indexed,PASS,Submitted and indexed,INDEXING_ALLOWED,ALLOWED,SUCCESSFUL,MOBILE,2026-09-18T20:42:03Z,https://miltonly.com/streets/seivert-place-milton,https://miltonly.com/streets/seivert-place-milton,https://miltonly.com/sitemap-index.xml https://miltonly.com/sitemap.xml,1,1,0,false,
https://miltonly.com/streets/sellers-path-milton,discovered not indexed,NEUTRAL,Discovered - currently not indexed,INDEXING_STATE_UNSPECIFIED,ROBOTS_TXT_STATE_UNSPECIFIED,PAGE_FETCH_STATE_UNSPECIFIED,CRAWLING_USER_AGENT_UNSPECIFIED,,,,https://miltonly.com/sitemap-index.xml https://miltonly.com/sitemap.xml,0,0,0,false,
https://miltonly.com/streets/septimus-heights-milton,discovered not indexed,NEUTRAL,Discovered - currently not indexed,INDEXING_STATE_UNSPECIFIED,ROBOTS_TXT_STATE_UNSPECIFIED,PAGE_FETCH_STATE_UNSPECIFIED,CRAWLING_USER_AGENT_UNSPECIFIED,,,,https://miltonly.com/sitemap-index.xml https://miltonly.com/sitemap.xml,1,0,0,false,
https://miltonly.com/streets/serafini-crescent-milton,other,NEUTRAL,URL is unknown to Google,INDEXING_STATE_UNSPECIFIED,ROBOTS_TXT_STATE_UNSPECIFIED,PAGE_FETCH_STATE_UNSPECIFIED,,,,,,0,0,0,false,
https://miltonly.com/streets/severn-drive-milton,indexed,PASS,Submitted and indexed,INDEXING_ALLOWED,ALLOWED,SUCCESSFUL,MOBILE,2026-08-29T15:06:13Z,https://miltonly.com/streets/severn-drive-milton,https://miltonly.com/streets/severn-drive-milton,https://miltonly.com/sitemap-index.xml https://miltonly.com/sitemap.xml,1,34,1,false,
https://miltonly.com/streets/shade-lane-milton,indexed,PASS,Submitted and indexed,INDEXING_ALLOWED,ALLOWED,SUCCESSFUL,MOBILE,2026-09-11T12:15:12Z,https://miltonly.com/streets/shade-lane-milton,https://miltonly.com/streets/shade-lane-milton,https://miltonly.com/sitemap-index.xml https://miltonly.com/sitemap-index.xml https://miltonly.com/sitemap.xml,0,7,0,false,
https://miltonly.com/streets/shanks-heights-milton,discovered not indexed,NEUTRAL,Discovered - currently not indexed,INDEXING_STATE_UNSPECIFIED,ROBOTS_TXT_STATE_UNSPECIFIED,PAGE_FETCH_STATE_UNSPECIFIED,CRAWLING_USER_AGENT_UNSPECIFIED,,,,https://miltonly.com/sitemap-index.xml https://miltonly.com/sitemap.xml,0,0,0,false,
https://miltonly.com/streets/sheaffe-place-milton,indexed,PASS,Submitted and indexed,INDEXING_ALLOWED,ALLOWED,SUCCESSFUL,MOBILE,2026-09-11T11:28:38Z,https://miltonly.com/streets/sheaffe-place-milton,https://miltonly.com/streets/sheaffe-place-milton,,2,4,0,false,
https://miltonly.com/streets/shepherd-place-milton,other,NEUTRAL,URL is unknown to Google,INDEXING_STATE_UNSPECIFIED,ROBOTS_TXT_STATE_UNSPECIFIED,PAGE_FETCH_STATE_UNSPECIFIED,,,,,,0,0,0,false,
https://miltonly.com/streets/sherwood-road-milton,indexed,PASS,Submitted and indexed,INDEXING_ALLOWED,ALLOWED,SUCCESSFUL,MOBILE,2026-08-23T07:11:08Z,https://miltonly.com/streets/sherwood-road-milton,https://miltonly.com/streets/sherwood-road-milton,https://miltonly.com/sitemap-index.xml https://miltonly.com/sitemap.xml,1,17,0,false,
https://miltonly.com/streets/shortreed-crescent-milton,indexed,PASS,Submitted and indexed,INDEXING_ALLOWED,ALLOWED,SUCCESSFUL,MOBILE,2026-09-06T20:04:17Z,https://miltonly.com/streets/shortreed-crescent-milton,https://miltonly.com/streets/shortreed-crescent-milton,https://miltonly.com/sitemap-index.xml https://miltonly.com/sitemap.xml,2,8,0,false,
https://miltonly.com/streets/sideroad-10-milton,indexed,PASS,Submitted and indexed,INDEXING_ALLOWED,ALLOWED,SUCCESSFUL,MOBILE,2026-08-29T02:53:22Z,https://miltonly.com/streets/sideroad-10-milton,https://miltonly.com/streets/sideroad-10-milton,,1,23,1,false,
https://miltonly.com/streets/silver-court-milton,discovered not indexed,NEUTRAL,Discovered - currently not indexed,INDEXING_STATE_UNSPECIFIED,ROBOTS_TXT_STATE_UNSPECIFIED,PAGE_FETCH_STATE_UNSPECIFIED,CRAWLING_USER_AGENT_UNSPECIFIED,,,,https://miltonly.com/sitemap-index.xml https://miltonly.com/sitemap.xml,1,0,0,false,
https://miltonly.com/streets/sim-place-milton,discovered not indexed,NEUTRAL,Discovered - currently not indexed,INDEXING_STATE_UNSPECIFIED,ROBOTS_TXT_STATE_UNSPECIFIED,PAGE_FETCH_STATE_UNSPECIFIED,CRAWLING_USER_AGENT_UNSPECIFIED,,,,https://miltonly.com/sitemap-index.xml https://miltonly.com/sitemap.xml,1,0,0,false,
https://miltonly.com/streets/sinclair-boulevard-milton,other,NEUTRAL,URL is unknown to Google,INDEXING_STATE_UNSPECIFIED,ROBOTS_TXT_STATE_UNSPECIFIED,PAGE_FETCH_STATE_UNSPECIFIED,,,,,,0,0,0,false,
https://miltonly.com/streets/sixth-line-milton,other,NEUTRAL,URL is unknown to Google,INDEXING_STATE_UNSPECIFIED,ROBOTS_TXT_STATE_UNSPECIFIED,PAGE_FETCH_STATE_UNSPECIFIED,,,,,,0,0,0,true,
https://miltonly.com/streets/sixth-line-nassagaweya-milton,indexed,PASS,Submitted and indexed,INDEXING_ALLOWED,ALLOWED,SUCCESSFUL,MOBILE,2026-09-21T18:50:53Z,https://miltonly.com/streets/sixth-line-nassagaweya-milton,https://miltonly.com/streets/sixth-line-nassagaweya-milton,,1,81,0,true,
https://miltonly.com/streets/slingsby-landing-milton,discovered not indexed,NEUTRAL,Discovered - currently not indexed,INDEXING_STATE_UNSPECIFIED,ROBOTS_TXT_STATE_UNSPECIFIED,PAGE_FETCH_STATE_UNSPECIFIED,CRAWLING_USER_AGENT_UNSPECIFIED,,,,https://miltonly.com/sitemap-index.xml https://miltonly.com/sitemap.xml,1,0,0,false,
https://miltonly.com/streets/sloan-drive-milton,discovered not indexed,NEUTRAL,Discovered - currently not indexed,INDEXING_STATE_UNSPECIFIED,ROBOTS_TXT_STATE_UNSPECIFIED,PAGE_FETCH_STATE_UNSPECIFIED,CRAWLING_USER_AGENT_UNSPECIFIED,,,,https://miltonly.com/sitemap-index.xml https://miltonly.com/sitemap.xml,0,0,0,false,
https://miltonly.com/streets/snider-terrace-milton,discovered not indexed,NEUTRAL,Discovered - currently not indexed,INDEXING_STATE_UNSPECIFIED,ROBOTS_TXT_STATE_UNSPECIFIED,PAGE_FETCH_STATE_UNSPECIFIED,CRAWLING_USER_AGENT_UNSPECIFIED,,,,https://miltonly.com/sitemap-index.xml https://miltonly.com/sitemap.xml,0,0,0,false,
https://miltonly.com/streets/snoek-point-milton,discovered not indexed,NEUTRAL,Discovered - currently not indexed,INDEXING_STATE_UNSPECIFIED,ROBOTS_TXT_STATE_UNSPECIFIED,PAGE_FETCH_STATE_UNSPECIFIED,CRAWLING_USER_AGENT_UNSPECIFIED,,,,https://miltonly.com/sitemap-index.xml https://miltonly.com/sitemap.xml,1,0,0,false,
https://miltonly.com/streets/solomon-court-milton,discovered not indexed,NEUTRAL,Discovered - currently not indexed,INDEXING_STATE_UNSPECIFIED,ROBOTS_TXT_STATE_UNSPECIFIED,PAGE_FETCH_STATE_UNSPECIFIED,CRAWLING_USER_AGENT_UNSPECIFIED,,,,https://miltonly.com/sitemap-index.xml https://miltonly.com/sitemap-index.xml https://miltonly.com/sitemap.xml,2,0,0,false,
https://miltonly.com/streets/somerville-terrace-milton,discovered not indexed,NEUTRAL,Discovered - currently not indexed,INDEXING_STATE_UNSPECIFIED,ROBOTS_TXT_STATE_UNSPECIFIED,PAGE_FETCH_STATE_UNSPECIFIED,CRAWLING_USER_AGENT_UNSPECIFIED,,,,https://miltonly.com/sitemap-index.xml https://miltonly.com/sitemap.xml,0,0,0,false,
https://miltonly.com/streets/sorensen-court-milton,discovered not indexed,NEUTRAL,Discovered - currently not indexed,INDEXING_STATE_UNSPECIFIED,ROBOTS_TXT_STATE_UNSPECIFIED,PAGE_FETCH_STATE_UNSPECIFIED,CRAWLING_USER_AGENT_UNSPECIFIED,,,,https://miltonly.com/sitemap-index.xml https://miltonly.com/sitemap.xml,1,0,0,true,
https://miltonly.com/streets/speck-crossing-milton,discovered not indexed,NEUTRAL,Discovered - currently not indexed,INDEXING_STATE_UNSPECIFIED,ROBOTS_TXT_STATE_UNSPECIFIED,PAGE_FETCH_STATE_UNSPECIFIED,CRAWLING_USER_AGENT_UNSPECIFIED,,,,https://miltonly.com/sitemap-index.xml https://miltonly.com/sitemap.xml,0,0,0,false,
https://miltonly.com/streets/speyer-circle-milton,indexed,PASS,Submitted and indexed,INDEXING_ALLOWED,ALLOWED,SUCCESSFUL,MOBILE,2026-07-28T13:56:54Z,https://miltonly.com/streets/speyer-circle-milton,https://miltonly.com/streets/speyer-circle-milton,https://miltonly.com/sitemap-index.xml https://miltonly.com/sitemap.xml,1,11,0,false,
https://miltonly.com/streets/sprague-place-milton,discovered not indexed,NEUTRAL,Discovered - currently not indexed,INDEXING_STATE_UNSPECIFIED,ROBOTS_TXT_STATE_UNSPECIFIED,PAGE_FETCH_STATE_UNSPECIFIED,CRAWLING_USER_AGENT_UNSPECIFIED,,,,https://miltonly.com/sitemap-index.xml https://miltonly.com/sitemap.xml,2,0,0,false,
https://miltonly.com/streets/sprucedale-lane-milton,other,NEUTRAL,URL is unknown to Google,INDEXING_STATE_UNSPECIFIED,ROBOTS_TXT_STATE_UNSPECIFIED,PAGE_FETCH_STATE_UNSPECIFIED,,,,,,0,0,0,false,
https://miltonly.com/streets/stacey-crescent-milton,discovered not indexed,NEUTRAL,Discovered - currently not indexed,INDEXING_STATE_UNSPECIFIED,ROBOTS_TXT_STATE_UNSPECIFIED,PAGE_FETCH_STATE_UNSPECIFIED,CRAWLING_USER_AGENT_UNSPECIFIED,,,,https://miltonly.com/sitemap-index.xml https://miltonly.com/sitemap.xml,0,0,0,false,
https://miltonly.com/streets/stagg-garden-milton,other,NEUTRAL,URL is unknown to Google,INDEXING_STATE_UNSPECIFIED,ROBOTS_TXT_STATE_UNSPECIFIED,PAGE_FETCH_STATE_UNSPECIFIED,,,,,,0,0,0,false,
https://miltonly.com/streets/starflower-place-milton,discovered not indexed,NEUTRAL,Discovered - currently not indexed,INDEXING_STATE_UNSPECIFIED,ROBOTS_TXT_STATE_UNSPECIFIED,PAGE_FETCH_STATE_UNSPECIFIED,CRAWLING_USER_AGENT_UNSPECIFIED,,,,https://miltonly.com/sitemap-index.xml https://miltonly.com/sitemap.xml,1,0,0,false,
https://miltonly.com/streets/stark-circle-milton,discovered not indexed,NEUTRAL,Discovered - currently not indexed,INDEXING_STATE_UNSPECIFIED,ROBOTS_TXT_STATE_UNSPECIFIED,PAGE_FETCH_STATE_UNSPECIFIED,CRAWLING_USER_AGENT_UNSPECIFIED,,,,https://miltonly.com/sitemap-index.xml https://miltonly.com/sitemap.xml,1,0,0,false,
https://miltonly.com/streets/stearn-place-milton,indexed,PASS,Submitted and indexed,INDEXING_ALLOWED,ALLOWED,SUCCESSFUL,MOBILE,2026-09-06T21:34:55Z,https://miltonly.com/streets/stearn-place-milton,https://miltonly.com/streets/stearn-place-milton,https://miltonly.com/sitemap-index.xml https://miltonly.com/sitemap.xml,1,3,0,false,
https://miltonly.com/streets/stemman-place-milton,discovered not indexed,NEUTRAL,Discovered - currently not indexed,INDEXING_STATE_UNSPECIFIED,ROBOTS_TXT_STATE_UNSPECIFIED,PAGE_FETCH_STATE_UNSPECIFIED,CRAWLING_USER_AGENT_UNSPECIFIED,,,,https://miltonly.com/sitemap-index.xml https://miltonly.com/sitemap.xml,2,0,0,false,
https://miltonly.com/streets/stevenson-street-milton,other,NEUTRAL,URL is unknown to Google,INDEXING_STATE_UNSPECIFIED,ROBOTS_TXT_STATE_UNSPECIFIED,PAGE_FETCH_STATE_UNSPECIFIED,,,,,,0,0,0,false,
https://miltonly.com/streets/stewart-crescent-milton,other,NEUTRAL,URL is unknown to Google,INDEXING_STATE_UNSPECIFIED,ROBOTS_TXT_STATE_UNSPECIFIED,PAGE_FETCH_STATE_UNSPECIFIED,,,,,,0,0,0,false,
https://miltonly.com/streets/stirling-todd-terrace-milton,indexed,PASS,Submitted and indexed,INDEXING_ALLOWED,ALLOWED,SUCCESSFUL,MOBILE,2026-09-11T11:10:14Z,https://miltonly.com/streets/stirling-todd-terrace-milton,https://miltonly.com/streets/stirling-todd-terrace-milton,https://miltonly.com/sitemap-index.xml https://miltonly.com/sitemap.xml,1,59,2,false,
https://miltonly.com/streets/stokes-trail-milton,indexed,PASS,Submitted and indexed,INDEXING_ALLOWED,ALLOWED,SUCCESSFUL,MOBILE,2026-09-21T07:55:01Z,https://miltonly.com/streets/stokes-trail-milton,https://miltonly.com/streets/stokes-trail-milton,,1,50,1,false,
https://miltonly.com/streets/storey-drive-milton,other,NEUTRAL,URL is unknown to Google,INDEXING_STATE_UNSPECIFIED,ROBOTS_TXT_STATE_UNSPECIFIED,PAGE_FETCH_STATE_UNSPECIFIED,,,,,,0,0,0,false,
https://miltonly.com/streets/stoutt-crescent-milton,discovered not indexed,NEUTRAL,Discovered - currently not indexed,INDEXING_STATE_UNSPECIFIED,ROBOTS_TXT_STATE_UNSPECIFIED,PAGE_FETCH_STATE_UNSPECIFIED,CRAWLING_USER_AGENT_UNSPECIFIED,,,,https://miltonly.com/sitemap-index.xml https://miltonly.com/sitemap.xml,1,0,0,false,
https://miltonly.com/streets/stover-crescent-milton,other,NEUTRAL,URL is unknown to Google,INDEXING_STATE_UNSPECIFIED,ROBOTS_TXT_STATE_UNSPECIFIED,PAGE_FETCH_STATE_UNSPECIFIED,,,,,,0,0,0,false,
https://miltonly.com/streets/strathcona-court-milton,other,NEUTRAL,URL is unknown to Google,INDEXING_STATE_UNSPECIFIED,ROBOTS_TXT_STATE_UNSPECIFIED,PAGE_FETCH_STATE_UNSPECIFIED,,,,,,0,0,0,false,
https://miltonly.com/streets/strawberry-landing-milton,indexed,PASS,Submitted and indexed,INDEXING_ALLOWED,ALLOWED,SUCCESSFUL,MOBILE,2026-09-06T14:42:10Z,https://miltonly.com/streets/strawberry-landing-milton,https://miltonly.com/streets/strawberry-landing-milton,https://miltonly.com/sitemap-index.xml https://miltonly.com/sitemap.xml,1,1,0,false,
https://miltonly.com/streets/stringer-circle-milton,discovered not indexed,NEUTRAL,Discovered - currently not indexed,INDEXING_STATE_UNSPECIFIED,ROBOTS_TXT_STATE_UNSPECIFIED,PAGE_FETCH_STATE_UNSPECIFIED,CRAWLING_USER_AGENT_UNSPECIFIED,,,,https://miltonly.com/sitemap-index.xml https://miltonly.com/sitemap.xml,0,0,0,false,
https://miltonly.com/streets/sugden-terrace-milton,discovered not indexed,NEUTRAL,Discovered - currently not indexed,INDEXING_STATE_UNSPECIFIED,ROBOTS_TXT_STATE_UNSPECIFIED,PAGE_FETCH_STATE_UNSPECIFIED,CRAWLING_USER_AGENT_UNSPECIFIED,,,,https://miltonly.com/sitemap-index.xml https://miltonly.com/sitemap.xml,1,0,0,false,
https://miltonly.com/streets/suitor-court-milton,indexed,PASS,Submitted and indexed,INDEXING_ALLOWED,ALLOWED,SUCCESSFUL,MOBILE,2026-09-03T07:13:47Z,https://miltonly.com/streets/suitor-court-milton,https://miltonly.com/streets/suitor-court-milton,,1,31,0,false,
https://miltonly.com/streets/sumac-crescent-milton,indexed,PASS,Submitted and indexed,INDEXING_ALLOWED,ALLOWED,SUCCESSFUL,MOBILE,2026-08-24T03:44:39Z,https://miltonly.com/streets/sumac-crescent-milton,https://miltonly.com/streets/sumac-crescent-milton,https://miltonly.com/sitemap-index.xml https://miltonly.com/sitemap-index.xml https://miltonly.com/sitemap.xml,1,14,0,false,
https://miltonly.com/streets/sunnyvale-crescent-milton,discovered not indexed,NEUTRAL,Discovered - currently not indexed,INDEXING_STATE_UNSPECIFIED,ROBOTS_TXT_STATE_UNSPECIFIED,PAGE_FETCH_STATE_UNSPECIFIED,CRAWLING_USER_AGENT_UNSPECIFIED,,,,https://miltonly.com/sitemap-index.xml https://miltonly.com/sitemap.xml,0,0,0,false,
https://miltonly.com/streets/swann-crescent-milton,indexed,PASS,Submitted and indexed,INDEXING_ALLOWED,ALLOWED,SUCCESSFUL,MOBILE,2026-08-31T00:44:58Z,https://miltonly.com/streets/swann-crescent-milton,https://miltonly.com/streets/swann-crescent-milton,https://miltonly.com/sitemap-index.xml https://miltonly.com/sitemap.xml,0,5,0,false,
https://miltonly.com/streets/sweetfern-crescent-milton,discovered not indexed,NEUTRAL,Discovered - currently not indexed,INDEXING_STATE_UNSPECIFIED,ROBOTS_TXT_STATE_UNSPECIFIED,PAGE_FETCH_STATE_UNSPECIFIED,CRAWLING_USER_AGENT_UNSPECIFIED,,,,https://miltonly.com/sitemap-index.xml https://miltonly.com/sitemap.xml,1,0,0,false,
https://miltonly.com/streets/swindale-drive-milton,discovered not indexed,NEUTRAL,Discovered - currently not indexed,INDEXING_STATE_UNSPECIFIED,ROBOTS_TXT_STATE_UNSPECIFIED,PAGE_FETCH_STATE_UNSPECIFIED,CRAWLING_USER_AGENT_UNSPECIFIED,,,,https://miltonly.com/sitemap-index.xml https://miltonly.com/sitemap.xml,1,0,0,false,
https://miltonly.com/streets/switzer-crescent-milton,indexed,PASS,Submitted and indexed,INDEXING_ALLOWED,ALLOWED,SUCCESSFUL,MOBILE,2026-08-30T07:40:32Z,https://miltonly.com/streets/switzer-crescent-milton,https://miltonly.com/streets/switzer-crescent-milton,https://miltonly.com/sitemap-index.xml https://miltonly.com/sitemap.xml,1,28,0,false,
https://miltonly.com/streets/sycamore-garden-milton,other,NEUTRAL,URL is unknown to Google,INDEXING_STATE_UNSPECIFIED,ROBOTS_TXT_STATE_UNSPECIFIED,PAGE_FETCH_STATE_UNSPECIFIED,,,,,,0,0,0,false,
https://miltonly.com/streets/sydney-street-milton,discovered not indexed,NEUTRAL,Discovered - currently not indexed,INDEXING_STATE_UNSPECIFIED,ROBOTS_TXT_STATE_UNSPECIFIED,PAGE_FETCH_STATE_UNSPECIFIED,CRAWLING_USER_AGENT_UNSPECIFIED,,,,https://miltonly.com/sitemap-index.xml https://miltonly.com/sitemap.xml,1,0,0,false,
https://miltonly.com/streets/syer-drive-milton,indexed,PASS,Submitted and indexed,INDEXING_ALLOWED,ALLOWED,SUCCESSFUL,MOBILE,2026-08-09T17:47:59Z,https://miltonly.com/streets/syer-drive-milton,https://miltonly.com/streets/syer-drive-milton,https://miltonly.com/sitemap-index.xml https://miltonly.com/sitemap.xml,1,47,2,false,
https://miltonly.com/streets/symons-crossing-milton,indexed,PASS,Submitted and indexed,INDEXING_ALLOWED,ALLOWED,SUCCESSFUL,MOBILE,2026-08-30T18:03:22Z,https://miltonly.com/streets/symons-crossing-milton,https://miltonly.com/streets/symons-crossing-milton,https://miltonly.com/sitemap-index.xml https://miltonly.com/sitemap.xml,0,5,0,false,
https://miltonly.com/streets/syndenham-lane-milton,indexed,PASS,Submitted and indexed,INDEXING_ALLOWED,ALLOWED,SUCCESSFUL,MOBILE,2026-09-11T13:00:18Z,https://miltonly.com/streets/syndenham-lane-milton,https://miltonly.com/streets/syndenham-lane-milton,,2,31,1,false,
https://miltonly.com/streets/tamarack-point-milton,discovered not indexed,NEUTRAL,Discovered - currently not indexed,INDEXING_STATE_UNSPECIFIED,ROBOTS_TXT_STATE_UNSPECIFIED,PAGE_FETCH_STATE_UNSPECIFIED,CRAWLING_USER_AGENT_UNSPECIFIED,,,,https://miltonly.com/sitemap-index.xml https://miltonly.com/sitemap.xml,1,0,0,false,
https://miltonly.com/streets/tasker-court-milton,indexed,PASS,Submitted and indexed,INDEXING_ALLOWED,ALLOWED,SUCCESSFUL,MOBILE,2026-09-20T09:25:24Z,https://miltonly.com/streets/tasker-court-milton,https://miltonly.com/streets/tasker-court-milton,https://miltonly.com/sitemap-index.xml https://miltonly.com/sitemap-index.xml https://miltonly.com/sitemap.xml,1,14,0,false,
https://miltonly.com/streets/taylor-court-milton,discovered not indexed,NEUTRAL,Discovered - currently not indexed,INDEXING_STATE_UNSPECIFIED,ROBOTS_TXT_STATE_UNSPECIFIED,PAGE_FETCH_STATE_UNSPECIFIED,CRAWLING_USER_AGENT_UNSPECIFIED,,,,https://miltonly.com/sitemap-index.xml https://miltonly.com/sitemap.xml,1,0,0,false,
https://miltonly.com/streets/tea-landing-milton,discovered not indexed,NEUTRAL,Discovered - currently not indexed,INDEXING_STATE_UNSPECIFIED,ROBOTS_TXT_STATE_UNSPECIFIED,PAGE_FETCH_STATE_UNSPECIFIED,CRAWLING_USER_AGENT_UNSPECIFIED,,,,https://miltonly.com/sitemap-index.xml https://miltonly.com/sitemap.xml,1,0,0,false,
https://miltonly.com/streets/teetzel-drive-milton,other,NEUTRAL,URL is unknown to Google,INDEXING_STATE_UNSPECIFIED,ROBOTS_TXT_STATE_UNSPECIFIED,PAGE_FETCH_STATE_UNSPECIFIED,,,,,,0,0,0,false,
https://miltonly.com/streets/temperance-crescent-milton,other,NEUTRAL,URL is unknown to Google,INDEXING_STATE_UNSPECIFIED,ROBOTS_TXT_STATE_UNSPECIFIED,PAGE_FETCH_STATE_UNSPECIFIED,,,,,,0,0,0,false,
https://miltonly.com/streets/thames-circle-milton,other,NEUTRAL,URL is unknown to Google,INDEXING_STATE_UNSPECIFIED,ROBOTS_TXT_STATE_UNSPECIFIED,PAGE_FETCH_STATE_UNSPECIFIED,,,,,,0,0,0,false,
https://miltonly.com/streets/thimbleweed-court-milton,discovered not indexed,NEUTRAL,Discovered - currently not indexed,INDEXING_STATE_UNSPECIFIED,ROBOTS_TXT_STATE_UNSPECIFIED,PAGE_FETCH_STATE_UNSPECIFIED,CRAWLING_USER_AGENT_UNSPECIFIED,,,,https://miltonly.com/sitemap-index.xml https://miltonly.com/sitemap.xml,1,0,0,false,
https://miltonly.com/streets/thomas-street-milton,discovered not indexed,NEUTRAL,Discovered - currently not indexed,INDEXING_STATE_UNSPECIFIED,ROBOTS_TXT_STATE_UNSPECIFIED,PAGE_FETCH_STATE_UNSPECIFIED,CRAWLING_USER_AGENT_UNSPECIFIED,,,,https://miltonly.com/sitemap-index.xml https://miltonly.com/sitemap.xml,0,0,0,false,
https://miltonly.com/streets/thompson-road-milton,discovered not indexed,NEUTRAL,Discovered - currently not indexed,INDEXING_STATE_UNSPECIFIED,ROBOTS_TXT_STATE_UNSPECIFIED,PAGE_FETCH_STATE_UNSPECIFIED,CRAWLING_USER_AGENT_UNSPECIFIED,,,,https://miltonly.com/sitemap-index.xml https://miltonly.com/sitemap.xml,2,0,0,false,
https://miltonly.com/streets/thornborrow-court-milton,indexed,PASS,Submitted and indexed,INDEXING_ALLOWED,ALLOWED,SUCCESSFUL,MOBILE,2026-08-29T15:08:00Z,https://miltonly.com/streets/thornborrow-court-milton,https://miltonly.com/streets/thornborrow-court-milton,https://miltonly.com/sitemap-index.xml https://miltonly.com/sitemap.xml,2,2,0,false,
https://miltonly.com/streets/tight-court-milton,indexed,PASS,Submitted and indexed,INDEXING_ALLOWED,ALLOWED,SUCCESSFUL,MOBILE,2026-08-31T00:32:43Z,https://miltonly.com/streets/tight-court-milton,https://miltonly.com/streets/tight-court-milton,,1,22,0,false,
https://miltonly.com/streets/tilt-point-milton,discovered not indexed,NEUTRAL,Discovered - currently not indexed,INDEXING_STATE_UNSPECIFIED,ROBOTS_TXT_STATE_UNSPECIFIED,PAGE_FETCH_STATE_UNSPECIFIED,CRAWLING_USER_AGENT_UNSPECIFIED,,,,https://miltonly.com/sitemap-index.xml https://miltonly.com/sitemap.xml,0,0,0,false,
https://miltonly.com/streets/timmer-place-milton,discovered not indexed,NEUTRAL,Discovered - currently not indexed,INDEXING_STATE_UNSPECIFIED,ROBOTS_TXT_STATE_UNSPECIFIED,PAGE_FETCH_STATE_UNSPECIFIED,CRAWLING_USER_AGENT_UNSPECIFIED,,,,https://miltonly.com/sitemap-index.xml https://miltonly.com/sitemap-index.xml https://miltonly.com/sitemap.xml,0,0,0,false,
https://miltonly.com/streets/tock-close-milton,indexed,PASS,Submitted and indexed,INDEXING_ALLOWED,ALLOWED,SUCCESSFUL,MOBILE,2026-08-30T21:29:49Z,https://miltonly.com/streets/tock-close-milton,https://miltonly.com/streets/tock-close-milton,https://miltonly.com/sitemap-index.xml https://miltonly.com/sitemap-index.xml https://miltonly.com/sitemap.xml,1,0,0,false,
https://miltonly.com/streets/toletzka-landing-milton,discovered not indexed,NEUTRAL,Discovered - currently not indexed,INDEXING_STATE_UNSPECIFIED,ROBOTS_TXT_STATE_UNSPECIFIED,PAGE_FETCH_STATE_UNSPECIFIED,CRAWLING_USER_AGENT_UNSPECIFIED,,,,https://miltonly.com/sitemap-index.xml https://miltonly.com/sitemap.xml,0,0,0,false,
https://miltonly.com/streets/tonelli-lane-milton,discovered not indexed,NEUTRAL,Discovered - currently not indexed,INDEXING_STATE_UNSPECIFIED,ROBOTS_TXT_STATE_UNSPECIFIED,PAGE_FETCH_STATE_UNSPECIFIED,CRAWLING_USER_AGENT_UNSPECIFIED,,,,https://miltonly.com/sitemap-index.xml https://miltonly.com/sitemap.xml,0,0,0,false,
https://miltonly.com/streets/tough-gate-milton,discovered not indexed,NEUTRAL,Discovered - currently not indexed,INDEXING_STATE_UNSPECIFIED,ROBOTS_TXT_STATE_UNSPECIFIED,PAGE_FETCH_STATE_UNSPECIFIED,CRAWLING_USER_AGENT_UNSPECIFIED,,,,https://miltonly.com/sitemap-index.xml https://miltonly.com/sitemap.xml,1,0,0,false,
https://miltonly.com/streets/trafalgar-court-milton,indexed,PASS,Submitted and indexed,INDEXING_ALLOWED,ALLOWED,SUCCESSFUL,MOBILE,2026-08-19T16:18:54Z,https://miltonly.com/streets/trafalgar-court-milton,https://miltonly.com/streets/trafalgar-court-milton,,0,1,0,false,
https://miltonly.com/streets/trafalgar-road-milton,indexed,PASS,Submitted and indexed,INDEXING_ALLOWED,ALLOWED,SUCCESSFUL,MOBILE,2026-09-06T18:52:48Z,https://miltonly.com/streets/trafalgar-road-milton,https://miltonly.com/streets/trafalgar-road-milton,,0,7,0,false,
https://miltonly.com/streets/transom-crescent-milton,discovered not indexed,NEUTRAL,Discovered - currently not indexed,INDEXING_STATE_UNSPECIFIED,ROBOTS_TXT_STATE_UNSPECIFIED,PAGE_FETCH_STATE_UNSPECIFIED,CRAWLING_USER_AGENT_UNSPECIFIED,,,,https://miltonly.com/sitemap-index.xml https://miltonly.com/sitemap.xml,2,0,0,false,
https://miltonly.com/streets/treend-place-milton,other,NEUTRAL,URL is unknown to Google,INDEXING_STATE_UNSPECIFIED,ROBOTS_TXT_STATE_UNSPECIFIED,PAGE_FETCH_STATE_UNSPECIFIED,,,,,,0,0,0,false,
https://miltonly.com/streets/tremaine-road-milton,other,NEUTRAL,URL is unknown to Google,INDEXING_STATE_UNSPECIFIED,ROBOTS_TXT_STATE_UNSPECIFIED,PAGE_FETCH_STATE_UNSPECIFIED,,,,,,0,0,0,true,
https://miltonly.com/streets/trudeau-drive-milton,other,NEUTRAL,URL is unknown to Google,INDEXING_STATE_UNSPECIFIED,ROBOTS_TXT_STATE_UNSPECIFIED,PAGE_FETCH_STATE_UNSPECIFIED,,,,,,0,0,0,false,
https://miltonly.com/streets/tupper-drive-milton,discovered not indexed,NEUTRAL,Discovered - currently not indexed,INDEXING_STATE_UNSPECIFIED,ROBOTS_TXT_STATE_UNSPECIFIED,PAGE_FETCH_STATE_UNSPECIFIED,CRAWLING_USER_AGENT_UNSPECIFIED,,,,https://miltonly.com/sitemap-index.xml https://miltonly.com/sitemap.xml,0,0,0,false,
https://miltonly.com/streets/twinflower-place-milton,indexed,PASS,Submitted and indexed,INDEXING_ALLOWED,ALLOWED,SUCCESSFUL,MOBILE,2026-08-23T19:55:34Z,https://miltonly.com/streets/twinflower-place-milton,https://miltonly.com/streets/twinflower-place-milton,https://miltonly.com/sitemap-index.xml https://miltonly.com/sitemap.xml,1,7,1,false,
https://miltonly.com/streets/twiss-road-milton,other,NEUTRAL,URL is unknown to Google,INDEXING_STATE_UNSPECIFIED,ROBOTS_TXT_STATE_UNSPECIFIED,PAGE_FETCH_STATE_UNSPECIFIED,,,,,,0,0,0,false,
https://miltonly.com/streets/tyrone-crescent-milton,indexed,PASS,Submitted and indexed,INDEXING_ALLOWED,ALLOWED,SUCCESSFUL,MOBILE,2026-08-17T12:17:35Z,https://miltonly.com/streets/tyrone-crescent-milton,https://miltonly.com/streets/tyrone-crescent-milton,https://miltonly.com/sitemap-index.xml https://miltonly.com/sitemap.xml,1,9,1,false,
https://miltonly.com/streets/urell-way-milton,crawled not indexed,NEUTRAL,Crawled - currently not indexed,INDEXING_STATE_UNSPECIFIED,ALLOWED,SUCCESSFUL,MOBILE,2026-09-22T03:53:30Z,,,https://miltonly.com/sitemap-index.xml https://miltonly.com/sitemap.xml,1,0,0,false,
https://miltonly.com/streets/valleyview-crescent-milton,indexed,PASS,Submitted and indexed,INDEXING_ALLOWED,ALLOWED,SUCCESSFUL,MOBILE,2026-09-25T13:07:11Z,https://miltonly.com/streets/valleyview-crescent-milton,https://miltonly.com/streets/valleyview-crescent-milton,,0,0,0,false,
https://miltonly.com/streets/van-allen-gate-milton,other,NEUTRAL,URL is unknown to Google,INDEXING_STATE_UNSPECIFIED,ROBOTS_TXT_STATE_UNSPECIFIED,PAGE_FETCH_STATE_UNSPECIFIED,,,,,,0,0,0,false,
https://miltonly.com/streets/van-fleet-terrace-milton,indexed,PASS,Submitted and indexed,INDEXING_ALLOWED,ALLOWED,SUCCESSFUL,MOBILE,2026-09-02T06:00:49Z,https://miltonly.com/streets/van-fleet-terrace-milton,https://miltonly.com/streets/van-fleet-terrace-milton,https://miltonly.com/sitemap-index.xml https://miltonly.com/sitemap.xml,1,21,1,false,
https://miltonly.com/streets/vanier-drive-milton,indexed,PASS,Submitted and indexed,INDEXING_ALLOWED,ALLOWED,SUCCESSFUL,MOBILE,2026-08-29T03:34:29Z,https://miltonly.com/streets/vanier-drive-milton,https://miltonly.com/streets/vanier-drive-milton,https://miltonly.com/sitemap-index.xml https://miltonly.com/sitemap.xml,1,10,0,false,
https://miltonly.com/streets/vaughan-court-milton,other,NEUTRAL,URL is unknown to Google,INDEXING_STATE_UNSPECIFIED,ROBOTS_TXT_STATE_UNSPECIFIED,PAGE_FETCH_STATE_UNSPECIFIED,,,,,,0,0,0,false,
https://miltonly.com/streets/vickerman-way-milton,indexed,PASS,Submitted and indexed,INDEXING_ALLOWED,ALLOWED,SUCCESSFUL,MOBILE,2026-08-24T01:57:09Z,https://miltonly.com/streets/vickerman-way-milton,https://miltonly.com/streets/vickerman-way-milton,https://miltonly.com/sitemap-index.xml https://miltonly.com/sitemap-index.xml https://miltonly.com/sitemap.xml,1,20,1,false,
https://miltonly.com/streets/victoria-street-milton,discovered not indexed,NEUTRAL,Discovered - currently not indexed,INDEXING_STATE_UNSPECIFIED,ROBOTS_TXT_STATE_UNSPECIFIED,PAGE_FETCH_STATE_UNSPECIFIED,CRAWLING_USER_AGENT_UNSPECIFIED,,,,https://miltonly.com/sitemap-index.xml https://miltonly.com/sitemap.xml,2,0,0,false,
https://miltonly.com/streets/violet-gate-milton,discovered not indexed,NEUTRAL,Discovered - currently not indexed,INDEXING_STATE_UNSPECIFIED,ROBOTS_TXT_STATE_UNSPECIFIED,PAGE_FETCH_STATE_UNSPECIFIED,CRAWLING_USER_AGENT_UNSPECIFIED,,,,https://miltonly.com/sitemap-index.xml https://miltonly.com/sitemap.xml,1,0,0,false,
https://miltonly.com/streets/wakefield-road-milton,indexed,PASS,Submitted and indexed,INDEXING_ALLOWED,ALLOWED,SUCCESSFUL,MOBILE,2026-08-31T15:42:01Z,https://miltonly.com/streets/wakefield-road-milton,https://miltonly.com/streets/wakefield-road-milton,https://miltonly.com/sitemap-index.xml https://miltonly.com/sitemap.xml,0,10,0,false,
https://miltonly.com/streets/waldie-avenue-milton,other,NEUTRAL,URL is unknown to Google,INDEXING_STATE_UNSPECIFIED,ROBOTS_TXT_STATE_UNSPECIFIED,PAGE_FETCH_STATE_UNSPECIFIED,,,,,,0,0,0,false,
https://miltonly.com/streets/wallbrook-crescent-milton,other,NEUTRAL,URL is unknown to Google,INDEXING_STATE_UNSPECIFIED,ROBOTS_TXT_STATE_UNSPECIFIED,PAGE_FETCH_STATE_UNSPECIFIED,,,,,,0,0,0,false,
https://miltonly.com/streets/walnut-landing-milton,other,NEUTRAL,URL is unknown to Google,INDEXING_STATE_UNSPECIFIED,ROBOTS_TXT_STATE_UNSPECIFIED,PAGE_FETCH_STATE_UNSPECIFIED,,,,,,0,0,0,false,
https://miltonly.com/streets/ware-crescent-milton,discovered not indexed,NEUTRAL,Discovered - currently not indexed,INDEXING_STATE_UNSPECIFIED,ROBOTS_TXT_STATE_UNSPECIFIED,PAGE_FETCH_STATE_UNSPECIFIED,CRAWLING_USER_AGENT_UNSPECIFIED,,,,https://miltonly.com/sitemap-index.xml https://miltonly.com/sitemap.xml,1,0,0,false,
https://miltonly.com/streets/watercress-way-milton,discovered not indexed,NEUTRAL,Discovered - currently not indexed,INDEXING_STATE_UNSPECIFIED,ROBOTS_TXT_STATE_UNSPECIFIED,PAGE_FETCH_STATE_UNSPECIFIED,CRAWLING_USER_AGENT_UNSPECIFIED,,,,https://miltonly.com/sitemap-index.xml https://miltonly.com/sitemap.xml,0,0,0,false,
https://miltonly.com/streets/waters-boulevard-milton,other,NEUTRAL,URL is unknown to Google,INDEXING_STATE_UNSPECIFIED,ROBOTS_TXT_STATE_UNSPECIFIED,PAGE_FETCH_STATE_UNSPECIFIED,,,,,,0,0,0,false,
https://miltonly.com/streets/watson-terrace-milton,discovered not indexed,NEUTRAL,Discovered - currently not indexed,INDEXING_STATE_UNSPECIFIED,ROBOTS_TXT_STATE_UNSPECIFIED,PAGE_FETCH_STATE_UNSPECIFIED,CRAWLING_USER_AGENT_UNSPECIFIED,,,,https://miltonly.com/sitemap-index.xml https://miltonly.com/sitemap.xml,0,0,0,false,
https://miltonly.com/streets/weller-crossing-milton,discovered not indexed,NEUTRAL,Discovered - currently not indexed,INDEXING_STATE_UNSPECIFIED,ROBOTS_TXT_STATE_UNSPECIFIED,PAGE_FETCH_STATE_UNSPECIFIED,CRAWLING_USER_AGENT_UNSPECIFIED,,,,https://miltonly.com/sitemap-index.xml https://miltonly.com/sitemap.xml,1,0,0,true,
https://miltonly.com/streets/wellwood-terrace-milton,discovered not indexed,NEUTRAL,Discovered - currently not indexed,INDEXING_STATE_UNSPECIFIED,ROBOTS_TXT_STATE_UNSPECIFIED,PAGE_FETCH_STATE_UNSPECIFIED,CRAWLING_USER_AGENT_UNSPECIFIED,,,,https://miltonly.com/sitemap-index.xml https://miltonly.com/sitemap.xml,1,0,0,false,
https://miltonly.com/streets/weston-drive-milton,indexed,PASS,Submitted and indexed,INDEXING_ALLOWED,ALLOWED,SUCCESSFUL,MOBILE,2026-09-06T14:39:28Z,https://miltonly.com/streets/weston-drive-milton,https://miltonly.com/streets/weston-drive-milton,,0,6,0,false,
https://miltonly.com/streets/wetenhall-landing-milton,discovered not indexed,NEUTRAL,Discovered - currently not indexed,INDEXING_STATE_UNSPECIFIED,ROBOTS_TXT_STATE_UNSPECIFIED,PAGE_FETCH_STATE_UNSPECIFIED,CRAWLING_USER_AGENT_UNSPECIFIED,,,,https://miltonly.com/sitemap-index.xml https://miltonly.com/sitemap.xml,2,0,0,true,
https://miltonly.com/streets/wettlaufer-terrace-milton,indexed,PASS,Submitted and indexed,INDEXING_ALLOWED,ALLOWED,SUCCESSFUL,MOBILE,2026-08-13T02:59:55Z,https://miltonly.com/streets/wettlaufer-terrace-milton,https://miltonly.com/streets/wettlaufer-terrace-milton,https://miltonly.com/sitemap-index.xml https://miltonly.com/sitemap.xml,1,57,1,false,
https://miltonly.com/streets/whaley-way-milton,discovered not indexed,NEUTRAL,Discovered - currently not indexed,INDEXING_STATE_UNSPECIFIED,ROBOTS_TXT_STATE_UNSPECIFIED,PAGE_FETCH_STATE_UNSPECIFIED,CRAWLING_USER_AGENT_UNSPECIFIED,,,,https://miltonly.com/sitemap-index.xml https://miltonly.com/sitemap.xml,1,0,0,false,
https://miltonly.com/streets/wheelihan-way-milton,discovered not indexed,NEUTRAL,Discovered - currently not indexed,INDEXING_STATE_UNSPECIFIED,ROBOTS_TXT_STATE_UNSPECIFIED,PAGE_FETCH_STATE_UNSPECIFIED,CRAWLING_USER_AGENT_UNSPECIFIED,,,,https://miltonly.com/sitemap-index.xml https://miltonly.com/sitemap.xml,1,0,0,false,
https://miltonly.com/streets/whetham-heights-milton,other,NEUTRAL,Duplicate without user-selected canonical,INDEXING_ALLOWED,ALLOWED,SUCCESSFUL,MOBILE,2026-09-06T18:14:40Z,https://www.747live.bet/,,https://miltonly.com/sitemap-index.xml https://miltonly.com/sitemap.xml,0,0,0,false,
https://miltonly.com/streets/white-drive-milton,discovered not indexed,NEUTRAL,Discovered - currently not indexed,INDEXING_STATE_UNSPECIFIED,ROBOTS_TXT_STATE_UNSPECIFIED,PAGE_FETCH_STATE_UNSPECIFIED,CRAWLING_USER_AGENT_UNSPECIFIED,,,,https://miltonly.com/sitemap-index.xml https://miltonly.com/sitemap.xml,0,0,0,false,
https://miltonly.com/streets/whitlock-avenue-milton,discovered not indexed,NEUTRAL,Discovered - currently not indexed,INDEXING_STATE_UNSPECIFIED,ROBOTS_TXT_STATE_UNSPECIFIED,PAGE_FETCH_STATE_UNSPECIFIED,CRAWLING_USER_AGENT_UNSPECIFIED,,,,https://miltonly.com/sitemap-index.xml https://miltonly.com/sitemap-index.xml https://miltonly.com/sitemap.xml,1,0,0,false,
https://miltonly.com/streets/whitmer-street-milton,discovered not indexed,NEUTRAL,Discovered - currently not indexed,INDEXING_STATE_UNSPECIFIED,ROBOTS_TXT_STATE_UNSPECIFIED,PAGE_FETCH_STATE_UNSPECIFIED,CRAWLING_USER_AGENT_UNSPECIFIED,,,,https://miltonly.com/sitemap-index.xml https://miltonly.com/sitemap.xml,1,0,0,false,
https://miltonly.com/streets/whitney-terrace-milton,discovered not indexed,NEUTRAL,Discovered - currently not indexed,INDEXING_STATE_UNSPECIFIED,ROBOTS_TXT_STATE_UNSPECIFIED,PAGE_FETCH_STATE_UNSPECIFIED,CRAWLING_USER_AGENT_UNSPECIFIED,,,,https://miltonly.com/sitemap-index.xml https://miltonly.com/sitemap.xml,0,0,0,false,
https://miltonly.com/streets/wickson-way-milton,discovered not indexed,NEUTRAL,Discovered - currently not indexed,INDEXING_STATE_UNSPECIFIED,ROBOTS_TXT_STATE_UNSPECIFIED,PAGE_FETCH_STATE_UNSPECIFIED,CRAWLING_USER_AGENT_UNSPECIFIED,,,,https://miltonly.com/sitemap-index.xml https://miltonly.com/sitemap.xml,1,0,0,false,
https://miltonly.com/streets/wilks-landing-milton,discovered not indexed,NEUTRAL,Discovered - currently not indexed,INDEXING_STATE_UNSPECIFIED,ROBOTS_TXT_STATE_UNSPECIFIED,PAGE_FETCH_STATE_UNSPECIFIED,CRAWLING_USER_AGENT_UNSPECIFIED,,,,https://miltonly.com/sitemap-index.xml https://miltonly.com/sitemap.xml,0,0,0,false,
https://miltonly.com/streets/willet-terrace-milton,discovered not indexed,NEUTRAL,Discovered - currently not indexed,INDEXING_STATE_UNSPECIFIED,ROBOTS_TXT_STATE_UNSPECIFIED,PAGE_FETCH_STATE_UNSPECIFIED,CRAWLING_USER_AGENT_UNSPECIFIED,,,,https://miltonly.com/sitemap-index.xml https://miltonly.com/sitemap.xml,1,0,0,false,
https://miltonly.com/streets/williams-avenue-milton,indexed,PASS,Submitted and indexed,INDEXING_ALLOWED,ALLOWED,SUCCESSFUL,MOBILE,2026-08-30T09:27:51Z,https://miltonly.com/streets/williams-avenue-milton,https://miltonly.com/streets/williams-avenue-milton,,2,18,0,false,
https://miltonly.com/streets/willingdon-crescent-milton,other,NEUTRAL,URL is unknown to Google,INDEXING_STATE_UNSPECIFIED,ROBOTS_TXT_STATE_UNSPECIFIED,PAGE_FETCH_STATE_UNSPECIFIED,,,,,,0,0,0,false,
https://miltonly.com/streets/willmott-crescent-milton,discovered not indexed,NEUTRAL,Discovered - currently not indexed,INDEXING_STATE_UNSPECIFIED,ROBOTS_TXT_STATE_UNSPECIFIED,PAGE_FETCH_STATE_UNSPECIFIED,CRAWLING_USER_AGENT_UNSPECIFIED,,,,https://miltonly.com/sitemap-index.xml https://miltonly.com/sitemap.xml,0,0,0,false,
https://miltonly.com/streets/willow-avenue-milton,discovered not indexed,NEUTRAL,Discovered - currently not indexed,INDEXING_STATE_UNSPECIFIED,ROBOTS_TXT_STATE_UNSPECIFIED,PAGE_FETCH_STATE_UNSPECIFIED,CRAWLING_USER_AGENT_UNSPECIFIED,,,,https://miltonly.com/sitemap-index.xml https://miltonly.com/sitemap.xml,1,0,0,false,
https://miltonly.com/streets/wilson-drive-milton,indexed,PASS,Submitted and indexed,INDEXING_ALLOWED,ALLOWED,SUCCESSFUL,MOBILE,2026-07-26T19:00:35Z,https://miltonly.com/streets/wilson-drive-milton,https://miltonly.com/streets/wilson-drive-milton,https://miltonly.com/sitemap-index.xml https://miltonly.com/sitemap.xml,0,9,0,false,
https://miltonly.com/streets/winn-trail-milton,other,NEUTRAL,URL is unknown to Google,INDEXING_STATE_UNSPECIFIED,ROBOTS_TXT_STATE_UNSPECIFIED,PAGE_FETCH_STATE_UNSPECIFIED,,,,,,0,0,0,false,
https://miltonly.com/streets/winter-crescent-milton,indexed,PASS,Submitted and indexed,INDEXING_ALLOWED,ALLOWED,SUCCESSFUL,MOBILE,2026-08-30T14:52:19Z,https://miltonly.com/streets/winter-crescent-milton,https://miltonly.com/streets/winter-crescent-milton,https://miltonly.com/sitemap-index.xml https://miltonly.com/sitemap.xml,1,32,0,false,
https://miltonly.com/streets/wintergreen-place-milton,discovered not indexed,NEUTRAL,Discovered - currently not indexed,INDEXING_STATE_UNSPECIFIED,ROBOTS_TXT_STATE_UNSPECIFIED,PAGE_FETCH_STATE_UNSPECIFIED,CRAWLING_USER_AGENT_UNSPECIFIED,,,,https://miltonly.com/sitemap-index.xml https://miltonly.com/sitemap.xml,2,0,0,false,
https://miltonly.com/streets/wise-crossing-milton,discovered not indexed,NEUTRAL,Discovered - currently not indexed,INDEXING_STATE_UNSPECIFIED,ROBOTS_TXT_STATE_UNSPECIFIED,PAGE_FETCH_STATE_UNSPECIFIED,CRAWLING_USER_AGENT_UNSPECIFIED,,,,https://miltonly.com/sitemap-index.xml https://miltonly.com/sitemap.xml,0,0,0,true,
https://miltonly.com/streets/woodlawn-crescent-milton,other,NEUTRAL,URL is unknown to Google,INDEXING_STATE_UNSPECIFIED,ROBOTS_TXT_STATE_UNSPECIFIED,PAGE_FETCH_STATE_UNSPECIFIED,,,,,,0,0,0,false,
https://miltonly.com/streets/woodley-crescent-milton,discovered not indexed,NEUTRAL,Discovered - currently not indexed,INDEXING_STATE_UNSPECIFIED,ROBOTS_TXT_STATE_UNSPECIFIED,PAGE_FETCH_STATE_UNSPECIFIED,CRAWLING_USER_AGENT_UNSPECIFIED,,,,https://miltonly.com/sitemap-index.xml https://miltonly.com/sitemap.xml,0,0,0,false,
https://miltonly.com/streets/woodward-avenue-milton,discovered not indexed,NEUTRAL,Discovered - currently not indexed,INDEXING_STATE_UNSPECIFIED,ROBOTS_TXT_STATE_UNSPECIFIED,PAGE_FETCH_STATE_UNSPECIFIED,CRAWLING_USER_AGENT_UNSPECIFIED,,,,https://miltonly.com/sitemap-index.xml https://miltonly.com/sitemap-index.xml https://miltonly.com/sitemap.xml,1,0,0,false,
https://miltonly.com/streets/wrigglesworth-crescent-milton,discovered not indexed,NEUTRAL,Discovered - currently not indexed,INDEXING_STATE_UNSPECIFIED,ROBOTS_TXT_STATE_UNSPECIFIED,PAGE_FETCH_STATE_UNSPECIFIED,CRAWLING_USER_AGENT_UNSPECIFIED,,,,https://miltonly.com/sitemap-index.xml https://miltonly.com/sitemap.xml,0,0,0,false,
https://miltonly.com/streets/yates-drive-milton,other,NEUTRAL,URL is unknown to Google,INDEXING_STATE_UNSPECIFIED,ROBOTS_TXT_STATE_UNSPECIFIED,PAGE_FETCH_STATE_UNSPECIFIED,,,,,,0,0,0,false,
https://miltonly.com/streets/zelinsky-crescent-milton,discovered not indexed,NEUTRAL,Discovered - currently not indexed,INDEXING_STATE_UNSPECIFIED,ROBOTS_TXT_STATE_UNSPECIFIED,PAGE_FETCH_STATE_UNSPECIFIED,CRAWLING_USER_AGENT_UNSPECIFIED,,,,https://miltonly.com/sitemap-index.xml https://miltonly.com/sitemap.xml,2,0,0,false,
https://miltonly.com/streets/zilio-terrace-milton,indexed,PASS,Submitted and indexed,INDEXING_ALLOWED,ALLOWED,SUCCESSFUL,MOBILE,2026-09-26T14:29:09Z,https://miltonly.com/streets/zilio-terrace-milton,https://miltonly.com/streets/zilio-terrace-milton,https://miltonly.com/sitemap-index.xml https://miltonly.com/sitemap.xml,1,177,11,true,
https://miltonly.com/streets/zimmerman-crescent-milton,discovered not indexed,NEUTRAL,Discovered - currently not indexed,INDEXING_STATE_UNSPECIFIED,ROBOTS_TXT_STATE_UNSPECIFIED,PAGE_FETCH_STATE_UNSPECIFIED,CRAWLING_USER_AGENT_UNSPECIFIED,,,,https://miltonly.com/sitemap-index.xml https://miltonly.com/sitemap.xml,0,0,0,false,
https://miltonly.com/streets/zuest-crescent-milton,indexed,PASS,Submitted and indexed,INDEXING_ALLOWED,ALLOWED,SUCCESSFUL,MOBILE,2026-08-30T02:41:48Z,https://miltonly.com/streets/zuest-crescent-milton,https://miltonly.com/streets/zuest-crescent-milton,,1,10,0,false,
